-- MySQL dump 10.13  Distrib 5.7.27, for Linux (x86_64)
--
-- Host: PanyCompany.mysql.pythonanywhere-services.com    Database: PanyCompany$DB01
-- ------------------------------------------------------
-- Server version	5.7.41-log

/*!40101 SET @OLD_CHARACTER_SET_CLIENT=@@CHARACTER_SET_CLIENT */;
/*!40101 SET @OLD_CHARACTER_SET_RESULTS=@@CHARACTER_SET_RESULTS */;
/*!40101 SET @OLD_COLLATION_CONNECTION=@@COLLATION_CONNECTION */;
/*!40101 SET NAMES utf8 */;
/*!40103 SET @OLD_TIME_ZONE=@@TIME_ZONE */;
/*!40103 SET TIME_ZONE='+00:00' */;
/*!40014 SET @OLD_UNIQUE_CHECKS=@@UNIQUE_CHECKS, UNIQUE_CHECKS=0 */;
/*!40014 SET @OLD_FOREIGN_KEY_CHECKS=@@FOREIGN_KEY_CHECKS, FOREIGN_KEY_CHECKS=0 */;
/*!40101 SET @OLD_SQL_MODE=@@SQL_MODE, SQL_MODE='NO_AUTO_VALUE_ON_ZERO' */;
/*!40111 SET @OLD_SQL_NOTES=@@SQL_NOTES, SQL_NOTES=0 */;

--
-- Table structure for table `admin_interface_theme`
--

DROP TABLE IF EXISTS `admin_interface_theme`;
/*!40101 SET @saved_cs_client     = @@character_set_client */;
/*!40101 SET character_set_client = utf8 */;
CREATE TABLE `admin_interface_theme` (
  `id` int(11) NOT NULL AUTO_INCREMENT,
  `name` varchar(50) NOT NULL,
  `active` tinyint(1) NOT NULL,
  `title` varchar(50) NOT NULL,
  `title_visible` tinyint(1) NOT NULL,
  `logo` varchar(100) NOT NULL,
  `logo_visible` tinyint(1) NOT NULL,
  `css_header_background_color` varchar(10) NOT NULL,
  `title_color` varchar(10) NOT NULL,
  `css_header_text_color` varchar(10) NOT NULL,
  `css_header_link_color` varchar(10) NOT NULL,
  `css_header_link_hover_color` varchar(10) NOT NULL,
  `css_module_background_color` varchar(10) NOT NULL,
  `css_module_text_color` varchar(10) NOT NULL,
  `css_module_link_color` varchar(10) NOT NULL,
  `css_module_link_hover_color` varchar(10) NOT NULL,
  `css_module_rounded_corners` tinyint(1) NOT NULL,
  `css_generic_link_color` varchar(10) NOT NULL,
  `css_generic_link_hover_color` varchar(10) NOT NULL,
  `css_save_button_background_color` varchar(10) NOT NULL,
  `css_save_button_background_hover_color` varchar(10) NOT NULL,
  `css_save_button_text_color` varchar(10) NOT NULL,
  `css_delete_button_background_color` varchar(10) NOT NULL,
  `css_delete_button_background_hover_color` varchar(10) NOT NULL,
  `css_delete_button_text_color` varchar(10) NOT NULL,
  `css` longtext NOT NULL,
  `list_filter_dropdown` tinyint(1) NOT NULL,
  `related_modal_active` tinyint(1) NOT NULL,
  `related_modal_background_color` varchar(10) NOT NULL,
  `related_modal_rounded_corners` tinyint(1) NOT NULL,
  `logo_color` varchar(10) NOT NULL,
  `recent_actions_visible` tinyint(1) NOT NULL,
  `favicon` varchar(100) NOT NULL,
  `related_modal_background_opacity` varchar(5) NOT NULL,
  `env_name` varchar(50) NOT NULL,
  `env_visible_in_header` tinyint(1) NOT NULL,
  `env_color` varchar(10) NOT NULL,
  `env_visible_in_favicon` tinyint(1) NOT NULL,
  `related_modal_close_button_visible` tinyint(1) NOT NULL,
  `language_chooser_active` tinyint(1) NOT NULL,
  `language_chooser_display` varchar(10) NOT NULL,
  `list_filter_sticky` tinyint(1) NOT NULL,
  `form_pagination_sticky` tinyint(1) NOT NULL,
  `form_submit_sticky` tinyint(1) NOT NULL,
  `css_module_background_selected_color` varchar(10) NOT NULL,
  `css_module_link_selected_color` varchar(10) NOT NULL,
  PRIMARY KEY (`id`),
  UNIQUE KEY `admin_interface_theme_name_30bda70f_uniq` (`name`)
) ENGINE=InnoDB AUTO_INCREMENT=2 DEFAULT CHARSET=utf8;
/*!40101 SET character_set_client = @saved_cs_client */;

--
-- Dumping data for table `admin_interface_theme`
--

LOCK TABLES `admin_interface_theme` WRITE;
/*!40000 ALTER TABLE `admin_interface_theme` DISABLE KEYS */;
INSERT INTO `admin_interface_theme` VALUES (1,'PanyCompany',1,'PanyCompany Administration',1,'admin-interface/logo/PanyCompany_White_Logo.png',1,'#0C4B33','#FFED38','#44B78B','#FFFFFF','#C9F0DD','#44B78B','#FFFFFF','#FFFFFF','#C9F0DD',1,'#0C3C26','#156641','#0C4B33','#0C3C26','#FFFFFF','#BA2121','#A41515','#FFFFFF','',1,1,'#000000',1,'#FF6C8B',1,'','0.3','PanyCompany',1,'#E74C3C',1,1,1,'code',1,0,0,'#FFFFCC','#FFFFFF');
/*!40000 ALTER TABLE `admin_interface_theme` ENABLE KEYS */;
UNLOCK TABLES;

--
-- Table structure for table `auth_group`
--

DROP TABLE IF EXISTS `auth_group`;
/*!40101 SET @saved_cs_client     = @@character_set_client */;
/*!40101 SET character_set_client = utf8 */;
CREATE TABLE `auth_group` (
  `id` int(11) NOT NULL AUTO_INCREMENT,
  `name` varchar(150) NOT NULL,
  PRIMARY KEY (`id`),
  UNIQUE KEY `name` (`name`)
) ENGINE=InnoDB DEFAULT CHARSET=utf8;
/*!40101 SET character_set_client = @saved_cs_client */;

--
-- Dumping data for table `auth_group`
--

LOCK TABLES `auth_group` WRITE;
/*!40000 ALTER TABLE `auth_group` DISABLE KEYS */;
/*!40000 ALTER TABLE `auth_group` ENABLE KEYS */;
UNLOCK TABLES;

--
-- Table structure for table `auth_group_permissions`
--

DROP TABLE IF EXISTS `auth_group_permissions`;
/*!40101 SET @saved_cs_client     = @@character_set_client */;
/*!40101 SET character_set_client = utf8 */;
CREATE TABLE `auth_group_permissions` (
  `id` int(11) NOT NULL AUTO_INCREMENT,
  `group_id` int(11) NOT NULL,
  `permission_id` int(11) NOT NULL,
  PRIMARY KEY (`id`),
  UNIQUE KEY `auth_group_permissions_group_id_permission_id_0cd325b0_uniq` (`group_id`,`permission_id`),
  KEY `auth_group_permissio_permission_id_84c5c92e_fk_auth_perm` (`permission_id`),
  CONSTRAINT `auth_group_permissio_permission_id_84c5c92e_fk_auth_perm` FOREIGN KEY (`permission_id`) REFERENCES `auth_permission` (`id`),
  CONSTRAINT `auth_group_permissions_group_id_b120cbf9_fk_auth_group_id` FOREIGN KEY (`group_id`) REFERENCES `auth_group` (`id`)
) ENGINE=InnoDB DEFAULT CHARSET=utf8;
/*!40101 SET character_set_client = @saved_cs_client */;

--
-- Dumping data for table `auth_group_permissions`
--

LOCK TABLES `auth_group_permissions` WRITE;
/*!40000 ALTER TABLE `auth_group_permissions` DISABLE KEYS */;
/*!40000 ALTER TABLE `auth_group_permissions` ENABLE KEYS */;
UNLOCK TABLES;

--
-- Table structure for table `auth_permission`
--

DROP TABLE IF EXISTS `auth_permission`;
/*!40101 SET @saved_cs_client     = @@character_set_client */;
/*!40101 SET character_set_client = utf8 */;
CREATE TABLE `auth_permission` (
  `id` int(11) NOT NULL AUTO_INCREMENT,
  `name` varchar(255) NOT NULL,
  `content_type_id` int(11) NOT NULL,
  `codename` varchar(100) NOT NULL,
  PRIMARY KEY (`id`),
  UNIQUE KEY `auth_permission_content_type_id_codename_01ab375a_uniq` (`content_type_id`,`codename`),
  CONSTRAINT `auth_permission_content_type_id_2f476e4b_fk_django_co` FOREIGN KEY (`content_type_id`) REFERENCES `django_content_type` (`id`)
) ENGINE=InnoDB AUTO_INCREMENT=73 DEFAULT CHARSET=utf8;
/*!40101 SET character_set_client = @saved_cs_client */;

--
-- Dumping data for table `auth_permission`
--

LOCK TABLES `auth_permission` WRITE;
/*!40000 ALTER TABLE `auth_permission` DISABLE KEYS */;
INSERT INTO `auth_permission` VALUES (1,'Can add brand',1,'add_brand'),(2,'Can change brand',1,'change_brand'),(3,'Can delete brand',1,'delete_brand'),(4,'Can view brand',1,'view_brand'),(5,'Can add category',2,'add_category'),(6,'Can change category',2,'change_category'),(7,'Can delete category',2,'delete_category'),(8,'Can view category',2,'view_category'),(9,'Can add customer testimonial',3,'add_customertestimonial'),(10,'Can change customer testimonial',3,'change_customertestimonial'),(11,'Can delete customer testimonial',3,'delete_customertestimonial'),(12,'Can view customer testimonial',3,'view_customertestimonial'),(13,'Can add expert',4,'add_expert'),(14,'Can change expert',4,'change_expert'),(15,'Can delete expert',4,'delete_expert'),(16,'Can view expert',4,'view_expert'),(17,'Can add product',5,'add_product'),(18,'Can change product',5,'change_product'),(19,'Can delete product',5,'delete_product'),(20,'Can view product',5,'view_product'),(21,'Can add sale point',6,'add_salepoint'),(22,'Can change sale point',6,'change_salepoint'),(23,'Can delete sale point',6,'delete_salepoint'),(24,'Can view sale point',6,'view_salepoint'),(25,'Can add theme',7,'add_theme'),(26,'Can change theme',7,'change_theme'),(27,'Can delete theme',7,'delete_theme'),(28,'Can view theme',7,'view_theme'),(29,'Can add project',8,'add_project'),(30,'Can change project',8,'change_project'),(31,'Can delete project',8,'delete_project'),(32,'Can view project',8,'view_project'),(33,'Can add Theme',9,'add_theme'),(34,'Can change Theme',9,'change_theme'),(35,'Can delete Theme',9,'delete_theme'),(36,'Can view Theme',9,'view_theme'),(37,'Can add log entry',10,'add_logentry'),(38,'Can change log entry',10,'change_logentry'),(39,'Can delete log entry',10,'delete_logentry'),(40,'Can view log entry',10,'view_logentry'),(41,'Can add permission',11,'add_permission'),(42,'Can change permission',11,'change_permission'),(43,'Can delete permission',11,'delete_permission'),(44,'Can view permission',11,'view_permission'),(45,'Can add group',12,'add_group'),(46,'Can change group',12,'change_group'),(47,'Can delete group',12,'delete_group'),(48,'Can view group',12,'view_group'),(49,'Can add user',13,'add_user'),(50,'Can change user',13,'change_user'),(51,'Can delete user',13,'delete_user'),(52,'Can view user',13,'view_user'),(53,'Can add content type',14,'add_contenttype'),(54,'Can change content type',14,'change_contenttype'),(55,'Can delete content type',14,'delete_contenttype'),(56,'Can view content type',14,'view_contenttype'),(57,'Can add session',15,'add_session'),(58,'Can change session',15,'change_session'),(59,'Can delete session',15,'delete_session'),(60,'Can view session',15,'view_session'),(61,'Can add site',16,'add_site'),(62,'Can change site',16,'change_site'),(63,'Can delete site',16,'delete_site'),(64,'Can view site',16,'view_site'),(65,'Can add annual catalogue',17,'add_annualcatalogue'),(66,'Can change annual catalogue',17,'change_annualcatalogue'),(67,'Can delete annual catalogue',17,'delete_annualcatalogue'),(68,'Can view annual catalogue',17,'view_annualcatalogue'),(69,'Can add pdffile',18,'add_pdffile'),(70,'Can change pdffile',18,'change_pdffile'),(71,'Can delete pdffile',18,'delete_pdffile'),(72,'Can view pdffile',18,'view_pdffile');
/*!40000 ALTER TABLE `auth_permission` ENABLE KEYS */;
UNLOCK TABLES;

--
-- Table structure for table `auth_user`
--

DROP TABLE IF EXISTS `auth_user`;
/*!40101 SET @saved_cs_client     = @@character_set_client */;
/*!40101 SET character_set_client = utf8 */;
CREATE TABLE `auth_user` (
  `id` int(11) NOT NULL AUTO_INCREMENT,
  `password` varchar(128) NOT NULL,
  `last_login` datetime(6) DEFAULT NULL,
  `is_superuser` tinyint(1) NOT NULL,
  `username` varchar(150) NOT NULL,
  `first_name` varchar(150) NOT NULL,
  `last_name` varchar(150) NOT NULL,
  `email` varchar(254) NOT NULL,
  `is_staff` tinyint(1) NOT NULL,
  `is_active` tinyint(1) NOT NULL,
  `date_joined` datetime(6) NOT NULL,
  PRIMARY KEY (`id`),
  UNIQUE KEY `username` (`username`)
) ENGINE=InnoDB AUTO_INCREMENT=5 DEFAULT CHARSET=utf8;
/*!40101 SET character_set_client = @saved_cs_client */;

--
-- Dumping data for table `auth_user`
--

LOCK TABLES `auth_user` WRITE;
/*!40000 ALTER TABLE `auth_user` DISABLE KEYS */;
INSERT INTO `auth_user` VALUES (1,'pbkdf2_sha256$260000$Wzu6fSAdiHwKjRlwEIoT8y$DwiNGDxc7U+yJPn56FVvoHIfSs/nMPYM9YYZXSk9Lc8=','2023-07-27 11:26:37.976508',1,'mehdi','','','pinktheory21@gmail.com',1,1,'2021-04-27 19:09:18.810984'),(2,'pbkdf2_sha256$260000$8gRioAJdz5oKkV5tLym2l9$DHw5hIsj4oCSuSZU4b1PnxPLEQUyZB6YBI+F6U04Klk=','2023-07-22 12:05:37.533750',0,'zaid','','','',1,1,'2021-04-29 15:28:56.000000'),(3,'pbkdf2_sha256$260000$lSbnblBxawj0qMvsTtY7Il$gPAUcOvx97bZjrfuauovN7O9iqDfyOF71LJHW3gPWzg=','2022-12-29 10:48:18.282794',0,'dashty','','','',1,1,'2021-04-29 15:29:53.000000'),(4,'pbkdf2_sha256$260000$VgmtwRYuMopS0NmIzqKfdb$59QAQ6q1UQtIJXzZLJIV0FBJyJ9ooalvfxMJOzYQJ/M=','2022-05-09 16:10:21.000000',0,'Test','','','',1,1,'2022-05-09 16:08:44.000000');
/*!40000 ALTER TABLE `auth_user` ENABLE KEYS */;
UNLOCK TABLES;

--
-- Table structure for table `auth_user_groups`
--

DROP TABLE IF EXISTS `auth_user_groups`;
/*!40101 SET @saved_cs_client     = @@character_set_client */;
/*!40101 SET character_set_client = utf8 */;
CREATE TABLE `auth_user_groups` (
  `id` int(11) NOT NULL AUTO_INCREMENT,
  `user_id` int(11) NOT NULL,
  `group_id` int(11) NOT NULL,
  PRIMARY KEY (`id`),
  UNIQUE KEY `auth_user_groups_user_id_group_id_94350c0c_uniq` (`user_id`,`group_id`),
  KEY `auth_user_groups_group_id_97559544_fk_auth_group_id` (`group_id`),
  CONSTRAINT `auth_user_groups_group_id_97559544_fk_auth_group_id` FOREIGN KEY (`group_id`) REFERENCES `auth_group` (`id`),
  CONSTRAINT `auth_user_groups_user_id_6a12ed8b_fk_auth_user_id` FOREIGN KEY (`user_id`) REFERENCES `auth_user` (`id`)
) ENGINE=InnoDB DEFAULT CHARSET=utf8;
/*!40101 SET character_set_client = @saved_cs_client */;

--
-- Dumping data for table `auth_user_groups`
--

LOCK TABLES `auth_user_groups` WRITE;
/*!40000 ALTER TABLE `auth_user_groups` DISABLE KEYS */;
/*!40000 ALTER TABLE `auth_user_groups` ENABLE KEYS */;
UNLOCK TABLES;

--
-- Table structure for table `auth_user_user_permissions`
--

DROP TABLE IF EXISTS `auth_user_user_permissions`;
/*!40101 SET @saved_cs_client     = @@character_set_client */;
/*!40101 SET character_set_client = utf8 */;
CREATE TABLE `auth_user_user_permissions` (
  `id` int(11) NOT NULL AUTO_INCREMENT,
  `user_id` int(11) NOT NULL,
  `permission_id` int(11) NOT NULL,
  PRIMARY KEY (`id`),
  UNIQUE KEY `auth_user_user_permissions_user_id_permission_id_14a6b632_uniq` (`user_id`,`permission_id`),
  KEY `auth_user_user_permi_permission_id_1fbb5f2c_fk_auth_perm` (`permission_id`),
  CONSTRAINT `auth_user_user_permi_permission_id_1fbb5f2c_fk_auth_perm` FOREIGN KEY (`permission_id`) REFERENCES `auth_permission` (`id`),
  CONSTRAINT `auth_user_user_permissions_user_id_a95ead1b_fk_auth_user_id` FOREIGN KEY (`user_id`) REFERENCES `auth_user` (`id`)
) ENGINE=InnoDB AUTO_INCREMENT=157 DEFAULT CHARSET=utf8;
/*!40101 SET character_set_client = @saved_cs_client */;

--
-- Dumping data for table `auth_user_user_permissions`
--

LOCK TABLES `auth_user_user_permissions` WRITE;
/*!40000 ALTER TABLE `auth_user_user_permissions` DISABLE KEYS */;
INSERT INTO `auth_user_user_permissions` VALUES (38,2,1),(39,2,2),(40,2,3),(41,2,4),(42,2,5),(43,2,6),(44,2,7),(45,2,8),(46,2,9),(47,2,10),(48,2,11),(49,2,12),(50,2,13),(51,2,14),(52,2,15),(53,2,16),(54,2,17),(55,2,18),(56,2,19),(57,2,20),(58,2,21),(59,2,22),(60,2,23),(61,2,24),(62,2,25),(63,2,26),(64,2,27),(65,2,28),(66,2,29),(67,2,30),(68,2,31),(69,2,32),(70,2,56),(71,2,64),(141,2,65),(142,2,66),(143,2,67),(144,2,68),(145,2,69),(146,2,70),(147,2,71),(148,2,72),(1,3,1),(2,3,2),(3,3,3),(4,3,4),(5,3,5),(6,3,6),(7,3,7),(8,3,8),(9,3,9),(10,3,10),(11,3,11),(12,3,12),(13,3,13),(14,3,14),(15,3,15),(16,3,16),(17,3,17),(18,3,18),(19,3,19),(20,3,20),(21,3,21),(22,3,22),(23,3,23),(24,3,24),(25,3,25),(26,3,26),(27,3,27),(28,3,28),(29,3,29),(30,3,30),(31,3,31),(32,3,32),(33,3,36),(34,3,40),(35,3,56),(36,3,60),(37,3,64),(149,3,65),(150,3,66),(151,3,67),(152,3,68),(153,3,69),(154,3,70),(155,3,71),(156,3,72),(72,4,1),(73,4,2),(74,4,3),(75,4,4),(76,4,5),(77,4,6),(78,4,7),(79,4,8),(80,4,9),(81,4,10),(82,4,11),(83,4,12),(84,4,13),(85,4,14),(86,4,15),(87,4,16),(88,4,17),(89,4,18),(90,4,19),(91,4,20),(92,4,21),(93,4,22),(94,4,23),(95,4,24),(96,4,25),(97,4,26),(98,4,27),(99,4,28),(100,4,29),(101,4,30),(102,4,31),(103,4,32),(104,4,33),(105,4,34),(106,4,35),(107,4,36),(108,4,37),(109,4,38),(110,4,39),(111,4,40),(112,4,41),(113,4,42),(114,4,43),(115,4,44),(116,4,45),(117,4,46),(118,4,47),(119,4,48),(120,4,52),(121,4,53),(122,4,54),(123,4,55),(124,4,56),(125,4,57),(126,4,58),(127,4,59),(128,4,60),(129,4,61),(130,4,62),(131,4,63),(132,4,64);
/*!40000 ALTER TABLE `auth_user_user_permissions` ENABLE KEYS */;
UNLOCK TABLES;

--
-- Table structure for table `django_admin_log`
--

DROP TABLE IF EXISTS `django_admin_log`;
/*!40101 SET @saved_cs_client     = @@character_set_client */;
/*!40101 SET character_set_client = utf8 */;
CREATE TABLE `django_admin_log` (
  `id` int(11) NOT NULL AUTO_INCREMENT,
  `action_time` datetime(6) NOT NULL,
  `object_id` longtext,
  `object_repr` varchar(200) NOT NULL,
  `action_flag` smallint(5) unsigned NOT NULL,
  `change_message` longtext NOT NULL,
  `content_type_id` int(11) DEFAULT NULL,
  `user_id` int(11) NOT NULL,
  PRIMARY KEY (`id`),
  KEY `django_admin_log_content_type_id_c4bce8eb_fk_django_co` (`content_type_id`),
  KEY `django_admin_log_user_id_c564eba6_fk_auth_user_id` (`user_id`),
  CONSTRAINT `django_admin_log_content_type_id_c4bce8eb_fk_django_co` FOREIGN KEY (`content_type_id`) REFERENCES `django_content_type` (`id`),
  CONSTRAINT `django_admin_log_user_id_c564eba6_fk_auth_user_id` FOREIGN KEY (`user_id`) REFERENCES `auth_user` (`id`)
) ENGINE=InnoDB AUTO_INCREMENT=1770 DEFAULT CHARSET=utf8;
/*!40101 SET character_set_client = @saved_cs_client */;

--
-- Dumping data for table `django_admin_log`
--

LOCK TABLES `django_admin_log` WRITE;
/*!40000 ALTER TABLE `django_admin_log` DISABLE KEYS */;
INSERT INTO `django_admin_log` VALUES (1,'2021-04-27 19:54:42.833367','1','theme_1',1,'[{\"added\": {}}]',7,1),(2,'2021-04-27 19:57:13.098223','1','Kalekim',1,'[{\"added\": {}}]',1,1),(3,'2021-04-27 19:59:00.519494','2','Izocam',1,'[{\"added\": {}}]',1,1),(4,'2021-04-27 19:59:07.452832','2','Izocam',2,'[]',1,1),(5,'2021-04-27 19:59:45.168057','3','Yurtbay',1,'[{\"added\": {}}]',1,1),(6,'2021-04-27 20:00:10.293745','4','Momentum',1,'[{\"added\": {}}]',1,1),(7,'2021-04-27 20:01:07.105117','5','ISONEM',1,'[{\"added\": {}}]',1,1),(8,'2021-04-27 20:01:32.768569','6','alcibay',1,'[{\"added\": {}}]',1,1),(9,'2021-04-27 20:01:49.900950','7','Tessay',1,'[{\"added\": {}}]',1,1),(10,'2021-04-27 20:02:41.691630','1','Kalekim',2,'[{\"changed\": {\"fields\": [\"Logo\", \"Logo hover\"]}}]',1,1),(11,'2021-04-27 20:08:15.491300','1','Category-01',1,'[{\"added\": {}}]',2,1),(12,'2021-04-27 20:08:26.068957','2','Category-02',1,'[{\"added\": {}}]',2,1),(13,'2021-04-27 20:08:37.147056','3','Category-03',1,'[{\"added\": {}}]',2,1),(14,'2021-04-27 20:08:41.161498','4','Category-04',1,'[{\"added\": {}}]',2,1),(15,'2021-04-27 20:08:51.080836','5','Category-05',1,'[{\"added\": {}}]',2,1),(16,'2021-04-27 20:08:55.165739','6','Category-06',1,'[{\"added\": {}}]',2,1),(17,'2021-04-27 20:28:02.209481','7','Tessay',2,'[{\"changed\": {\"fields\": [\"Image 1\"]}}]',1,1),(18,'2021-04-27 20:28:25.791644','3','Yurtbay',2,'[{\"changed\": {\"fields\": [\"Image 1\"]}}]',1,1),(19,'2021-04-27 20:28:52.709797','4','Momentum',2,'[{\"changed\": {\"fields\": [\"Image 1\"]}}]',1,1),(20,'2021-04-27 20:29:23.017380','1','Kalekim',2,'[{\"changed\": {\"fields\": [\"Image 1\"]}}]',1,1),(21,'2021-04-27 20:30:17.710538','2','Izocam',2,'[{\"changed\": {\"fields\": [\"Image 1\"]}}]',1,1),(22,'2021-04-27 20:30:35.409941','5','ISONEM',2,'[{\"changed\": {\"fields\": [\"Image 1\"]}}]',1,1),(23,'2021-04-27 20:30:58.629003','6','alcibay',2,'[{\"changed\": {\"fields\": [\"Image 1\"]}}]',1,1),(24,'2021-04-29 15:28:56.644477','2','zaid',1,'[{\"added\": {}}]',13,1),(25,'2021-04-29 15:29:54.126180','3','dashty',1,'[{\"added\": {}}]',13,1),(26,'2021-04-29 15:32:10.941892','3','dashty',2,'[{\"changed\": {\"fields\": [\"Staff status\", \"User permissions\"]}}]',13,1),(27,'2021-04-29 15:32:56.526642','2','zaid',2,'[{\"changed\": {\"fields\": [\"User permissions\"]}}]',13,1),(28,'2021-04-29 15:33:09.376630','2','zaid',2,'[{\"changed\": {\"fields\": [\"Staff status\"]}}]',13,1),(29,'2021-04-29 16:20:37.263936','1','Ultra Light-Weight',1,'[{\"added\": {}}]',5,1),(30,'2021-04-29 16:20:56.901216','1','Ultra Light-Weight',2,'[]',5,1),(31,'2021-04-29 16:22:03.348243','1','Ultra Light-Weight',2,'[{\"changed\": {\"fields\": [\"Image 1\"]}}]',5,1),(32,'2021-04-29 16:23:38.594668','1','Ultra Light-Weight',2,'[{\"changed\": {\"fields\": [\"Product manual\"]}}]',5,1),(33,'2021-04-29 16:23:47.358811','1','Ultra Light-Weight',2,'[]',5,1),(34,'2021-04-29 16:25:27.437167','2','R Value',1,'[{\"added\": {}}]',5,1),(35,'2021-04-29 20:11:56.370935','1','Mr. Bruce Wayne',1,'[{\"added\": {}}]',3,1),(36,'2021-04-29 20:12:08.378193','1','Mr. Bruce Wayne',2,'[{\"changed\": {\"fields\": [\"Image 1\"]}}]',3,1),(37,'2021-04-29 20:12:37.652633','1','Mr. Bruce Wayne',2,'[{\"changed\": {\"fields\": [\"Image 1\"]}}]',3,1),(38,'2021-04-29 20:13:13.582841','1','Mr. Bruce Wayne',2,'[]',3,1),(39,'2021-04-29 20:13:52.360485','2','Mrs. Sara Becker',1,'[{\"added\": {}}]',3,1),(40,'2021-04-29 20:16:26.706672','1','theme_1',2,'[{\"changed\": {\"fields\": [\"Quote title\", \"Quote text\", \"Intro title\", \"Intro description\", \"About us text\", \"About us name\", \"About us position\"]}}]',7,1),(41,'2021-04-29 20:18:02.711764','1','theme_1',2,'[{\"changed\": {\"fields\": [\"Why choose use 1 title\", \"Why choose use 1 text\", \"Why choose use 2 title\", \"Why choose use 2 text\", \"Why choose use 3 title\", \"Why choose use 3 text\"]}}]',7,1),(42,'2021-04-29 20:19:44.151392','1','theme_1',2,'[{\"changed\": {\"fields\": [\"Why choose use image\"]}}]',7,1),(43,'2021-04-29 20:20:03.571787','1','theme_1',2,'[{\"changed\": {\"fields\": [\"Why choose use image\"]}}]',7,1),(44,'2021-04-29 20:20:53.736873','1','theme_1',2,'[{\"changed\": {\"fields\": [\"About us image\", \"Why choose use image\"]}}]',7,1),(45,'2021-04-29 20:22:39.550875','1','theme_1',2,'[{\"changed\": {\"fields\": [\"Experience years image\", \"About us image\"]}}]',7,1),(46,'2021-04-29 20:42:37.904271','1','theme_1',2,'[{\"changed\": {\"fields\": [\"Background contact us\"]}}]',7,1),(47,'2021-04-30 08:40:18.960369','1','theme_1',2,'[{\"changed\": {\"fields\": [\"Footer image\"]}}]',7,1),(48,'2021-04-30 09:13:08.235227','1','Insulation Plaster',2,'[{\"changed\": {\"fields\": [\"Name\", \"Slug\"]}}]',2,1),(49,'2021-04-30 09:13:25.603177','2','Waterproofing',2,'[{\"changed\": {\"fields\": [\"Name\", \"Slug\"]}}]',2,1),(50,'2021-04-30 09:13:50.201396','3','Floor Coating',2,'[{\"changed\": {\"fields\": [\"Name\", \"Slug\"]}}]',2,1),(51,'2021-04-30 09:14:17.487370','4','Repair mortar and Adhesive',2,'[{\"changed\": {\"fields\": [\"Name\", \"Slug\"]}}]',2,1),(52,'2021-04-30 09:14:42.420575','5','Paints and Primer',2,'[{\"changed\": {\"fields\": [\"Name\", \"Slug\"]}}]',2,1),(53,'2021-04-30 09:30:13.858466','3','Flooring solution',2,'[{\"changed\": {\"fields\": [\"Name\", \"Slug\"]}}]',2,1),(54,'2021-04-30 09:31:14.486757','1','Thermal insulation',2,'[{\"changed\": {\"fields\": [\"Name\", \"Slug\"]}}]',2,1),(55,'2021-04-30 09:32:07.050490','5','Paints and decorative',2,'[{\"changed\": {\"fields\": [\"Name\", \"Slug\"]}}]',2,1),(56,'2021-04-30 09:32:54.826463','4','Epoxy and polyurethane',2,'[{\"changed\": {\"fields\": [\"Name\", \"Slug\"]}}]',2,1),(57,'2021-04-30 09:33:18.286006','6','Adhesive',2,'[{\"changed\": {\"fields\": [\"Name\", \"Slug\"]}}]',2,1),(58,'2021-04-30 09:33:34.340837','7','Tiles',1,'[{\"added\": {}}]',2,1),(59,'2021-04-30 09:33:44.579971','8','Sealant and foam',1,'[{\"added\": {}}]',2,1),(60,'2021-04-30 09:33:52.989209','9','Repair',1,'[{\"added\": {}}]',2,1),(61,'2021-04-30 09:34:00.990295','10','Additive',1,'[{\"added\": {}}]',2,1),(62,'2021-04-30 09:34:16.397422','11','Plaster',1,'[{\"added\": {}}]',2,1),(63,'2021-04-30 09:34:26.729391','12','Tile Profile',1,'[{\"added\": {}}]',2,1),(64,'2021-04-30 09:34:37.778550','13','Tools and accessories',1,'[{\"added\": {}}]',2,1),(65,'2021-04-30 09:49:50.546595','2','R Value',2,'[{\"changed\": {\"fields\": [\"Brand\"]}}]',5,1),(66,'2021-04-30 10:57:18.269232','1','theme_1',2,'[{\"changed\": {\"fields\": [\"Our category text\", \"Background categories\"]}}]',7,1),(67,'2021-05-01 08:37:52.129508','3','FN-50',1,'[{\"added\": {}}]',5,2),(68,'2021-05-01 08:38:30.205467','3','FN-50',2,'[{\"changed\": {\"fields\": [\"Order\"]}}]',5,2),(69,'2021-05-01 08:38:43.453991','1','Ultra Light-Weight',2,'[{\"changed\": {\"fields\": [\"Order\"]}}]',5,2),(70,'2021-05-01 08:40:36.440077','3','FN-50',2,'[{\"changed\": {\"fields\": [\"Image 1\", \"Packaging\"]}}]',5,2),(71,'2021-05-01 08:42:22.889750','3','FN-50',2,'[{\"changed\": {\"fields\": [\"Technical manual\"]}}]',5,2),(72,'2021-05-01 08:44:38.121757','1','Ultra Light-Weight',2,'[{\"changed\": {\"fields\": [\"Category\"]}}]',5,2),(73,'2021-05-01 08:47:48.088328','4','EcoFill',1,'[{\"added\": {}}]',5,2),(74,'2021-05-01 08:48:34.364472','4','EcoFill',2,'[{\"changed\": {\"fields\": [\"Status\"]}}]',5,2),(75,'2021-05-01 08:54:43.931273','5','Epoxy Self leveling T-POX 3100',1,'[{\"added\": {}}]',5,2),(76,'2021-05-01 08:59:44.280886','6','Epoxy Paint T-POX 3300',1,'[{\"added\": {}}]',5,2),(77,'2021-05-01 09:25:55.181836','7','Epoxy Primer T-POX 2000',1,'[{\"added\": {}}]',5,2),(78,'2021-05-01 10:04:56.905842','1','theme_1',2,'[{\"changed\": {\"fields\": [\"Slyder title 2\", \"Slyder text 2\"]}}]',7,2),(79,'2021-05-01 10:26:21.220910','4','Momentum',2,'[{\"changed\": {\"fields\": [\"Company bio\"]}}]',1,2),(80,'2021-05-01 10:30:46.598057','1','theme_1',2,'[{\"changed\": {\"fields\": [\"Slyder title 1\", \"Slyder text 1\"]}}]',7,2),(81,'2021-05-01 10:32:10.973249','1','theme_1',2,'[{\"changed\": {\"fields\": [\"Slyder title 6\", \"Slyder text 6\"]}}]',7,2),(82,'2021-05-01 10:36:25.460340','7','Epoxy Primer T-POX 2000',2,'[{\"changed\": {\"fields\": [\"Status\"]}}]',5,2),(83,'2021-05-01 15:39:05.436659','4','EcoFill',2,'[{\"changed\": {\"fields\": [\"Image 1\"]}}]',5,1),(84,'2021-05-01 15:40:10.323564','6','Epoxy Paint T-POX 3300',2,'[{\"changed\": {\"fields\": [\"Image 1\"]}}]',5,1),(85,'2021-05-01 15:40:29.955271','6','Epoxy Paint T-POX 3300',2,'[{\"changed\": {\"fields\": [\"Image 1\"]}}]',5,1),(86,'2021-05-01 16:29:24.639074','2','R Value',2,'[{\"changed\": {\"fields\": [\"Brand\"]}}]',5,1),(87,'2021-05-01 16:30:05.858335','1','Ultra Light-Weight',2,'[{\"changed\": {\"fields\": [\"Brand\"]}}]',5,1),(88,'2021-05-01 16:31:18.473880','2','R Value',2,'[{\"changed\": {\"fields\": [\"Image 1\"]}}]',5,1),(89,'2021-05-01 16:31:39.031105','2','R Value',2,'[{\"changed\": {\"fields\": [\"Image 1\"]}}]',5,1),(90,'2021-05-01 16:32:22.249805','1','Ultra Light-Weight',2,'[{\"changed\": {\"fields\": [\"Image 1\"]}}]',5,1),(91,'2021-05-01 16:32:44.813893','1','Ultra Light-Weight',2,'[{\"changed\": {\"fields\": [\"Image 1\"]}}]',5,1),(92,'2021-05-02 07:30:06.238821','1','theme_1',2,'[{\"changed\": {\"fields\": [\"Pany logo\"]}}]',7,3),(93,'2021-05-02 07:30:12.154166','1','theme_1',2,'[{\"changed\": {\"fields\": [\"Pany logo retina\"]}}]',7,3),(94,'2021-05-02 07:30:41.819119','1','theme_1',2,'[{\"changed\": {\"fields\": [\"Pany logo\"]}}]',7,3),(95,'2021-05-02 07:32:24.537213','1','theme_1',2,'[{\"changed\": {\"fields\": [\"Pany logo\"]}}]',7,3),(96,'2021-05-02 07:32:36.769372','1','theme_1',2,'[{\"changed\": {\"fields\": [\"Pany logo\"]}}]',7,3),(97,'2021-05-02 07:35:01.279847','1','theme_1',2,'[{\"changed\": {\"fields\": [\"Pany logo\"]}}]',7,3),(98,'2021-05-02 07:35:10.713691','1','theme_1',2,'[{\"changed\": {\"fields\": [\"Pany logo\"]}}]',7,3),(99,'2021-05-02 07:36:03.608336','1','theme_1',2,'[{\"changed\": {\"fields\": [\"Pany logo\"]}}]',7,3),(100,'2021-05-02 07:36:16.072813','1','theme_1',2,'[{\"changed\": {\"fields\": [\"Pany logo\"]}}]',7,3),(101,'2021-05-02 07:37:21.922719','1','theme_1',2,'[{\"changed\": {\"fields\": [\"Pany logo\"]}}]',7,3),(102,'2021-05-02 07:37:30.443269','1','theme_1',2,'[{\"changed\": {\"fields\": [\"Pany logo\"]}}]',7,3),(103,'2021-05-02 07:38:38.184335','1','theme_1',2,'[{\"changed\": {\"fields\": [\"Pany logo\"]}}]',7,3),(104,'2021-05-02 07:38:47.129469','1','theme_1',2,'[{\"changed\": {\"fields\": [\"Pany logo\"]}}]',7,3),(105,'2021-05-02 07:39:59.003556','1','theme_1',2,'[{\"changed\": {\"fields\": [\"Pany logo\"]}}]',7,3),(106,'2021-05-02 07:40:08.579363','1','theme_1',2,'[{\"changed\": {\"fields\": [\"Pany logo\"]}}]',7,3),(107,'2021-05-02 07:41:09.156090','1','theme_1',2,'[{\"changed\": {\"fields\": [\"Pany logo\"]}}]',7,3),(108,'2021-05-02 07:41:18.099520','1','theme_1',2,'[{\"changed\": {\"fields\": [\"Pany logo\"]}}]',7,3),(109,'2021-05-02 07:41:43.169717','1','theme_1',2,'[{\"changed\": {\"fields\": [\"Pany logo retina\"]}}]',7,3),(110,'2021-05-02 08:27:21.527482','1','theme_1',2,'[{\"changed\": {\"fields\": [\"Background categories\"]}}]',7,3),(111,'2021-05-02 08:28:45.883858','1','theme_1',2,'[{\"changed\": {\"fields\": [\"Background categories\"]}}]',7,3),(112,'2021-05-02 08:35:14.018145','1','theme_1',2,'[{\"changed\": {\"fields\": [\"Background contact us\"]}}]',7,3),(113,'2021-05-02 08:35:30.455359','1','theme_1',2,'[{\"changed\": {\"fields\": [\"Background contact us\"]}}]',7,3),(114,'2021-05-03 09:04:00.401844','14','Tile Grout',1,'[{\"added\": {}}]',2,2),(115,'2021-05-03 09:27:27.347918','2','Epoxy joint T-POX 3700',2,'[{\"changed\": {\"fields\": [\"Category\", \"Name\", \"Features\", \"Slug\", \"Description\", \"Packaging\", \"Technical manual\"]}}]',5,2),(116,'2021-05-03 09:30:06.867943','2','Epoxy joint T-POX 3700',2,'[{\"changed\": {\"fields\": [\"Image 1\"]}}]',5,2),(117,'2021-05-03 09:30:29.286451','2','Epoxy joint T-POX 3700',2,'[{\"changed\": {\"fields\": [\"Image 1\"]}}]',5,2),(118,'2021-05-03 09:54:14.013401','8','3151 ELASTICOOL',1,'[{\"added\": {}}]',5,2),(119,'2021-05-03 10:02:49.282532','1','theme_1',2,'[{\"changed\": {\"fields\": [\"About us name\", \"About us position\"]}}]',7,2),(120,'2021-05-03 10:07:26.544371','8','3151 ELASTICOOL',2,'[{\"changed\": {\"fields\": [\"Image 1\", \"Image 2\", \"Technical manual\", \"Product manual\"]}}]',5,2),(121,'2021-05-03 10:10:06.089723','1','theme_1',2,'[{\"changed\": {\"fields\": [\"About us signature\"]}}]',7,2),(122,'2021-05-03 10:10:46.993078','1','theme_1',2,'[{\"changed\": {\"fields\": [\"About us signature\"]}}]',7,2),(123,'2021-05-03 10:37:46.103224','6','Epoxy Paint T-POX 3300',2,'[{\"changed\": {\"fields\": [\"Image 1\"]}}]',5,2),(124,'2021-05-03 10:38:27.529726','6','Epoxy Paint T-POX 3300',2,'[{\"changed\": {\"fields\": [\"Image 1\"]}}]',5,2),(125,'2021-05-03 10:39:44.623965','5','Epoxy Self leveling T-POX 3100',2,'[{\"changed\": {\"fields\": [\"Image 1\"]}}]',5,2),(126,'2021-05-03 10:40:11.893743','5','Epoxy Self leveling T-POX 3100',2,'[{\"changed\": {\"fields\": [\"Image 1\"]}}]',5,2),(127,'2021-05-03 10:40:22.015303','2','Epoxy joint T-POX 3700',2,'[{\"changed\": {\"fields\": [\"Image 1\"]}}]',5,2),(128,'2021-05-03 10:40:44.812136','2','Epoxy joint T-POX 3700',2,'[{\"changed\": {\"fields\": [\"Image 1\"]}}]',5,2),(129,'2021-05-03 10:40:57.461827','7','Epoxy Primer T-POX 2000',2,'[{\"changed\": {\"fields\": [\"Image 1\"]}}]',5,2),(130,'2021-05-03 10:41:29.242024','7','Epoxy Primer T-POX 2000',2,'[{\"changed\": {\"fields\": [\"Image 1\"]}}]',5,2),(131,'2021-05-04 14:50:14.498941','1','Test Project 01',1,'[{\"added\": {}}]',8,1),(132,'2021-05-04 16:16:27.270940','1','Test Project 01',2,'[]',8,1),(133,'2021-05-04 20:19:12.016363','1','Test Project 01',2,'[{\"changed\": {\"fields\": [\"Categories\"]}}]',8,1),(134,'2021-05-04 20:37:44.493211','2','Test Project 02',1,'[{\"added\": {}}]',8,1),(135,'2021-05-04 20:39:58.181150','3','Test Project 03',1,'[{\"added\": {}}]',8,1),(136,'2021-05-04 20:40:46.239743','3','Test Project 03',2,'[{\"changed\": {\"fields\": [\"Order\"]}}]',8,1),(137,'2021-05-04 20:40:54.957489','1','Test Project 01',2,'[{\"changed\": {\"fields\": [\"Order\"]}}]',8,1),(138,'2021-05-05 09:44:57.035770','1','theme_1',2,'[{\"changed\": {\"fields\": [\"Pany logo\"]}}]',7,3),(139,'2021-05-05 09:45:02.473317','1','theme_1',2,'[{\"changed\": {\"fields\": [\"Pany logo retina\"]}}]',7,3),(140,'2021-05-05 09:45:17.347464','1','theme_1',2,'[{\"changed\": {\"fields\": [\"Pany logo\"]}}]',7,3),(141,'2021-05-05 09:45:25.395230','1','theme_1',2,'[{\"changed\": {\"fields\": [\"Pany logo retina\"]}}]',7,3),(142,'2021-05-05 09:56:13.341026','1','theme_1',2,'[{\"changed\": {\"fields\": [\"Slyder title 3\", \"Slyder text 3\", \"Slyder title 4\", \"Slyder text 4\", \"Slyder title 5\", \"Slyder text 5\"]}}]',7,3),(143,'2021-05-05 10:34:07.690502','7','Tessay',2,'[{\"changed\": {\"fields\": [\"Image 1\"]}}]',1,3),(144,'2021-05-05 10:34:42.079052','7','Tessay',2,'[{\"changed\": {\"fields\": [\"Image 1\"]}}]',1,3),(145,'2021-05-10 09:28:17.917254','1','theme_1',2,'[{\"changed\": {\"fields\": [\"Slyder title 7\", \"Slyder text 7\", \"Slyder title 8\", \"Slyder text 8\"]}}]',7,2),(146,'2021-05-10 10:02:16.160093','1','MOMENTUM FN50',2,'[{\"changed\": {\"fields\": [\"Name\", \"Slug\", \"Challenge\", \"Categories\", \"Products\", \"Image 1\", \"Image 2\"]}}]',8,2),(147,'2021-05-10 10:03:37.152764','1','MOMENTUM FN50',2,'[{\"changed\": {\"fields\": [\"Image 1\", \"Image 2\"]}}]',8,2),(148,'2021-05-10 10:48:25.262226','1','Dania City',2,'[{\"changed\": {\"fields\": [\"Name\", \"Slug\", \"Challenge\", \"Description 1\", \"Description 2\"]}}]',8,2),(149,'2021-05-10 10:52:25.451422','2','Empire Tower',2,'[{\"changed\": {\"fields\": [\"Name\", \"Categories\", \"Products\", \"Description 1\", \"Description 2\", \"Image 1\", \"Image 2\", \"Image 3\"]}}]',8,2),(150,'2021-05-10 10:56:24.413092','2','Empire Tower',2,'[{\"changed\": {\"fields\": [\"Image 1\", \"Image 2\", \"Image 3\"]}}]',8,2),(151,'2021-05-10 12:39:36.415610','1','theme_1',2,'[{\"changed\": {\"fields\": [\"Slyder text 8\"]}}]',7,3),(152,'2021-05-10 12:46:50.436632','1','theme_1',2,'[{\"changed\": {\"fields\": [\"Slyder image 7\"]}}]',7,3),(153,'2021-05-10 12:50:01.112668','1','theme_1',2,'[{\"changed\": {\"fields\": [\"Slyder image 8\"]}}]',7,3),(154,'2021-05-10 12:50:55.937850','1','theme_1',2,'[{\"changed\": {\"fields\": [\"Slyder text 8\"]}}]',7,3),(155,'2021-05-10 12:51:12.800062','1','theme_1',2,'[{\"changed\": {\"fields\": [\"Slyder text 7\"]}}]',7,3),(156,'2021-05-16 10:49:30.402282','1','Dania City',2,'[{\"changed\": {\"fields\": [\"Image 2\", \"Image 3\"]}}]',8,2),(157,'2021-05-16 10:50:03.117461','1','Dania City',2,'[{\"changed\": {\"fields\": [\"Image 2\", \"Image 3\"]}}]',8,2),(158,'2021-05-17 08:34:36.064115','1','Dastayofki',1,'[{\"added\": {}}]',6,1),(159,'2021-05-17 08:34:44.024628','1','Dastayofki',2,'[{\"changed\": {\"fields\": [\"Active\"]}}]',6,1),(160,'2021-05-17 08:35:44.999332','1','Mr. Bruce Wayne',2,'[{\"changed\": {\"fields\": [\"Testimonial\"]}}]',3,1),(161,'2021-05-17 08:36:08.837285','1','Mr. Bruce Wayne',2,'[{\"changed\": {\"fields\": [\"Testimonial\"]}}]',3,1),(162,'2021-05-18 20:21:18.637855','10','Additive',2,'[{\"changed\": {\"fields\": [\"Image 1\"]}}]',2,1),(163,'2021-05-18 20:21:25.510810','6','Adhesive',2,'[{\"changed\": {\"fields\": [\"Image 1\"]}}]',2,1),(164,'2021-05-18 20:21:31.027897','4','Epoxy and polyurethane',2,'[{\"changed\": {\"fields\": [\"Image 1\"]}}]',2,1),(165,'2021-05-18 20:21:36.752385','3','Flooring solution',2,'[{\"changed\": {\"fields\": [\"Image 1\"]}}]',2,1),(166,'2021-05-18 20:21:42.156891','5','Paints and decorative',2,'[{\"changed\": {\"fields\": [\"Image 1\"]}}]',2,1),(167,'2021-05-18 20:21:48.605434','11','Plaster',2,'[{\"changed\": {\"fields\": [\"Image 1\"]}}]',2,1),(168,'2021-05-18 20:25:29.317719','9','Repair',2,'[{\"changed\": {\"fields\": [\"Image 1\"]}}]',2,1),(169,'2021-05-18 20:25:33.810728','8','Sealant and foam',2,'[{\"changed\": {\"fields\": [\"Image 1\"]}}]',2,1),(170,'2021-05-18 20:25:38.041405','1','Thermal insulation',2,'[{\"changed\": {\"fields\": [\"Image 1\"]}}]',2,1),(171,'2021-05-18 20:25:42.519037','14','Tile Grout',2,'[{\"changed\": {\"fields\": [\"Image 1\"]}}]',2,1),(172,'2021-05-18 20:25:48.669921','12','Tile Profile',2,'[{\"changed\": {\"fields\": [\"Image 1\"]}}]',2,1),(173,'2021-05-18 20:25:53.636469','7','Tiles',2,'[{\"changed\": {\"fields\": [\"Image 1\"]}}]',2,1),(174,'2021-05-18 20:25:59.730555','13','Tools and accessories',2,'[{\"changed\": {\"fields\": [\"Image 1\"]}}]',2,1),(175,'2021-05-18 20:26:04.193798','2','Waterproofing',2,'[{\"changed\": {\"fields\": [\"Image 1\"]}}]',2,1),(176,'2021-05-20 08:38:04.646888','10','Additive',2,'[{\"changed\": {\"fields\": [\"Image 1\"]}}]',2,3),(177,'2021-05-20 08:38:25.606387','10','Additive',2,'[{\"changed\": {\"fields\": [\"Image 1\"]}}]',2,3),(178,'2021-05-20 08:38:48.551279','6','Adhesive',2,'[{\"changed\": {\"fields\": [\"Image 1\"]}}]',2,3),(179,'2021-05-20 08:38:56.236386','6','Adhesive',2,'[{\"changed\": {\"fields\": [\"Image 1\"]}}]',2,3),(180,'2021-05-20 08:39:39.376419','4','Epoxy and polyurethane',2,'[{\"changed\": {\"fields\": [\"Image 1\"]}}]',2,3),(181,'2021-05-20 08:39:45.438593','4','Epoxy and polyurethane',2,'[{\"changed\": {\"fields\": [\"Image 1\"]}}]',2,3),(182,'2021-05-20 08:40:04.138524','3','Flooring solution',2,'[{\"changed\": {\"fields\": [\"Image 1\"]}}]',2,3),(183,'2021-05-20 08:40:09.378570','3','Flooring solution',2,'[{\"changed\": {\"fields\": [\"Image 1\"]}}]',2,3),(184,'2021-05-20 08:40:21.190309','5','Paints and decorative',2,'[{\"changed\": {\"fields\": [\"Image 1\"]}}]',2,3),(185,'2021-05-20 08:40:26.600986','5','Paints and decorative',2,'[{\"changed\": {\"fields\": [\"Image 1\"]}}]',2,3),(186,'2021-05-20 08:40:32.698773','11','Plaster',2,'[{\"changed\": {\"fields\": [\"Image 1\"]}}]',2,3),(187,'2021-05-20 08:40:39.413372','11','Plaster',2,'[{\"changed\": {\"fields\": [\"Image 1\"]}}]',2,3),(188,'2021-05-20 08:40:45.995462','9','Repair',2,'[{\"changed\": {\"fields\": [\"Image 1\"]}}]',2,3),(189,'2021-05-20 08:40:52.120506','9','Repair',2,'[{\"changed\": {\"fields\": [\"Image 1\"]}}]',2,3),(190,'2021-05-20 08:40:59.727384','8','Sealant and foam',2,'[{\"changed\": {\"fields\": [\"Image 1\"]}}]',2,3),(191,'2021-05-20 08:41:05.855537','8','Sealant and foam',2,'[{\"changed\": {\"fields\": [\"Image 1\"]}}]',2,3),(192,'2021-05-20 08:41:15.225652','1','Thermal insulation',2,'[{\"changed\": {\"fields\": [\"Image 1\"]}}]',2,3),(193,'2021-05-20 08:41:21.211657','1','Thermal insulation',2,'[{\"changed\": {\"fields\": [\"Image 1\"]}}]',2,3),(194,'2021-05-20 08:41:28.042354','14','Tile Grout',2,'[{\"changed\": {\"fields\": [\"Image 1\"]}}]',2,3),(195,'2021-05-20 08:41:33.446560','14','Tile Grout',2,'[{\"changed\": {\"fields\": [\"Image 1\"]}}]',2,3),(196,'2021-05-20 08:41:41.993929','12','Tile Profile',2,'[{\"changed\": {\"fields\": [\"Image 1\"]}}]',2,3),(197,'2021-05-20 08:41:50.157690','12','Tile Profile',2,'[{\"changed\": {\"fields\": [\"Image 1\"]}}]',2,3),(198,'2021-05-20 08:41:52.562237','12','Tile Profile',2,'[]',2,3),(199,'2021-05-20 08:42:00.183628','7','Tiles',2,'[{\"changed\": {\"fields\": [\"Image 1\"]}}]',2,3),(200,'2021-05-20 08:42:19.289977','7','Tiles',2,'[{\"changed\": {\"fields\": [\"Image 1\"]}}]',2,3),(201,'2021-05-20 08:42:28.096330','13','Tools and accessories',2,'[{\"changed\": {\"fields\": [\"Image 1\"]}}]',2,3),(202,'2021-05-20 08:42:33.805619','13','Tools and accessories',2,'[{\"changed\": {\"fields\": [\"Image 1\"]}}]',2,3),(203,'2021-05-20 08:42:43.932639','2','Waterproofing',2,'[{\"changed\": {\"fields\": [\"Image 1\"]}}]',2,3),(204,'2021-05-20 08:42:49.248225','2','Waterproofing',2,'[{\"changed\": {\"fields\": [\"Image 1\"]}}]',2,3),(205,'2021-05-20 08:55:56.205697','9','60x120 INVISIBLE MARBLE',1,'[{\"added\": {}}]',5,2),(206,'2021-05-20 08:56:58.633415','9','60x120 INVISIBLE MARBLE',2,'[{\"changed\": {\"fields\": [\"Image 1\", \"Image 2\"]}}]',5,2),(207,'2021-05-20 08:58:36.957718','9','60x120 INVISIBLE MARBLE',2,'[{\"changed\": {\"fields\": [\"Image 1\", \"Image 2\"]}}]',5,2),(208,'2021-05-20 08:58:48.640156','9','60x120 INVISIBLE MARBLE',2,'[{\"changed\": {\"fields\": [\"Image 1\"]}}]',5,2),(209,'2021-05-20 09:07:32.675705','10','60x120 PANDA MARBLE',1,'[{\"added\": {}}]',5,2),(210,'2021-05-20 09:07:56.849150','10','60x120 PANDA MARBLE',2,'[{\"changed\": {\"fields\": [\"Status\"]}}]',5,2),(211,'2022-03-12 08:04:54.204706','6','Epoxy Paint T-POX 3300',2,'[{\"changed\": {\"fields\": [\"Order\"]}}]',5,2),(212,'2022-03-12 08:23:13.555063','11','T-POX 2600',1,'[{\"added\": {}}]',5,2),(213,'2022-03-12 08:25:43.798304','11','Solvent Primer T-POX 2600',2,'[{\"changed\": {\"fields\": [\"Name\"]}}]',5,2),(214,'2022-03-12 10:22:20.974260','12','Ashplt paint 2C',1,'[{\"added\": {}}]',5,2),(215,'2022-03-12 10:24:00.189230','12','Ashplt paint 2C',2,'[{\"changed\": {\"fields\": [\"Image 1\"]}}]',5,2),(216,'2022-03-12 10:38:09.050444','13','concrete corse primer',1,'[{\"added\": {}}]',5,2),(217,'2022-03-12 10:54:39.048425','14','elast',1,'[{\"added\": {}}]',5,2),(218,'2022-03-12 11:04:39.743154','15','M seal',1,'[{\"added\": {}}]',5,2),(219,'2022-03-12 11:20:43.659152','16','M-atar Aster',1,'[{\"added\": {}}]',5,2),(220,'2022-03-12 11:24:08.233443','17','stop water',1,'[{\"added\": {}}]',5,2),(221,'2022-03-12 11:50:25.204062','18','WP-PT9200 UV',1,'[{\"added\": {}}]',5,2),(222,'2022-03-12 12:08:13.375973','19','T-POX 2200',1,'[{\"added\": {}}]',5,2),(223,'2022-03-12 12:12:52.279129','20','T-POX 2400',1,'[{\"added\": {}}]',5,2),(224,'2022-03-12 12:16:28.597498','21','T-POX  2700',1,'[{\"added\": {}}]',5,2),(225,'2022-03-12 12:24:47.854784','22','T-POX  3350',1,'[{\"added\": {}}]',5,2),(226,'2022-03-12 12:30:33.514090','23','T-POX  3400',1,'[{\"added\": {}}]',5,2),(227,'2022-03-12 12:50:55.129947','24','M coat decor',1,'[{\"added\": {}}]',5,2),(228,'2022-03-12 13:04:21.099461','2','Epoxy joint T-POX 3700',2,'[{\"changed\": {\"fields\": [\"Order\"]}}]',5,2),(229,'2022-03-12 13:04:53.122609','6','Epoxy Paint T-POX 3300',2,'[{\"changed\": {\"fields\": [\"Order\"]}}]',5,2),(230,'2022-03-12 13:05:10.402731','6','Epoxy Paint T-POX 3300',2,'[]',5,2),(231,'2022-03-13 06:45:36.918442','25','M coat smooty surface',1,'[{\"added\": {}}]',5,2),(232,'2022-03-13 06:49:16.331888','26','amooty paste (powder)',1,'[{\"added\": {}}]',5,2),(233,'2022-03-13 06:58:17.085826','27','FN 25',1,'[{\"added\": {}}]',5,2),(234,'2022-03-13 09:47:31.368542','28','M coat deco thermal',1,'[{\"added\": {}}]',5,2),(235,'2022-03-14 08:52:06.626535','29','epoxsed cincrete priemer (corse priemer)',1,'[{\"added\": {}}]',5,2),(236,'2022-03-14 11:14:21.246828','26','smooty paste (powder)',2,'[{\"changed\": {\"fields\": [\"Name\"]}}]',5,2),(237,'2022-03-14 11:16:13.993485','26','smooty paste (powder)',2,'[{\"changed\": {\"fields\": [\"Slug\"]}}]',5,2),(238,'2022-03-14 11:17:20.100387','26','smooty paste (powder)',2,'[{\"changed\": {\"fields\": [\"Image 1\"]}}]',5,2),(239,'2022-03-14 11:22:21.652888','20','T-POX 2400',2,'[{\"changed\": {\"fields\": [\"Image 1\", \"Packaging\"]}}]',5,2),(240,'2022-03-14 11:23:53.094451','19','T-POX 2200',2,'[{\"changed\": {\"fields\": [\"Image 1\", \"Packaging\"]}}]',5,2),(241,'2022-03-14 11:25:21.092532','23','T-POX  3400',2,'[{\"changed\": {\"fields\": [\"Image 1\", \"Packaging\"]}}]',5,2),(242,'2022-03-14 11:26:35.014262','12','Ashplt paint 2C',2,'[{\"changed\": {\"fields\": [\"Packaging\"]}}]',5,2),(243,'2022-03-14 11:26:53.735519','13','concrete corse primer',2,'[{\"changed\": {\"fields\": [\"Packaging\"]}}]',5,2),(244,'2022-03-14 11:27:33.813797','14','elast',2,'[{\"changed\": {\"fields\": [\"Packaging\"]}}]',5,2),(245,'2022-03-14 11:28:06.720396','29','epoxsed cincrete priemer (corse priemer)',2,'[{\"changed\": {\"fields\": [\"Packaging\"]}}]',5,2),(246,'2022-03-14 11:29:23.443693','27','FN 25',2,'[{\"changed\": {\"fields\": [\"Packaging\"]}}]',5,2),(247,'2022-03-14 11:29:50.923496','28','M coat deco thermal',2,'[{\"changed\": {\"fields\": [\"Packaging\"]}}]',5,2),(248,'2022-03-14 11:30:20.691080','24','M coat decor',2,'[{\"changed\": {\"fields\": [\"Packaging\"]}}]',5,2),(249,'2022-03-14 11:30:37.247540','25','M coat smooty surface',2,'[{\"changed\": {\"fields\": [\"Packaging\"]}}]',5,2),(250,'2022-03-14 11:31:56.007832','16','M-Star Aster',2,'[{\"changed\": {\"fields\": [\"Name\", \"Slug\", \"Packaging\"]}}]',5,2),(251,'2022-03-14 11:32:19.558774','26','smooty paste (powder)',2,'[{\"changed\": {\"fields\": [\"Packaging\"]}}]',5,2),(252,'2022-03-14 11:34:34.364689','21','T-POX  2700',2,'[{\"changed\": {\"fields\": [\"Status\", \"Packaging\"]}}]',5,2),(253,'2022-03-14 11:34:56.859483','22','T-POX  3350',2,'[{\"changed\": {\"fields\": [\"Packaging\"]}}]',5,2),(254,'2022-03-14 11:36:04.415247','19','T-POX 2200',2,'[]',5,2),(255,'2022-03-14 11:36:42.436693','1','Ultra Light-Weight',2,'[]',5,2),(256,'2022-03-14 11:38:51.878020','18','WP-PT9200 UV',2,'[{\"changed\": {\"fields\": [\"Packaging\"]}}]',5,2),(257,'2022-03-14 11:56:57.837851','30','15X60',1,'[{\"added\": {}}]',5,2),(258,'2022-03-14 12:00:50.341727','31','15x60 vintage',1,'[{\"added\": {}}]',5,2),(259,'2022-03-14 12:04:31.955879','32','15X90 barkwood walnut',1,'[{\"added\": {}}]',5,2),(260,'2022-03-14 12:06:38.008099','33','15X90 rosin',1,'[{\"added\": {}}]',5,2),(261,'2022-03-14 12:13:02.866415','34','20x120 larix fume',1,'[{\"added\": {}}]',5,2),(262,'2022-03-14 12:14:36.019716','35','20x120 larix lvory',1,'[{\"added\": {}}]',5,2),(263,'2022-03-14 12:16:39.926224','36','20x120 massive wood',1,'[{\"added\": {}}]',5,2),(264,'2022-03-14 12:22:52.776551','37','22x85 AQUA',1,'[{\"added\": {}}]',5,2),(265,'2022-03-14 12:23:48.838899','38','22x85 GOLD',1,'[{\"added\": {}}]',5,2),(266,'2022-03-14 12:26:33.799602','39','25X65 marmo',1,'[{\"added\": {}}]',5,2),(267,'2022-03-14 12:29:09.845652','40','30x30 classis carrara',1,'[{\"added\": {}}]',5,2),(268,'2022-03-14 12:35:50.629730','41','30x60 lupus',1,'[{\"added\": {}}]',5,2),(269,'2022-03-14 12:43:24.219528','42','30x60  mioni',1,'[{\"added\": {}}]',5,2),(270,'2022-03-14 12:44:27.076042','43','30x60  mioni beige',1,'[{\"added\": {}}]',5,2),(271,'2022-03-14 12:46:27.676802','44','30x60  mioni bone',1,'[{\"added\": {}}]',5,2),(272,'2022-03-14 12:47:45.153238','45','30x60  mioni grey',1,'[{\"added\": {}}]',5,2),(273,'2022-03-14 12:52:23.943773','46','30x60  poseidon',1,'[{\"added\": {}}]',5,2),(274,'2022-03-14 12:53:57.586744','47','30x60  poseidon grey',1,'[{\"added\": {}}]',5,2),(275,'2022-03-14 12:55:21.600388','48','30x60  poseidon ivory',1,'[{\"added\": {}}]',5,2),(276,'2022-03-14 12:56:44.855159','39','25X65 marmo',2,'[{\"changed\": {\"fields\": [\"Image 1\"]}}]',5,2),(277,'2022-03-15 06:14:51.950817','30','15X60',2,'[{\"changed\": {\"fields\": [\"Status\"]}}]',5,2),(278,'2022-03-15 06:15:03.404032','38','22x85 GOLD',2,'[{\"changed\": {\"fields\": [\"Status\"]}}]',5,2),(279,'2022-03-15 06:17:39.594882','49','lima Grey',1,'[{\"added\": {}}]',5,2),(280,'2022-03-15 06:20:13.751643','50','lima Grey  fume',1,'[{\"added\": {}}]',5,2),(281,'2022-03-15 06:21:52.124771','51','kayah',1,'[{\"added\": {}}]',5,2),(282,'2022-03-15 06:23:06.285600','52','invisble marble',1,'[{\"added\": {}}]',5,2),(283,'2022-03-15 06:24:19.044169','53','helena',1,'[{\"added\": {}}]',5,2),(284,'2022-03-15 06:29:58.508892','54','30x90 savana beige',1,'[{\"added\": {}}]',5,2),(285,'2022-03-15 06:31:43.558876','55','30x90  savana grey',1,'[{\"added\": {}}]',5,2),(286,'2022-03-15 06:33:10.565900','56','30x90 ocean wall',1,'[{\"added\": {}}]',5,2),(287,'2022-03-15 06:34:43.824723','57','30x90 escape',1,'[{\"added\": {}}]',5,2),(288,'2022-03-15 06:36:14.086479','58','30x90 milas',1,'[{\"added\": {}}]',5,2),(289,'2022-03-15 06:37:36.383998','59','30x90  savana antracite',1,'[{\"added\": {}}]',5,2),(290,'2022-03-15 06:38:45.445470','60','30x90 the marble',1,'[{\"added\": {}}]',5,2),(291,'2022-03-15 06:48:32.129300','61','33x33 home white',1,'[{\"added\": {}}]',5,2),(292,'2022-03-15 06:49:54.647508','62','33x33 kasmir',1,'[{\"added\": {}}]',5,2),(293,'2022-03-15 07:10:14.013437','63','33x33 nuans',1,'[{\"added\": {}}]',5,2),(294,'2022-03-15 07:11:18.738597','64','33x33 saten white',1,'[{\"added\": {}}]',5,2),(295,'2022-03-15 07:12:23.893412','65','33x33 urban beige',1,'[{\"added\": {}}]',5,2),(296,'2022-03-15 07:13:16.749044','66','33x33 urban grey',1,'[{\"added\": {}}]',5,2),(297,'2022-03-15 07:19:19.597552','67','40x60 format',1,'[{\"added\": {}}]',5,2),(298,'2022-03-15 07:22:42.306236','68','40x60 alda',1,'[{\"added\": {}}]',5,2),(299,'2022-03-15 07:24:45.753156','69','40x60 alda grey',1,'[{\"added\": {}}]',5,2),(300,'2022-03-15 07:25:59.958665','70','40x60 alda white',1,'[{\"added\": {}}]',5,2),(301,'2022-03-15 07:27:21.239674','71','40x60 key stone blue',1,'[{\"added\": {}}]',5,2),(302,'2022-03-15 07:29:26.451650','72','40x60 key stone green',1,'[{\"added\": {}}]',5,2),(303,'2022-03-15 07:30:47.700666','73','40x60 key stone grey',1,'[{\"added\": {}}]',5,2),(304,'2022-03-15 07:32:15.967438','74','40x60 key stone brown',1,'[{\"added\": {}}]',5,2),(305,'2022-03-15 07:36:56.950265','75','40x60 mardin stone gream',1,'[{\"added\": {}}]',5,2),(306,'2022-03-15 07:39:31.863509','76','40x60 mardin stone gold',1,'[{\"added\": {}}]',5,2),(307,'2022-03-15 07:40:05.236445','75','40x60 mardin stone grem',2,'[{\"changed\": {\"fields\": [\"Name\"]}}]',5,2),(308,'2022-03-15 07:47:57.656743','77','40x60 rain stone  grey',1,'[{\"added\": {}}]',5,2),(309,'2022-03-15 07:49:31.744734','78','40x60 rain stone beige',1,'[{\"added\": {}}]',5,2),(310,'2022-03-15 07:54:55.822704','79','45x45 lima Grey',1,'[{\"added\": {}}]',5,2),(311,'2022-03-15 07:56:29.659370','80','45x45 mioni beige matte',1,'[{\"added\": {}}]',5,2),(312,'2022-03-15 07:59:05.662827','81','45x45 mioni bone  matte',1,'[{\"added\": {}}]',5,2),(313,'2022-03-15 08:15:27.842901','82','45x45 mioni grey  matte',1,'[{\"added\": {}}]',5,2),(314,'2022-03-15 08:18:12.911485','83','45x45 rodos  bianco',1,'[{\"added\": {}}]',5,2),(315,'2022-03-15 08:21:06.394413','84','45x90',1,'[{\"added\": {}}]',5,2),(316,'2022-03-15 08:30:14.154842','85','50x50 mamgma anthracite',1,'[{\"added\": {}}]',5,2),(317,'2022-03-15 08:38:02.006457','86','50x50 mamgma grey',1,'[{\"added\": {}}]',5,2),(318,'2022-03-15 11:00:57.887686','87','60x60',1,'[{\"added\": {}}]',5,2),(319,'2022-03-15 11:02:49.434673','88','rodos',1,'[{\"added\": {}}]',5,2),(320,'2022-03-15 11:04:14.840934','89','praga',1,'[{\"added\": {}}]',5,2),(321,'2022-03-15 11:05:50.954729','90','suite grey',1,'[{\"added\": {}}]',5,2),(322,'2022-03-15 11:07:45.546196','91','60x60 core',1,'[{\"added\": {}}]',5,2),(323,'2022-03-15 11:09:20.581598','92','60x60 kristal bone',1,'[{\"added\": {}}]',5,2),(324,'2022-03-15 11:23:02.523458','88','60x60 rodos',2,'[{\"changed\": {\"fields\": [\"Name\"]}}]',5,2),(325,'2022-03-15 11:30:35.691832','64','33x33 saten white',2,'[{\"changed\": {\"fields\": [\"Image 2\"]}}]',5,2),(326,'2022-03-15 11:34:18.807345','64','33x33 saten white',2,'[{\"changed\": {\"fields\": [\"Image 2\"]}}]',5,2),(327,'2022-03-15 11:35:11.044240','85','50x50   MAGMA ANTHRACITE',2,'[{\"changed\": {\"fields\": [\"Name\"]}}]',5,2),(328,'2022-03-15 11:35:25.757839','89','praga',2,'[{\"changed\": {\"fields\": [\"Image 2\"]}}]',5,2),(329,'2022-03-15 11:37:52.883158','93','STERLINA MATIVORY',1,'[{\"added\": {}}]',5,2),(330,'2022-03-15 11:38:18.285800','89','praga',2,'[{\"changed\": {\"fields\": [\"Image 2\"]}}]',5,2),(331,'2022-03-15 11:47:54.555081','89','praga',2,'[{\"changed\": {\"fields\": [\"Description\"]}}]',5,2),(332,'2022-03-16 06:42:29.136130','87','60x60 MARMO',2,'[{\"changed\": {\"fields\": [\"Name\"]}}]',5,2),(333,'2022-03-16 06:45:05.708899','94','60x60 STERLINE MAT LVORY',1,'[{\"added\": {}}]',5,2),(334,'2022-03-16 06:45:24.178785','91','60x60 core',2,'[{\"changed\": {\"fields\": [\"Order\"]}}]',5,2),(335,'2022-03-16 06:46:34.382534','95','60x60 STERLINE MAT  GREY',1,'[{\"added\": {}}]',5,2),(336,'2022-03-16 06:47:59.125485','96','60x60 CUMULUS GREY',1,'[{\"added\": {}}]',5,2),(337,'2022-03-16 06:49:28.488612','97','60x60 INVISIBLE MARBLE',1,'[{\"added\": {}}]',5,2),(338,'2022-03-16 06:50:29.320947','98','60x60 PALODA',1,'[{\"added\": {}}]',5,2),(339,'2022-03-16 06:52:09.151800','99','60x60 MONACO',1,'[{\"added\": {}}]',5,2),(340,'2022-03-16 06:53:23.624229','100','60x60 BASALT BEIGE',1,'[{\"added\": {}}]',5,2),(341,'2022-03-16 06:54:44.816492','101','60x60 BASALT FUME',1,'[{\"added\": {}}]',5,2),(342,'2022-03-16 06:56:05.904417','102','60x60 MADRA',1,'[{\"added\": {}}]',5,2),(343,'2022-03-16 06:57:36.593272','93','STERLINA MATIVORY',3,'',5,2),(344,'2022-03-16 06:59:10.120947','89','60x60  PRAGA',2,'[{\"changed\": {\"fields\": [\"Name\"]}}]',5,2),(345,'2022-03-16 07:00:43.817574','90','60x60 SUITE GREY',2,'[{\"changed\": {\"fields\": [\"Name\"]}}]',5,2),(346,'2022-03-16 07:02:11.315839','84','45x90',2,'[{\"changed\": {\"fields\": [\"Order\"]}}]',5,2),(347,'2022-03-16 07:02:41.223839','85','50x50   MAGMA ANTHRACITE',2,'[{\"changed\": {\"fields\": [\"Order\"]}}]',5,2),(348,'2022-03-16 07:02:57.440684','86','50x50 mamgma grey',2,'[{\"changed\": {\"fields\": [\"Order\"]}}]',5,2),(349,'2022-03-16 07:07:06.358223','31','15x60  VINTAGE',2,'[{\"changed\": {\"fields\": [\"Name\"]}}]',5,2),(350,'2022-03-16 07:07:54.618774','32','15X90  BARKWOOD WALNUT',2,'[{\"changed\": {\"fields\": [\"Name\"]}}]',5,2),(351,'2022-03-16 07:08:47.746514','33','15X90 ROSIN',2,'[{\"changed\": {\"fields\": [\"Name\"]}}]',5,2),(352,'2022-03-16 07:09:14.288387','34','20x120  LARIX FUME',2,'[{\"changed\": {\"fields\": [\"Name\"]}}]',5,2),(353,'2022-03-16 07:09:52.125369','36','20x120   MASSIVE WOOD',2,'[{\"changed\": {\"fields\": [\"Name\"]}}]',5,2),(354,'2022-03-16 07:11:10.816141','35','20x120  LARIX LVORY',2,'[{\"changed\": {\"fields\": [\"Name\"]}}]',5,2),(355,'2022-03-16 07:11:33.711318','39','25X65 MARMO',2,'[{\"changed\": {\"fields\": [\"Name\"]}}]',5,2),(356,'2022-03-16 07:13:07.305999','40','30x30   CLASSIC CARRARA',2,'[{\"changed\": {\"fields\": [\"Name\"]}}]',5,2),(357,'2022-03-16 07:13:30.315902','42','30x60   MIONO',2,'[{\"changed\": {\"fields\": [\"Name\"]}}]',5,2),(358,'2022-03-16 07:13:54.849411','43','30x60  MIONO BEIGE',2,'[{\"changed\": {\"fields\": [\"Name\"]}}]',5,2),(359,'2022-03-16 07:14:39.818692','44','30x60  MIONI BONE',2,'[{\"changed\": {\"fields\": [\"Name\"]}}]',5,2),(360,'2022-03-16 07:15:10.808911','42','30x60   MIONI',2,'[{\"changed\": {\"fields\": [\"Name\"]}}]',5,2),(361,'2022-03-16 07:16:26.471828','45','30x60   MIONI GREY',2,'[{\"changed\": {\"fields\": [\"Name\"]}}]',5,2),(362,'2022-03-16 07:16:50.377337','43','30x60  MIONI BEIGE',2,'[{\"changed\": {\"fields\": [\"Name\"]}}]',5,2),(363,'2022-03-16 07:17:30.988738','46','30x60 POSEIDON',2,'[{\"changed\": {\"fields\": [\"Name\"]}}]',5,2),(364,'2022-03-16 07:18:09.888677','47','30x60  POSEIDON GREY',2,'[{\"changed\": {\"fields\": [\"Name\"]}}]',5,2),(365,'2022-03-16 07:19:02.563585','48','30x60  POSEIDON IVORY',2,'[{\"changed\": {\"fields\": [\"Name\"]}}]',5,2),(366,'2022-03-16 07:19:27.434266','41','30x60 LUPUS',2,'[{\"changed\": {\"fields\": [\"Name\"]}}]',5,2),(367,'2022-03-16 07:19:59.769967','59','30x90  SAVANA ANTRACITE',2,'[{\"changed\": {\"fields\": [\"Name\"]}}]',5,2),(368,'2022-03-16 07:20:30.121832','55','30x90  SAVANA GREY',2,'[{\"changed\": {\"fields\": [\"Name\"]}}]',5,2),(369,'2022-03-16 07:20:56.253089','57','30x90   ESCAPE',2,'[{\"changed\": {\"fields\": [\"Name\"]}}]',5,2),(370,'2022-03-16 07:21:20.322915','58','30x90  MILAS',2,'[{\"changed\": {\"fields\": [\"Name\"]}}]',5,2),(371,'2022-03-16 07:21:51.953399','56','30x90 OCEAN WALL',2,'[{\"changed\": {\"fields\": [\"Name\"]}}]',5,2),(372,'2022-03-16 07:22:54.906502','54','30x90 SAVANA BEIGE',2,'[{\"changed\": {\"fields\": [\"Name\"]}}]',5,2),(373,'2022-03-16 07:23:22.780248','61','33x33  HOME WHITE',2,'[{\"changed\": {\"fields\": [\"Name\"]}}]',5,2),(374,'2022-03-16 07:23:53.023224','60','30x90  THE MARBLE',2,'[{\"changed\": {\"fields\": [\"Name\"]}}]',5,2),(375,'2022-03-16 07:24:23.638247','62','33x33  KASMIR',2,'[{\"changed\": {\"fields\": [\"Name\"]}}]',5,2),(376,'2022-03-16 07:25:03.846828','63','33x33  NUANS',2,'[{\"changed\": {\"fields\": [\"Name\"]}}]',5,2),(377,'2022-03-16 07:25:47.024555','64','33x33  SATEN WHITE',2,'[{\"changed\": {\"fields\": [\"Name\"]}}]',5,2),(378,'2022-03-16 07:26:25.382529','65','33x33 URBAN BEIGE',2,'[{\"changed\": {\"fields\": [\"Name\"]}}]',5,2),(379,'2022-03-16 07:28:03.101358','66','33x33  URBAN GREY',2,'[{\"changed\": {\"fields\": [\"Name\"]}}]',5,2),(380,'2022-03-16 07:28:40.473232','68','40x60 ALDA',2,'[{\"changed\": {\"fields\": [\"Name\"]}}]',5,2),(381,'2022-03-16 07:29:12.585055','69','40x60 ALDA GREY',2,'[{\"changed\": {\"fields\": [\"Name\"]}}]',5,2),(382,'2022-03-16 07:29:36.816361','70','40x60 ALDA WHITE',2,'[{\"changed\": {\"fields\": [\"Name\"]}}]',5,2),(383,'2022-03-16 07:30:07.213326','67','40x60  FORMAT',2,'[{\"changed\": {\"fields\": [\"Name\"]}}]',5,2),(384,'2022-03-16 07:30:57.950754','71','40x60  KEY STONE BLUE',2,'[{\"changed\": {\"fields\": [\"Name\"]}}]',5,2),(385,'2022-03-16 07:31:35.426477','74','40x60 KEY STONE BROWN',2,'[{\"changed\": {\"fields\": [\"Name\"]}}]',5,2),(386,'2022-03-16 07:32:10.208502','72','40x60KEY STONE GREEN',2,'[{\"changed\": {\"fields\": [\"Name\"]}}]',5,2),(387,'2022-03-16 07:32:44.884382','73','40x60 KEY STONE GREY',2,'[{\"changed\": {\"fields\": [\"Name\"]}}]',5,2),(388,'2022-03-16 07:35:27.009397','76','40x60 MARDIN STONE GOLD',2,'[{\"changed\": {\"fields\": [\"Name\"]}}]',5,2),(389,'2022-03-16 07:36:01.700657','75','40x60  MARDIN STONE GREM',2,'[{\"changed\": {\"fields\": [\"Name\"]}}]',5,2),(390,'2022-03-16 07:37:08.617527','77','40x60 RAIN STONE GREY',2,'[{\"changed\": {\"fields\": [\"Name\"]}}]',5,2),(391,'2022-03-16 07:37:56.314377','78','40x60   RAIN STONE BEIGE',2,'[{\"changed\": {\"fields\": [\"Name\"]}}]',5,2),(392,'2022-03-16 07:38:27.447263','79','45x45   LIMA GREY',2,'[{\"changed\": {\"fields\": [\"Name\"]}}]',5,2),(393,'2022-03-16 07:45:36.974147','80','45x45  MIONI BEIGE MATTE',2,'[{\"changed\": {\"fields\": [\"Name\"]}}]',5,2),(394,'2022-03-16 07:46:35.109728','81','45x45  MIONI BONE MATTE',2,'[{\"changed\": {\"fields\": [\"Name\"]}}]',5,2),(395,'2022-03-16 07:47:15.166035','82','45x45  MIONI GREY MATTE',2,'[{\"changed\": {\"fields\": [\"Name\"]}}]',5,2),(396,'2022-03-16 07:47:56.558703','83','45x45 RODOS BIANCO',2,'[{\"changed\": {\"fields\": [\"Name\"]}}]',5,2),(397,'2022-03-16 07:49:33.008082','88','60x60  RODOS',2,'[{\"changed\": {\"fields\": [\"Name\"]}}]',5,2),(398,'2022-03-16 07:50:15.315208','91','60x60 CORE',2,'[{\"changed\": {\"fields\": [\"Name\"]}}]',5,2),(399,'2022-03-16 07:51:39.357064','92','60x60  KRISTAL BONE',2,'[{\"changed\": {\"fields\": [\"Name\"]}}]',5,2),(400,'2022-03-16 07:52:46.626394','86','50x50  MAGMA GREY',2,'[{\"changed\": {\"fields\": [\"Name\"]}}]',5,2),(401,'2022-03-16 07:53:42.515988','53','HELENA',2,'[{\"changed\": {\"fields\": [\"Name\"]}}]',5,2),(402,'2022-03-16 07:54:13.423327','52','INVISBLE MARBLE',2,'[{\"changed\": {\"fields\": [\"Name\"]}}]',5,2),(403,'2022-03-16 07:54:41.359291','51','KAYAH',2,'[{\"changed\": {\"fields\": [\"Name\"]}}]',5,2),(404,'2022-03-16 07:55:04.716845','49','LIMA GREY',2,'[{\"changed\": {\"fields\": [\"Name\"]}}]',5,2),(405,'2022-03-16 07:55:39.833881','50','LIMA GREY FUME',2,'[{\"changed\": {\"fields\": [\"Name\"]}}]',5,2),(406,'2022-03-16 08:55:15.802049','103','60x120 JAVA BLACK',1,'[{\"added\": {}}]',5,2),(407,'2022-03-16 08:56:37.105342','104','60x120 JAVA BROWN',1,'[{\"added\": {}}]',5,2),(408,'2022-03-16 08:59:37.102849','105','60x120 ATLANTIC',1,'[{\"added\": {}}]',5,2),(409,'2022-03-16 09:01:01.847740','106','60x120  ROYAL MARBLE',1,'[{\"added\": {}}]',5,2),(410,'2022-03-16 09:02:24.288281','107','60x120  ROYAL MARBLE  BEIGE',1,'[{\"added\": {}}]',5,2),(411,'2022-03-16 09:03:24.301862','108','60x120  ROYAL MARBLE WHITE',1,'[{\"added\": {}}]',5,2),(412,'2022-03-16 09:05:25.315220','109','60x120   AMAZON',1,'[{\"added\": {}}]',5,2),(413,'2022-03-16 09:06:28.939633','110','60x120   PANDA',1,'[{\"added\": {}}]',5,2),(414,'2022-03-16 09:08:16.366569','111','60x120 CALACATTA AQUA',1,'[{\"added\": {}}]',5,2),(415,'2022-03-16 09:09:59.971855','112','60x120   STERLINA SILVER PLSH',1,'[{\"added\": {}}]',5,2),(416,'2022-03-16 09:11:59.081170','113','60x120  UNDERGROUND',1,'[{\"added\": {}}]',5,2),(417,'2022-03-16 09:13:25.121849','114','60x120  KALAHARI',1,'[{\"added\": {}}]',5,2),(418,'2022-03-16 09:14:45.000003','115','60x120 STERLINA WHITE MAT',1,'[{\"added\": {}}]',5,2),(419,'2022-03-16 09:16:56.525245','116','60x120   STERLINA GREY MAT',1,'[{\"added\": {}}]',5,2),(420,'2022-03-16 10:57:04.474530','117','60x120  CORE',1,'[{\"added\": {}}]',5,2),(421,'2022-03-16 10:58:54.992878','118','60x120 BASALT',1,'[{\"added\": {}}]',5,2),(422,'2022-03-16 11:00:10.549905','119','60x120 LIMESTONE',1,'[{\"added\": {}}]',5,2),(423,'2022-03-16 11:01:56.204990','120','60x120  QUASAR',1,'[{\"added\": {}}]',5,2),(424,'2022-03-16 11:03:03.440332','121','80x80',1,'[{\"added\": {}}]',5,2),(425,'2022-03-16 11:12:12.042295','112','60x120   STERLINA SILVER PLSH',2,'[{\"changed\": {\"fields\": [\"Image 1\"]}}]',5,2),(426,'2022-03-16 11:15:18.935309','78','40x60   RAIN STONE BEIGE',2,'[{\"changed\": {\"fields\": [\"Image 1\"]}}]',5,2),(427,'2022-03-16 11:16:28.244891','78','40x60   RAIN STONE BEIGE',2,'[{\"changed\": {\"fields\": [\"Image 1\"]}}]',5,2),(428,'2022-03-16 11:44:02.634488','33','15X90 ROSIN',2,'[{\"changed\": {\"fields\": [\"Image 1\"]}}]',5,2),(429,'2022-03-16 11:44:58.793023','33','15X90 ROSIN',2,'[{\"changed\": {\"fields\": [\"Image 1\"]}}]',5,2),(430,'2022-03-16 11:47:09.071093','9','60x120 INVISIBLE MARBLE',2,'[{\"changed\": {\"fields\": [\"Order\"]}}]',5,2),(431,'2022-03-16 12:00:18.384969','68','40x60 ALDA',3,'',5,2),(432,'2022-03-16 12:04:04.121883','30','15X60',2,'[{\"changed\": {\"fields\": [\"Image 1\"]}}]',5,2),(433,'2022-03-16 12:06:01.004233','30','15X60',2,'[]',5,2),(434,'2022-03-16 12:07:09.258479','30','15X60 BARON',2,'[{\"changed\": {\"fields\": [\"Name\"]}}]',5,2),(435,'2022-03-16 12:08:05.671040','31','15x60  VINTAGE',2,'[{\"changed\": {\"fields\": [\"Image 1\"]}}]',5,2),(436,'2022-03-16 12:10:08.203614','32','15X90  BARKWOOD WALNUT',2,'[{\"changed\": {\"fields\": [\"Image 1\"]}}]',5,2),(437,'2022-03-16 12:10:46.399371','32','15X90  BARKWOOD WALNUT',2,'[{\"changed\": {\"fields\": [\"Image 1\"]}}]',5,2),(438,'2022-03-16 12:23:07.938450','62','33x33  KASMIR',3,'',5,2),(439,'2022-03-16 12:24:58.623757','122','60x120 BOOK MATCH',1,'[{\"added\": {}}]',5,2),(440,'2022-03-16 12:29:14.315261','30','15X60 BARON',3,'',5,2),(441,'2022-03-16 12:30:33.997237','59','30x90  SAVANA ANTRACITE',3,'',5,2),(442,'2022-03-17 06:59:03.190620','120','60x120  QUASAR',2,'[{\"changed\": {\"fields\": [\"Image 1\"]}}]',5,2),(443,'2022-03-17 07:00:28.925744','120','60x120  QUASAR',2,'[{\"changed\": {\"fields\": [\"Image 1\"]}}]',5,2),(444,'2022-03-17 07:13:50.767316','85','50x50   MAGMA ANTHRACITE',2,'[{\"changed\": {\"fields\": [\"Image 1\"]}}]',5,2),(445,'2022-03-17 07:16:20.429862','85','50x50   MAGMA ANTHRACITE',2,'[{\"changed\": {\"fields\": [\"Image 1\"]}}]',5,2),(446,'2022-03-17 07:17:08.298744','86','50x50  MAGMA GREY',2,'[{\"changed\": {\"fields\": [\"Image 1\"]}}]',5,2),(447,'2022-03-17 07:18:51.881791','86','50x50  MAGMA GREY',2,'[{\"changed\": {\"fields\": [\"Image 1\"]}}]',5,2),(448,'2022-03-17 07:23:08.733334','84','45x90 LAVA',2,'[{\"changed\": {\"fields\": [\"Name\", \"Image 1\"]}}]',5,2),(449,'2022-03-17 07:24:01.995777','84','45x90 LAVA',2,'[{\"changed\": {\"fields\": [\"Image 1\"]}}]',5,2),(450,'2022-03-17 07:26:09.172417','123','45x90 RUST',1,'[{\"added\": {}}]',5,2),(451,'2022-03-17 07:36:57.308685','75','40x60  MARDIN STONE GREM',2,'[{\"changed\": {\"fields\": [\"Image 1\"]}}]',5,2),(452,'2022-03-17 07:38:02.877906','75','40x60  MARDIN STONE GREM',2,'[{\"changed\": {\"fields\": [\"Image 1\"]}}]',5,2),(453,'2022-03-17 07:38:37.674936','76','40x60 MARDIN STONE GOLD',2,'[{\"changed\": {\"fields\": [\"Image 1\"]}}]',5,2),(454,'2022-03-17 07:39:15.357832','76','40x60 MARDIN STONE GOLD',2,'[{\"changed\": {\"fields\": [\"Image 1\"]}}]',5,2),(455,'2022-03-17 07:41:41.141503','54','30x90 SAVANA BEIGE',2,'[{\"changed\": {\"fields\": [\"Image 1\"]}}]',5,2),(456,'2022-03-17 07:55:46.402060','54','30x90 SAVANA BEIGE',2,'[{\"changed\": {\"fields\": [\"Image 1\"]}}]',5,2),(457,'2022-03-17 07:56:12.218276','55','30x90  SAVANA GREY',2,'[{\"changed\": {\"fields\": [\"Image 1\"]}}]',5,2),(458,'2022-03-17 08:32:13.534523','55','30x90  SAVANA GREY',2,'[{\"changed\": {\"fields\": [\"Image 1\"]}}]',5,2),(459,'2022-03-17 08:33:56.174681','124','30x90 savana beige decor',1,'[{\"added\": {}}]',5,2),(460,'2022-03-17 08:35:35.685339','125','30x90 SAVANA GREY DECOR',1,'[{\"added\": {}}]',5,2),(461,'2022-03-17 08:36:38.134892','124','30x90 SAVANA BEIGE DECOR',2,'[{\"changed\": {\"fields\": [\"Name\"]}}]',5,2),(462,'2022-03-17 08:37:52.141148','57','30x90ESCAPE',2,'[{\"changed\": {\"fields\": [\"Name\", \"Image 1\"]}}]',5,2),(463,'2022-03-17 08:38:36.037967','57','30x90 ESCAPE',2,'[{\"changed\": {\"fields\": [\"Name\", \"Image 1\"]}}]',5,2),(464,'2022-03-17 08:39:17.272096','60','30x90  THE MARBLE',2,'[{\"changed\": {\"fields\": [\"Image 1\"]}}]',5,2),(465,'2022-03-17 08:40:14.899861','60','30x90  THE MARBLE',2,'[{\"changed\": {\"fields\": [\"Image 1\"]}}]',5,2),(466,'2022-03-17 08:43:06.033859','46','30x60 POSEIDON',2,'[{\"changed\": {\"fields\": [\"Image 1\"]}}]',5,2),(467,'2022-03-17 08:44:43.175946','46','30x60 POSEIDON',3,'',5,2),(468,'2022-03-17 08:45:13.850491','47','30x60  POSEIDON GREY',2,'[{\"changed\": {\"fields\": [\"Image 1\"]}}]',5,2),(469,'2022-03-17 08:45:51.560571','47','30x60  POSEIDON GREY',2,'[{\"changed\": {\"fields\": [\"Image 1\"]}}]',5,2),(470,'2022-03-17 08:46:08.729648','48','30x60  POSEIDON IVORY',2,'[{\"changed\": {\"fields\": [\"Image 1\"]}}]',5,2),(471,'2022-03-17 08:46:47.739209','48','30x60  POSEIDON IVORY',2,'[{\"changed\": {\"fields\": [\"Image 1\"]}}]',5,2),(472,'2022-03-17 08:49:08.311820','49','LIMA GREY',3,'',5,2),(473,'2022-03-17 08:49:29.315766','79','45x45   LIMA GREY',2,'[{\"changed\": {\"fields\": [\"Image 1\"]}}]',5,2),(474,'2022-03-17 08:55:34.978770','79','45x45   LIMA GREY',2,'[{\"changed\": {\"fields\": [\"Image 1\"]}}]',5,2),(475,'2022-03-17 08:56:30.726516','50','30X60 LIMA GREY FUME',2,'[{\"changed\": {\"fields\": [\"Name\", \"Image 1\"]}}]',5,2),(476,'2022-03-17 08:57:08.650615','50','30X60 LIMA GREY FUME',2,'[{\"changed\": {\"fields\": [\"Image 1\"]}}]',5,2),(477,'2022-03-17 08:59:16.127601','126','30x60 LIMA  GREY',1,'[{\"added\": {}}]',5,2),(478,'2022-03-17 09:00:14.193701','42','30x60   MIONI',2,'[{\"changed\": {\"fields\": [\"Image 1\"]}}]',5,2),(479,'2022-03-17 09:00:58.411715','42','30x60   MIONI',2,'[{\"changed\": {\"fields\": [\"Image 1\"]}}]',5,2),(480,'2022-03-17 09:02:26.252153','122','60x120 BOOK MATCH',2,'[{\"changed\": {\"fields\": [\"Image 1\"]}}]',5,2),(481,'2022-03-17 09:07:11.653329','122','60x120 BOOK MATCH',2,'[{\"changed\": {\"fields\": [\"Image 1\"]}}]',5,2),(482,'2022-03-17 09:09:07.531917','41','30x60 LUPUS',2,'[{\"changed\": {\"fields\": [\"Image 1\"]}}]',5,2),(483,'2022-03-17 09:09:43.951041','41','30x60 LUPUS',2,'[{\"changed\": {\"fields\": [\"Image 1\"]}}]',5,2),(484,'2022-03-17 09:10:41.642622','39','25X65 MARMO',2,'[{\"changed\": {\"fields\": [\"Image 1\"]}}]',5,2),(485,'2022-03-17 09:11:19.791747','39','25X65 MARMO',2,'[{\"changed\": {\"fields\": [\"Image 1\"]}}]',5,2),(486,'2022-03-17 09:13:22.994193','37','22x85 AQUA',2,'[{\"changed\": {\"fields\": [\"Image 1\"]}}]',5,2),(487,'2022-03-17 09:13:47.798894','37','22x85 AQUA',2,'[{\"changed\": {\"fields\": [\"Image 1\"]}}]',5,2),(488,'2022-03-17 09:14:12.551377','38','22x85 GOLD',2,'[{\"changed\": {\"fields\": [\"Image 1\"]}}]',5,2),(489,'2022-03-17 09:14:42.349175','38','22x85 GOLD',2,'[{\"changed\": {\"fields\": [\"Image 1\"]}}]',5,2),(490,'2022-03-17 09:15:44.658602','34','20x120  LARIX FUME',2,'[{\"changed\": {\"fields\": [\"Image 1\"]}}]',5,2),(491,'2022-03-17 09:16:12.096035','34','20x120  LARIX FUME',2,'[{\"changed\": {\"fields\": [\"Image 1\"]}}]',5,2),(492,'2022-03-17 09:16:53.011885','35','20x120  LARIX LVORY',2,'[{\"changed\": {\"fields\": [\"Image 1\"]}}]',5,2),(493,'2022-03-17 09:17:22.056767','35','20x120  LARIX LVORY',2,'[{\"changed\": {\"fields\": [\"Image 1\"]}}]',5,2),(494,'2022-03-17 09:18:08.304667','36','20x120   MASSIVE WOOD',2,'[{\"changed\": {\"fields\": [\"Image 1\"]}}]',5,2),(495,'2022-03-17 09:18:37.083230','36','20x120   MASSIVE WOOD',2,'[{\"changed\": {\"fields\": [\"Image 1\"]}}]',5,2),(496,'2022-03-17 10:32:21.918594','12','ASPHLT  PAINT 2C',2,'[{\"changed\": {\"fields\": [\"Name\"]}}]',5,2),(497,'2022-03-17 10:33:03.439671','13','CONCRETE CORSE PRIMER',2,'[{\"changed\": {\"fields\": [\"Name\"]}}]',5,2),(498,'2022-03-17 10:33:23.679660','4','ECOFILL',2,'[{\"changed\": {\"fields\": [\"Name\"]}}]',5,2),(499,'2022-03-17 10:33:44.791098','14','ELAST',2,'[{\"changed\": {\"fields\": [\"Name\"]}}]',5,2),(500,'2022-03-17 10:37:59.857657','29','OXSED CONCRETE PRIEMER (CORSE PRIEMER)',2,'[{\"changed\": {\"fields\": [\"Name\"]}}]',5,2),(501,'2022-03-17 10:39:05.610684','2','EPOXY JOINT T-POX 3700',2,'[{\"changed\": {\"fields\": [\"Name\"]}}]',5,2),(502,'2022-03-17 10:39:33.961534','6','EPOXY PAINT  T-POX 3300',2,'[{\"changed\": {\"fields\": [\"Name\"]}}]',5,2),(503,'2022-03-17 10:40:21.983069','7','EPOXY PRIEMER  T-POX 2000',2,'[{\"changed\": {\"fields\": [\"Name\"]}}]',5,2),(504,'2022-03-17 10:41:34.036292','5','EPOXY SELF LEVELING  T-POX 3100',2,'[{\"changed\": {\"fields\": [\"Name\"]}}]',5,2),(505,'2022-03-17 10:44:53.214933','28','M COAT DECO THERMAL',2,'[{\"changed\": {\"fields\": [\"Name\"]}}]',5,2),(506,'2022-03-17 10:45:17.577020','24','M COAT DECOR',2,'[{\"changed\": {\"fields\": [\"Name\"]}}]',5,2),(507,'2022-03-17 10:45:46.234540','25','M COAT SMOOTY SURFACE',2,'[{\"changed\": {\"fields\": [\"Name\"]}}]',5,2),(508,'2022-03-17 10:46:07.072405','15','M SEAL',2,'[{\"changed\": {\"fields\": [\"Name\"]}}]',5,2),(509,'2022-03-17 10:46:38.647687','16','M STAR ASTER',2,'[{\"changed\": {\"fields\": [\"Name\"]}}]',5,2),(510,'2022-03-17 10:46:58.502156','26','SMOOTY PASTE',2,'[{\"changed\": {\"fields\": [\"Name\"]}}]',5,2),(511,'2022-03-17 10:47:46.082723','26','SMOOTY PASTE (POWDER)',2,'[{\"changed\": {\"fields\": [\"Name\"]}}]',5,2),(512,'2022-03-17 10:48:46.206428','17','STOP WATER',2,'[{\"changed\": {\"fields\": [\"Name\"]}}]',5,2),(513,'2022-03-17 10:49:36.946531','1','ULTRA LIGHT-WEIGHT',2,'[{\"changed\": {\"fields\": [\"Name\"]}}]',5,2),(514,'2022-03-17 10:51:39.441882','121','80x80',2,'[{\"changed\": {\"fields\": [\"Order\"]}}]',5,2),(515,'2022-03-17 10:52:46.613235','121','80x80',2,'[{\"changed\": {\"fields\": [\"Order\"]}}]',5,2),(516,'2022-03-19 09:24:34.005568','121','80x80 CORE WHITE MAT',2,'[{\"changed\": {\"fields\": [\"Name\"]}}]',5,2),(517,'2022-03-19 09:27:36.251593','127','80x80 CORE GREY MAT',1,'[{\"added\": {}}]',5,2),(518,'2022-03-19 09:29:45.776816','128','80x80 CORE BEIGE  MAT',1,'[{\"added\": {}}]',5,2),(519,'2022-03-19 09:30:16.097844','127','80x80 CORE GREY MAT',2,'[{\"changed\": {\"fields\": [\"Status\"]}}]',5,2),(520,'2022-03-19 09:33:34.651002','117','60x120 CORE WHITE  MAT',2,'[{\"changed\": {\"fields\": [\"Name\"]}}]',5,2),(521,'2022-03-19 09:35:05.729838','129','60x120  CORE BEIGE MAT',1,'[{\"added\": {}}]',5,2),(522,'2022-03-19 09:37:28.178196','130','60x120  CORE GREY MAT',1,'[{\"added\": {}}]',5,2),(523,'2022-03-19 09:38:57.735636','131','60x120  CORE FUME MAT',1,'[{\"added\": {}}]',5,2),(524,'2022-03-19 09:40:09.270027','132','60x120 CORE ANTRACITE   MAT',1,'[{\"added\": {}}]',5,2),(525,'2022-03-19 09:41:50.500127','128','80x80 CORE BEIGE  MAT',2,'[{\"changed\": {\"fields\": [\"Order\"]}}]',5,2),(526,'2022-03-19 09:42:12.000259','127','80x80 CORE GREY MAT',2,'[{\"changed\": {\"fields\": [\"Order\"]}}]',5,2),(527,'2022-03-19 09:42:25.489377','121','80x80 CORE WHITE MAT',2,'[{\"changed\": {\"fields\": [\"Order\"]}}]',5,2),(528,'2022-03-19 09:43:10.693908','127','80x80 CORE GREY MAT',2,'[{\"changed\": {\"fields\": [\"Image 1\"]}}]',5,2),(529,'2022-03-19 09:43:41.327548','127','80x80 CORE GREY MAT',2,'[{\"changed\": {\"fields\": [\"Image 1\"]}}]',5,2),(530,'2022-03-19 09:45:46.940692','127','80x80 CORE GREY MAT',2,'[{\"changed\": {\"fields\": [\"Image 1\"]}}]',5,2),(531,'2022-03-19 10:33:37.944870','109','60x120   AMAZON',2,'[{\"changed\": {\"fields\": [\"Order\"]}}]',5,2),(532,'2022-03-19 10:34:04.614130','110','60x120   PANDA',2,'[{\"changed\": {\"fields\": [\"Order\"]}}]',5,2),(533,'2022-03-19 10:34:15.907386','116','60x120   STERLINA GREY MAT',2,'[{\"changed\": {\"fields\": [\"Order\"]}}]',5,2),(534,'2022-03-19 10:34:30.108644','112','60x120   STERLINA SILVER PLSH',2,'[{\"changed\": {\"fields\": [\"Order\"]}}]',5,2),(535,'2022-03-19 10:34:45.347168','129','60x120  CORE BEIGE MAT',2,'[{\"changed\": {\"fields\": [\"Order\"]}}]',5,2),(536,'2022-03-19 10:35:02.247346','131','60x120  CORE FUME MAT',2,'[{\"changed\": {\"fields\": [\"Order\"]}}]',5,2),(537,'2022-03-19 10:35:19.177191','130','60x120  CORE GREY MAT',2,'[{\"changed\": {\"fields\": [\"Order\"]}}]',5,2),(538,'2022-03-19 10:35:30.800782','114','60x120  KALAHARI',2,'[{\"changed\": {\"fields\": [\"Order\"]}}]',5,2),(539,'2022-03-19 10:35:42.778977','120','60x120  QUASAR',2,'[{\"changed\": {\"fields\": [\"Order\"]}}]',5,2),(540,'2022-03-19 10:35:54.677554','106','60x120  ROYAL MARBLE',2,'[{\"changed\": {\"fields\": [\"Order\"]}}]',5,2),(541,'2022-03-19 10:36:06.743391','107','60x120  ROYAL MARBLE  BEIGE',2,'[{\"changed\": {\"fields\": [\"Order\"]}}]',5,2),(542,'2022-03-19 10:36:18.462561','108','60x120  ROYAL MARBLE WHITE',2,'[{\"changed\": {\"fields\": [\"Order\"]}}]',5,2),(543,'2022-03-19 10:36:28.795288','113','60x120  UNDERGROUND',2,'[{\"changed\": {\"fields\": [\"Order\"]}}]',5,2),(544,'2022-03-19 10:39:10.877905','105','60x120 ATLANTIC',2,'[{\"changed\": {\"fields\": [\"Order\"]}}]',5,2),(545,'2022-03-19 10:39:22.702275','118','60x120 BASALT',2,'[{\"changed\": {\"fields\": [\"Order\"]}}]',5,2),(546,'2022-03-19 10:39:35.265817','122','60x120 BOOK MATCH',2,'[{\"changed\": {\"fields\": [\"Order\"]}}]',5,2),(547,'2022-03-19 10:39:47.543562','111','60x120 CALACATTA AQUA',2,'[{\"changed\": {\"fields\": [\"Order\"]}}]',5,2),(548,'2022-03-19 10:40:20.162022','132','60x120 CORE ANTRACITE   MAT',2,'[{\"changed\": {\"fields\": [\"Order\"]}}]',5,2),(549,'2022-03-19 10:40:34.758582','117','60x120 CORE WHITE  MAT',2,'[{\"changed\": {\"fields\": [\"Order\"]}}]',5,2),(550,'2022-03-19 10:40:48.703983','103','60x120 JAVA BLACK',2,'[{\"changed\": {\"fields\": [\"Order\"]}}]',5,2),(551,'2022-03-19 10:41:02.164030','104','60x120 JAVA BROWN',2,'[{\"changed\": {\"fields\": [\"Order\"]}}]',5,2),(552,'2022-03-19 10:41:12.671450','119','60x120 LIMESTONE',2,'[{\"changed\": {\"fields\": [\"Order\"]}}]',5,2),(553,'2022-03-19 10:42:26.948387','10','60x120 PANDA MARBLE',2,'[{\"changed\": {\"fields\": [\"Order\"]}}]',5,2),(554,'2022-03-19 10:43:05.324479','10','60x120 PANDA MARBLE',3,'',5,2),(555,'2022-03-19 10:43:44.672566','115','60x120 STERLINA WHITE MAT',2,'[{\"changed\": {\"fields\": [\"Order\"]}}]',5,2),(556,'2022-03-19 10:44:27.428370','9','60x120 INVISIBLE MARBLE',2,'[{\"changed\": {\"fields\": [\"Order\"]}}]',5,2),(557,'2022-03-19 10:47:38.001537','92','60x60  KRISTAL BONE',2,'[{\"changed\": {\"fields\": [\"Order\"]}}]',5,2),(558,'2022-03-19 10:48:02.033044','89','60x60  PRAGA',2,'[{\"changed\": {\"fields\": [\"Order\"]}}]',5,2),(559,'2022-03-19 10:48:17.753075','88','60x60  RODOS',2,'[{\"changed\": {\"fields\": [\"Order\"]}}]',5,2),(560,'2022-03-19 10:48:32.784336','100','60x60 BASALT BEIGE',2,'[{\"changed\": {\"fields\": [\"Order\"]}}]',5,2),(561,'2022-03-19 10:48:47.316451','101','60x60 BASALT FUME',2,'[{\"changed\": {\"fields\": [\"Order\"]}}]',5,2),(562,'2022-03-19 10:49:02.546758','91','60x60 CORE',2,'[{\"changed\": {\"fields\": [\"Order\"]}}]',5,2),(563,'2022-03-19 10:49:15.322760','96','60x60 CUMULUS GREY',2,'[{\"changed\": {\"fields\": [\"Order\"]}}]',5,2),(564,'2022-03-19 10:49:27.972949','97','60x60 INVISIBLE MARBLE',2,'[{\"changed\": {\"fields\": [\"Order\"]}}]',5,2),(565,'2022-03-19 10:49:39.578272','102','60x60 MADRA',2,'[{\"changed\": {\"fields\": [\"Order\"]}}]',5,2),(566,'2022-03-19 10:50:07.712277','87','60x60 MARMO',2,'[{\"changed\": {\"fields\": [\"Order\"]}}]',5,2),(567,'2022-03-19 10:50:17.514425','99','60x60 MONACO',2,'[{\"changed\": {\"fields\": [\"Order\"]}}]',5,2),(568,'2022-03-19 10:50:45.858654','98','60x60 PALODA',2,'[{\"changed\": {\"fields\": [\"Order\"]}}]',5,2),(569,'2022-03-19 10:51:00.225305','95','60x60 STERLINE MAT  GREY',2,'[{\"changed\": {\"fields\": [\"Order\"]}}]',5,2),(570,'2022-03-19 10:51:10.698293','94','60x60 STERLINE MAT LVORY',2,'[{\"changed\": {\"fields\": [\"Order\"]}}]',5,2),(571,'2022-03-19 10:51:24.432931','90','60x60 SUITE GREY',2,'[{\"changed\": {\"fields\": [\"Order\"]}}]',5,2),(572,'2022-03-19 10:53:03.660922','85','50x50   MAGMA ANTHRACITE',2,'[{\"changed\": {\"fields\": [\"Order\"]}}]',5,2),(573,'2022-03-19 10:53:15.067495','86','50x50  MAGMA GREY',2,'[{\"changed\": {\"fields\": [\"Order\"]}}]',5,2),(574,'2022-03-19 10:53:47.304825','84','45x90 LAVA',2,'[{\"changed\": {\"fields\": [\"Order\"]}}]',5,2),(575,'2022-03-19 10:53:57.889777','123','45x90 RUST',2,'[{\"changed\": {\"fields\": [\"Order\"]}}]',5,2),(576,'2022-03-19 10:55:00.974130','79','45x45   LIMA GREY',2,'[{\"changed\": {\"fields\": [\"Order\"]}}]',5,2),(577,'2022-03-19 10:55:17.548199','80','45x45  MIONI BEIGE MATTE',2,'[{\"changed\": {\"fields\": [\"Order\"]}}]',5,2),(578,'2022-03-19 10:55:27.540265','81','45x45  MIONI BONE MATTE',2,'[{\"changed\": {\"fields\": [\"Order\"]}}]',5,2),(579,'2022-03-19 10:55:39.456447','82','45x45  MIONI GREY MATTE',2,'[{\"changed\": {\"fields\": [\"Order\"]}}]',5,2),(580,'2022-03-19 10:55:50.691724','83','45x45 RODOS BIANCO',2,'[{\"changed\": {\"fields\": [\"Order\"]}}]',5,2),(581,'2022-03-19 10:56:26.116304','78','40x60   RAIN STONE BEIGE',2,'[{\"changed\": {\"fields\": [\"Order\"]}}]',5,2),(582,'2022-03-19 10:57:10.428752','67','40x60  FORMAT',2,'[{\"changed\": {\"fields\": [\"Order\"]}}]',5,2),(583,'2022-03-19 10:57:31.230024','71','40x60  KEY STONE BLUE',2,'[{\"changed\": {\"fields\": [\"Order\"]}}]',5,2),(584,'2022-03-19 10:57:46.813166','75','40x60  MARDIN STONE GREM',2,'[{\"changed\": {\"fields\": [\"Order\"]}}]',5,2),(585,'2022-03-19 10:57:56.832750','69','40x60 ALDA GREY',2,'[{\"changed\": {\"fields\": [\"Order\"]}}]',5,2),(586,'2022-03-19 10:58:07.881513','70','40x60 ALDA WHITE',2,'[{\"changed\": {\"fields\": [\"Order\"]}}]',5,2),(587,'2022-03-19 10:58:18.416169','74','40x60 KEY STONE BROWN',2,'[{\"changed\": {\"fields\": [\"Order\"]}}]',5,2),(588,'2022-03-19 10:58:30.490416','73','40x60 KEY STONE GREY',2,'[{\"changed\": {\"fields\": [\"Order\"]}}]',5,2),(589,'2022-03-19 10:58:42.002858','76','40x60 MARDIN STONE GOLD',2,'[{\"changed\": {\"fields\": [\"Order\"]}}]',5,2),(590,'2022-03-19 10:58:52.488178','77','40x60 RAIN STONE GREY',2,'[{\"changed\": {\"fields\": [\"Order\"]}}]',5,2),(591,'2022-03-19 10:59:59.452344','72','40x60KEY STONE GREEN',2,'[{\"changed\": {\"fields\": [\"Order\"]}}]',5,2),(592,'2022-03-19 11:02:40.111723','61','33x33  HOME WHITE',2,'[{\"changed\": {\"fields\": [\"Order\"]}}]',5,2),(593,'2022-03-19 11:02:56.223281','63','33x33  NUANS',2,'[{\"changed\": {\"fields\": [\"Order\"]}}]',5,2),(594,'2022-03-19 11:03:10.922945','64','33x33  SATEN WHITE',2,'[{\"changed\": {\"fields\": [\"Order\"]}}]',5,2),(595,'2022-03-19 11:03:31.813472','66','33x33  URBAN GREY',2,'[{\"changed\": {\"fields\": [\"Order\"]}}]',5,2),(596,'2022-03-19 11:03:46.678585','65','33x33 URBAN BEIGE',2,'[{\"changed\": {\"fields\": [\"Order\"]}}]',5,2),(597,'2022-03-19 11:05:56.604242','58','30x90  MILAS',2,'[{\"changed\": {\"fields\": [\"Order\"]}}]',5,2),(598,'2022-03-19 11:06:12.317331','55','30x90  SAVANA GREY',2,'[{\"changed\": {\"fields\": [\"Order\"]}}]',5,2),(599,'2022-03-19 11:06:31.793044','60','30x90  THE MARBLE',2,'[{\"changed\": {\"fields\": [\"Order\"]}}]',5,2),(600,'2022-03-19 11:06:44.366100','57','30x90 ESCAPE',2,'[{\"changed\": {\"fields\": [\"Order\"]}}]',5,2),(601,'2022-03-19 11:06:59.400097','56','30x90 OCEAN WALL',2,'[{\"changed\": {\"fields\": [\"Order\"]}}]',5,2),(602,'2022-03-19 11:07:09.608239','54','30x90 SAVANA BEIGE',2,'[{\"changed\": {\"fields\": [\"Order\"]}}]',5,2),(603,'2022-03-19 11:07:21.252592','124','30x90 SAVANA BEIGE DECOR',2,'[{\"changed\": {\"fields\": [\"Order\"]}}]',5,2),(604,'2022-03-19 11:07:33.505267','125','30x90 SAVANA GREY DECOR',2,'[{\"changed\": {\"fields\": [\"Order\"]}}]',5,2),(605,'2022-03-19 11:14:11.552755','42','30x60   MIONI',2,'[{\"changed\": {\"fields\": [\"Order\"]}}]',5,2),(606,'2022-03-19 11:14:24.223278','45','30x60   MIONI GREY',2,'[{\"changed\": {\"fields\": [\"Order\"]}}]',5,2),(607,'2022-03-19 11:14:49.823590','43','30x60  MIONI BEIGE',2,'[{\"changed\": {\"fields\": [\"Order\"]}}]',5,2),(608,'2022-03-19 11:15:29.721309','44','30x60  MIONI BONE',2,'[{\"changed\": {\"fields\": [\"Order\"]}}]',5,2),(609,'2022-03-19 11:16:45.123861','47','30x60  POSEIDON GREY',2,'[{\"changed\": {\"fields\": [\"Order\"]}}]',5,2),(610,'2022-03-19 11:17:20.214596','48','30x60  POSEIDON IVORY',2,'[{\"changed\": {\"fields\": [\"Order\"]}}]',5,2),(611,'2022-03-19 11:17:36.615469','126','30x60 LIMA  GREY',2,'[{\"changed\": {\"fields\": [\"Order\"]}}]',5,2),(612,'2022-03-19 11:17:47.392459','50','30X60 LIMA GREY FUME',2,'[{\"changed\": {\"fields\": [\"Order\"]}}]',5,2),(613,'2022-03-19 11:17:57.465530','41','30x60 LUPUS',2,'[{\"changed\": {\"fields\": [\"Order\"]}}]',5,2),(614,'2022-03-19 11:18:55.847316','40','30x30   CLASSIC CARRARA',2,'[{\"changed\": {\"fields\": [\"Order\"]}}]',5,2),(615,'2022-03-19 11:19:26.152867','39','25X65 MARMO',2,'[{\"changed\": {\"fields\": [\"Order\"]}}]',5,2),(616,'2022-03-19 11:19:50.920150','37','22x85 AQUA',2,'[{\"changed\": {\"fields\": [\"Order\"]}}]',5,2),(617,'2022-03-19 11:19:58.979153','38','22x85 GOLD',2,'[{\"changed\": {\"fields\": [\"Order\"]}}]',5,2),(618,'2022-03-19 11:20:40.867293','36','20x120   MASSIVE WOOD',2,'[{\"changed\": {\"fields\": [\"Order\"]}}]',5,2),(619,'2022-03-19 11:20:57.207301','34','20x120  LARIX FUME',2,'[{\"changed\": {\"fields\": [\"Order\"]}}]',5,2),(620,'2022-03-19 11:21:14.802906','35','20x120  LARIX LVORY',2,'[{\"changed\": {\"fields\": [\"Order\"]}}]',5,2),(621,'2022-03-19 11:21:54.659427','32','15X90  BARKWOOD WALNUT',2,'[{\"changed\": {\"fields\": [\"Order\"]}}]',5,2),(622,'2022-03-19 11:22:05.934191','33','15X90 ROSIN',2,'[{\"changed\": {\"fields\": [\"Order\"]}}]',5,2),(623,'2022-03-19 11:24:16.261172','31','15x60  VINTAGE',2,'[{\"changed\": {\"fields\": [\"Order\"]}}]',5,2),(624,'2022-03-19 11:28:40.893754','129','60x120  CORE BEIGE MAT',2,'[{\"changed\": {\"fields\": [\"Image 1\"]}}]',5,2),(625,'2022-03-19 11:35:49.113921','51','30x60 KAYAH',2,'[{\"changed\": {\"fields\": [\"Name\", \"Order\"]}}]',5,2),(626,'2022-03-19 11:36:45.848243','52','30x60 INVISBLE MARBLE',2,'[{\"changed\": {\"fields\": [\"Name\", \"Order\"]}}]',5,2),(627,'2022-03-19 11:43:02.993706','104','60x120 JAVA BROWN',3,'',5,2),(628,'2022-03-19 12:02:59.344168','53','30x60 HELENA',2,'[{\"changed\": {\"fields\": [\"Name\", \"Status\", \"Order\"]}}]',5,2),(629,'2022-03-27 08:17:33.338150','133','1051 Kalekim',1,'[{\"added\": {}}]',5,2),(630,'2022-03-27 08:27:34.942278','134','1052 Kalekimbeyaz',1,'[{\"added\": {}}]',5,2),(631,'2022-03-27 08:35:32.379741','135','1053 Kalekimtozumaz',1,'[{\"added\": {}}]',5,2),(632,'2022-03-27 08:44:20.959764','136','1054 Technoflex',1,'[{\"added\": {}}]',5,2),(633,'2022-03-27 08:49:24.383609','137','1055 Granitech',1,'[{\"added\": {}}]',5,2),(634,'2022-03-27 08:56:34.088712','138','1056 Profesyonel',1,'[{\"added\": {}}]',5,2),(635,'2022-03-27 09:02:03.593406','139','1058 Technoblock',1,'[{\"added\": {}}]',5,2),(636,'2022-03-27 09:09:45.317225','140','1059 Ultratech',1,'[{\"added\": {}}]',5,2),(637,'2022-03-27 09:10:02.072812','135','1053 Kalekimtozumaz',2,'[{\"changed\": {\"fields\": [\"Image 1\"]}}]',5,2),(638,'2022-03-27 09:13:24.639080','141','1060 Technomax 30',1,'[{\"added\": {}}]',5,2),(639,'2022-03-27 09:19:47.760432','142','1062 Technopool',1,'[{\"added\": {}}]',5,2),(640,'2022-03-27 09:25:56.540358','143','Profesyonel Flex',1,'[{\"added\": {}}]',5,2),(641,'2022-03-27 09:41:17.074061','144','2000 Fuga',1,'[{\"added\": {}}]',5,2),(642,'2022-03-27 09:44:10.302192','144','2000 Fuga',2,'[{\"changed\": {\"fields\": [\"Packaging\"]}}]',5,2),(643,'2022-03-27 09:48:27.050152','145','2200 Ultrafuga',1,'[{\"added\": {}}]',5,2),(644,'2022-03-27 09:52:57.761248','146','2300 Fugaflex',1,'[{\"added\": {}}]',5,2),(645,'2022-03-27 11:45:10.119746','147','2500 Ultrafuga Flex',1,'[{\"added\": {}}]',5,2),(646,'2022-03-27 11:50:19.169873','148','2600 Fugaflex',1,'[{\"added\": {}}]',5,2),(647,'2022-03-27 11:54:10.954769','149','2900 Fugapool',1,'[{\"added\": {}}]',5,2),(648,'2022-03-27 12:03:33.563100','150','2700 Ultrafuga Flex Tozumaz',1,'[{\"added\": {}}]',5,2),(649,'2022-03-27 12:05:40.743623','149','2900 Fugapool',3,'',5,2),(650,'2022-03-27 12:07:43.258388','151','2900 Fugapool',1,'[{\"added\": {}}]',5,2),(651,'2022-03-28 08:30:49.133503','152','2400 Fugaflex Rapid',1,'[{\"added\": {}}]',5,2),(652,'2022-03-28 08:36:26.182714','146','2300 Fugaflex',2,'[{\"changed\": {\"fields\": [\"Status\"]}}]',5,2),(653,'2022-03-28 08:36:53.674957','147','2500 Ultrafuga Flex',2,'[{\"changed\": {\"fields\": [\"Status\"]}}]',5,2),(654,'2022-03-28 08:37:30.336213','148','2600 Fugaflex',2,'[{\"changed\": {\"fields\": [\"Status\"]}}]',5,2),(655,'2022-03-28 08:38:16.601647','150','2700 Ultrafuga Flex Tozumaz',2,'[{\"changed\": {\"fields\": [\"Status\"]}}]',5,2),(656,'2022-03-28 08:47:18.571052','152','2400 Fugaflex Rapid',2,'[{\"changed\": {\"fields\": [\"Status\"]}}]',5,2),(657,'2022-03-28 09:10:24.787208','153','2954 Epotech +',1,'[{\"added\": {}}]',5,2),(658,'2022-03-28 09:42:16.954374','154','3001 zostop',1,'[{\"added\": {}}]',5,2),(659,'2022-03-28 10:20:03.593459','155','3023 zolatex',1,'[{\"added\": {}}]',5,2),(660,'2022-03-28 10:25:50.780776','156','3024 zolatex Plus',1,'[{\"added\": {}}]',5,2),(661,'2022-03-28 10:36:10.895200','157','3027 zolatex UV',1,'[{\"added\": {}}]',5,2),(662,'2022-03-28 10:43:02.019261','158','3131 Elastikor',1,'[{\"added\": {}}]',5,2),(663,'2022-03-28 10:50:34.938607','159','3151 Elasticool',1,'[{\"added\": {}}]',5,2),(664,'2022-03-28 10:52:06.215375','158','3131 Elastikor',2,'[{\"changed\": {\"fields\": [\"Order\"]}}]',5,2),(665,'2022-03-28 10:52:31.537024','159','3151 Elasticool',2,'[{\"changed\": {\"fields\": [\"Order\"]}}]',5,2),(666,'2022-03-28 10:53:09.170681','159','3151 Elasticool',2,'[{\"changed\": {\"fields\": [\"Image 1\"]}}]',5,2),(667,'2022-03-28 11:03:23.797151','160','3501 Kalekim Waterproofing Tape',1,'[{\"added\": {}}]',5,2),(668,'2022-03-28 11:08:53.344494','161','3502 Kalekim Dilatation Tape',1,'[{\"added\": {}}]',5,2),(669,'2022-03-28 11:23:01.535134','162','3111 Elastiser',1,'[{\"added\": {}}]',5,2),(670,'2022-03-28 11:25:38.358826','163','zoline 100',1,'[{\"added\": {}}]',5,2),(671,'2022-03-28 11:28:47.588198','164','3022 zolatex 1K',1,'[{\"added\": {}}]',5,2),(672,'2022-03-28 12:17:07.978549','165','3503 zoswell',1,'[{\"added\": {}}]',5,2),(673,'2022-03-29 06:13:06.670041','8','3151 ELASTICOOL',3,'',5,2),(674,'2022-03-29 06:16:15.149847','13','CONCRETE CORSE PRIMER',2,'[{\"changed\": {\"fields\": [\"Order\"]}}]',5,2),(675,'2022-03-29 06:18:45.853966','29','OXSED CONCRETE PRIEMER (CORSE PRIEMER)',3,'',5,2),(676,'2022-03-29 06:21:19.537765','13','CONCRETE CORSE PRIMER',2,'[{\"changed\": {\"fields\": [\"Image 1\"]}}]',5,2),(677,'2022-03-29 06:22:21.037661','13','CONCRETE CORSE PRIMER',2,'[{\"changed\": {\"fields\": [\"Order\"]}}]',5,2),(678,'2022-03-29 06:38:02.965304','23','T-POX  3400 CR',2,'[{\"changed\": {\"fields\": [\"Name\"]}}]',5,2),(679,'2022-03-29 06:47:39.655687','166','T-POL 3400',1,'[{\"added\": {}}]',5,2),(680,'2022-03-29 06:56:37.218283','167','4041 Kalekim Finish Plaster',1,'[{\"added\": {}}]',5,2),(681,'2022-03-29 06:59:58.893487','168','4009 Macunart',1,'[{\"added\": {}}]',5,2),(682,'2022-03-29 07:06:52.974779','169','fn50',1,'[{\"added\": {}}]',5,2),(683,'2022-03-29 07:49:44.643841','170','FN 25',1,'[{\"added\": {}}]',5,2),(684,'2022-03-29 07:52:23.041640','170','FN 25',2,'[{\"changed\": {\"fields\": [\"Image 1\", \"Technical manual\"]}}]',5,2),(685,'2022-03-29 07:58:50.275889','171','M coat decor',1,'[{\"added\": {}}]',5,2),(686,'2022-03-29 08:07:03.548939','172','4001 Tamirart 5',1,'[{\"added\": {}}]',5,2),(687,'2022-03-29 08:10:58.094507','173','4004 Tamirart S40',1,'[{\"added\": {}}]',5,2),(688,'2022-03-29 08:16:04.473943','174','4201 Mastar 10',1,'[{\"added\": {}}]',5,2),(689,'2022-03-29 08:22:35.374138','175','4507 B-Tone',1,'[{\"added\": {}}]',5,2),(690,'2022-03-29 08:27:55.450830','176','4505 Kalekim Astar',1,'[{\"added\": {}}]',5,2),(691,'2022-03-29 08:32:37.191221','177','5005 Kalekim Latex',1,'[{\"added\": {}}]',5,2),(692,'2022-03-29 08:40:03.371537','171','M coat decor',2,'[{\"changed\": {\"fields\": [\"Image 1\"]}}]',5,2),(693,'2022-03-29 08:41:09.105715','178','5005 Kalekim Latex',1,'[{\"added\": {}}]',5,2),(694,'2022-03-29 08:56:39.848739','179','smooty paste (powder)',1,'[{\"added\": {}}]',5,2),(695,'2022-03-29 09:00:08.550633','180','M COAT SMOOTY SURFACE',1,'[{\"added\": {}}]',5,2),(696,'2022-03-29 09:01:25.305930','167','4041 Kalekim Finish Plaster',2,'[{\"changed\": {\"fields\": [\"Order\"]}}]',5,2),(697,'2022-03-29 09:01:44.932804','168','4009 Macunart',2,'[{\"changed\": {\"fields\": [\"Order\"]}}]',5,2),(698,'2022-03-29 09:23:58.784624','180','M COAT SMOOTY SURFACE',2,'[{\"changed\": {\"fields\": [\"Image 1\"]}}]',5,2),(699,'2022-03-29 09:25:02.567523','1','ULTRA LIGHT-WEIGHT',2,'[{\"changed\": {\"fields\": [\"Order\"]}}]',5,2),(700,'2022-03-29 11:09:13.469651','181','Tecnica 32 DS',1,'[{\"added\": {}}]',5,2),(701,'2022-03-29 11:24:03.714117','182','Tecnica 34 DS',1,'[{\"added\": {}}]',5,2),(702,'2022-03-29 11:25:39.176007','182','Tecnica 34 DS',2,'[{\"changed\": {\"fields\": [\"Image 1\"]}}]',5,2),(703,'2022-03-29 11:32:30.429891','183','Tecnica 132',1,'[{\"added\": {}}]',5,2),(704,'2022-03-29 11:39:45.112320','184','Tecnica 242 SL',1,'[{\"added\": {}}]',5,2),(705,'2022-03-29 12:23:38.343243','185','Tecnica 332',1,'[{\"added\": {}}]',5,2),(706,'2022-03-29 12:59:31.476958','11','Solvent Primer T-POX 2600',2,'[{\"changed\": {\"fields\": [\"Description\"]}}]',5,2),(707,'2022-03-30 06:39:08.688881','186','T-POX 2600',1,'[{\"added\": {}}]',5,2),(708,'2022-03-30 06:43:25.225194','187','T-POX 3300',1,'[{\"added\": {}}]',5,2),(709,'2022-03-30 06:44:10.217718','6','T-POX 3300',2,'[{\"changed\": {\"fields\": [\"Name\", \"Description\"]}}]',5,2),(710,'2022-03-30 06:48:43.328533','5','T-POX 3100',2,'[{\"changed\": {\"fields\": [\"Name\", \"Slug\", \"Description\"]}}]',5,2),(711,'2022-03-30 06:49:30.808415','188','T-POX 3100',1,'[{\"added\": {}}]',5,2),(712,'2022-03-30 06:52:49.809315','189','T-POX  3400 CR',1,'[{\"added\": {}}]',5,2),(713,'2022-03-30 06:52:59.701100','23','T-POX  3400 CR',2,'[]',5,2),(714,'2022-03-30 06:55:17.725604','190','T-POX 2200',1,'[{\"added\": {}}]',5,2),(715,'2022-03-30 06:57:18.810846','19','T-POX 2200',2,'[]',5,2),(716,'2022-03-30 06:58:27.635062','188','T-POX 3100',2,'[{\"changed\": {\"fields\": [\"Image 1\", \"Technical manual\"]}}]',5,2),(717,'2022-03-30 07:00:36.878299','190','T-POX 2200',2,'[{\"changed\": {\"fields\": [\"Image 1\", \"Technical manual\"]}}]',5,2),(718,'2022-03-30 07:02:41.310571','12','ASPHLT  PAINT 2C',2,'[{\"changed\": {\"fields\": [\"Order\"]}}]',5,2),(719,'2022-03-30 07:09:51.843102','191','tpox2000',1,'[{\"added\": {}}]',5,2),(720,'2022-03-30 07:11:53.929879','192','EPOXY JOINT T-POX 3700',1,'[{\"added\": {}}]',5,2),(721,'2022-03-30 07:13:40.729372','191','T-POX 2000',2,'[{\"changed\": {\"fields\": [\"Name\"]}}]',5,2),(722,'2022-03-30 08:40:33.173901','177','5005 Kalekim Latex',3,'',5,2),(723,'2022-03-30 08:42:40.287245','178','5005 Kalekim Latex',2,'[{\"changed\": {\"fields\": [\"Image 1\", \"Technical manual\"]}}]',5,2),(724,'2022-03-30 09:45:57.047023','173','4004 Tamirart S40',2,'[{\"changed\": {\"fields\": [\"Image 1\", \"Technical manual\"]}}]',5,2),(725,'2022-03-31 08:43:28.678405','107','60x120  ROYAL MARBLE  BEIGE',2,'[{\"changed\": {\"fields\": [\"Category\"]}}]',5,2),(726,'2022-03-31 08:44:45.071209','101','60x60 BASALT FUME',2,'[{\"changed\": {\"fields\": [\"Status\"]}}]',5,2),(727,'2022-03-31 08:44:58.829610','56','30x90 OCEAN WALL',2,'[{\"changed\": {\"fields\": [\"Status\"]}}]',5,2),(728,'2022-03-31 08:45:12.897509','96','60x60 CUMULUS GREY',2,'[{\"changed\": {\"fields\": [\"Status\"]}}]',5,2),(729,'2022-03-31 08:45:28.810882','94','60x60 STERLINE MAT LVORY',2,'[{\"changed\": {\"fields\": [\"Status\"]}}]',5,2),(730,'2022-03-31 08:45:46.107012','90','60x60 SUITE GREY',2,'[{\"changed\": {\"fields\": [\"Status\"]}}]',5,2),(731,'2022-04-02 08:27:12.336990','193','BRCL**10 - Sper Ayna Paslanmaz elik Bordr Profilleri',1,'[{\"added\": {}}]',5,2),(732,'2022-04-02 09:44:36.340210','194','BRCK 3064',1,'[{\"added\": {}}]',5,2),(733,'2022-04-02 11:09:22.744429','195','BRCK3012',1,'[{\"added\": {}}]',5,2),(734,'2022-04-02 11:18:03.802143','196','BRCK3013',1,'[{\"added\": {}}]',5,2),(735,'2022-04-02 11:25:49.421803','195','BRCK3012',2,'[]',5,2),(736,'2022-04-02 11:49:31.672316','197','FPSOE1010',1,'[{\"added\": {}}]',5,2),(737,'2022-04-02 12:00:43.297520','198','FPSOE1020',1,'[{\"added\": {}}]',5,2),(738,'2022-04-02 12:43:08.647198','199','FPSE1010',1,'[{\"added\": {}}]',5,2),(739,'2022-04-02 12:46:10.717950','199','FPSE-1010',2,'[{\"changed\": {\"fields\": [\"Name\"]}}]',5,2),(740,'2022-04-03 08:28:43.355621','200','FCPSE1060',1,'[{\"added\": {}}]',5,2),(741,'2022-04-03 09:03:08.530608','201','BRDA3010 - 30 mm Aluminium Convex Border Profiles',1,'[{\"added\": {}}]',5,2),(742,'2022-04-03 09:05:04.441497','201','BRDA3010 - 30 mm Aluminium Convex Border Profiles',2,'[{\"changed\": {\"fields\": [\"Description\"]}}]',5,2),(743,'2022-04-03 09:59:51.997502','202','FPS1010',1,'[{\"added\": {}}]',5,2),(744,'2022-04-03 10:05:50.521038','203','FPS1060',1,'[{\"added\": {}}]',5,2),(745,'2022-04-03 11:10:10.219882','204','FCDP08',1,'[{\"added\": {}}]',5,2),(746,'2022-04-03 11:20:56.851864','205','PSLPR2070',1,'[{\"added\": {}}]',5,2),(747,'2022-04-03 11:38:23.329926','206','DLTA3010',1,'[{\"added\": {}}]',5,2),(748,'2022-04-03 11:40:03.515891','207','DLTA5010',1,'[{\"added\": {}}]',5,2),(749,'2022-04-03 11:44:02.964534','208','DLTA5020',1,'[{\"added\": {}}]',5,2),(750,'2022-04-03 11:48:10.352539','206','DLTA3010',2,'[{\"changed\": {\"fields\": [\"Image 1\"]}}]',5,2),(751,'2022-04-03 11:52:23.513988','209','DLTU3010',1,'[{\"added\": {}}]',5,2),(752,'2022-04-03 11:54:01.658092','210','DLTU3020',1,'[{\"added\": {}}]',5,2),(753,'2022-04-04 06:40:40.746171','211','GPRO10',1,'[{\"added\": {}}]',5,2),(754,'2022-04-04 06:53:07.038273','212','LKFK10',1,'[{\"added\": {}}]',5,2),(755,'2022-04-04 07:01:12.387612','213','GNPS12',1,'[{\"added\": {}}]',5,2),(756,'2022-04-04 07:02:04.432434','213','GNPS12',2,'[{\"changed\": {\"fields\": [\"Description\", \"Packaging\"]}}]',5,2),(757,'2022-04-04 07:11:29.706498','214','BRCL1020',1,'[{\"added\": {}}]',5,2),(758,'2022-04-04 07:18:14.270350','215','BRCL1060',1,'[{\"added\": {}}]',5,2),(759,'2022-04-04 07:32:31.724082','216','BRCL1070',1,'[{\"added\": {}}]',5,2),(760,'2022-04-04 07:59:56.788827','217','BAPV - PVC Bantl Basamak Profili',1,'[{\"added\": {}}]',5,2),(761,'2022-04-04 10:13:44.691844','218','GPRA50',1,'[{\"added\": {}}]',5,2),(762,'2022-04-04 10:23:29.391565','219','GPRTP15 -',1,'[{\"added\": {}}]',5,2),(763,'2022-04-04 10:27:46.455835','220','GPRT25',1,'[{\"added\": {}}]',5,2),(764,'2022-04-04 10:32:00.284643','221','GPRTP15',1,'[{\"added\": {}}]',5,2),(765,'2022-04-04 10:33:21.205245','221','GPRTP15',2,'[{\"changed\": {\"fields\": [\"Image 1\"]}}]',5,2),(766,'2022-04-04 10:33:40.085922','219','GPRTP15 -',3,'',5,2),(767,'2022-04-04 11:02:19.858930','204','FCDP08',2,'[{\"changed\": {\"fields\": [\"Image 1\"]}}]',5,2),(768,'2022-04-04 11:02:37.602250','204','FCDP08',2,'[{\"changed\": {\"fields\": [\"Image 1\"]}}]',5,2),(769,'2022-04-04 12:01:25.738467','222','LKFA10',1,'[{\"added\": {}}]',5,2),(770,'2022-04-05 06:28:33.707288','223','BRDA3050',1,'[{\"added\": {}}]',5,2),(771,'2022-04-05 06:40:35.415947','224','FPS1020',1,'[{\"added\": {}}]',5,2),(772,'2022-04-05 06:43:13.087294','225','FPS1070',1,'[{\"added\": {}}]',5,2),(773,'2022-04-05 06:48:53.533529','226','FPSOE1060',1,'[{\"added\": {}}]',5,2),(774,'2022-04-05 06:51:09.905564','227','FPSOE1070',1,'[{\"added\": {}}]',5,2),(775,'2022-04-05 07:00:13.366882','228','FA',1,'[{\"added\": {}}]',5,2),(776,'2022-04-05 07:03:35.681537','229','FAK',1,'[{\"added\": {}}]',5,2),(777,'2022-04-05 07:07:54.975733','230','FP12',1,'[{\"added\": {}}]',5,2),(778,'2022-04-05 07:16:19.650169','231','FBA',1,'[{\"added\": {}}]',5,2),(779,'2022-04-05 07:34:59.531693','232','PSLPR2010',1,'[{\"added\": {}}]',5,2),(780,'2022-04-05 07:38:46.186943','233','PSLPR2020',1,'[{\"added\": {}}]',5,2),(781,'2022-04-05 07:43:29.447579','234','PSLPR2030',1,'[{\"added\": {}}]',5,2),(782,'2022-04-05 07:48:51.170884','235','PSLPR 2060',1,'[{\"added\": {}}]',5,2),(783,'2022-04-05 07:55:29.698377','232','PSLPR2010',2,'[{\"changed\": {\"fields\": [\"Description\"]}}]',5,2),(784,'2022-04-05 08:01:56.893014','236','FIO10',1,'[{\"added\": {}}]',5,2),(785,'2022-04-05 08:07:37.482990','237','FIOK',1,'[{\"added\": {}}]',5,2),(786,'2022-04-05 08:27:50.959142','238','GNPRF',1,'[{\"added\": {}}]',5,2),(787,'2022-04-05 08:31:59.870538','239','GNALM',1,'[{\"added\": {}}]',5,2),(788,'2022-04-05 08:45:15.879189','240','MASTANO5',1,'[{\"added\": {}}]',5,2),(789,'2022-04-05 08:48:54.102059','241','MASTANO7',1,'[{\"added\": {}}]',5,2),(790,'2022-04-06 06:45:16.275359','242','DLTK50100',1,'[{\"added\": {}}]',5,2),(791,'2022-04-06 06:48:16.122647','243','DLTK',1,'[{\"added\": {}}]',5,2),(792,'2022-04-06 06:55:18.672448','244','FKA',1,'[{\"added\": {}}]',5,2),(793,'2022-04-06 07:04:38.494579','245','ARTI0101',1,'[{\"added\": {}}]',5,2),(794,'2022-04-06 07:07:23.881998','245','ARTI0101',2,'[{\"changed\": {\"fields\": [\"Image 1\"]}}]',5,2),(795,'2022-04-06 07:07:39.700633','245','ARTI0101',2,'[{\"changed\": {\"fields\": [\"Image 1\"]}}]',5,2),(796,'2022-04-06 07:09:56.263929','246','ARTI0202',1,'[{\"added\": {}}]',5,2),(797,'2022-04-06 07:11:36.185989','247','ARTI0201',1,'[{\"added\": {}}]',5,2),(798,'2022-04-06 07:13:44.784869','248','ARTI0301',1,'[{\"added\": {}}]',5,2),(799,'2022-04-06 07:15:18.118096','249','ARTI0401',1,'[{\"added\": {}}]',5,2),(800,'2022-04-06 07:16:36.486529','250','ARTI0501',1,'[{\"added\": {}}]',5,2),(801,'2022-04-06 07:19:21.855233','251','ARTI0801',1,'[{\"added\": {}}]',5,2),(802,'2022-04-06 07:21:17.338167','252','ARTI1001',1,'[{\"added\": {}}]',5,2),(803,'2022-04-06 07:24:24.582824','253','FTSF01 - Fayans Tesviye Klipsi',1,'[{\"added\": {}}]',5,2),(804,'2022-04-06 07:26:22.175609','254','FTSF02 - Fayans Tesviye Kamas',1,'[{\"added\": {}}]',5,2),(805,'2022-04-06 07:28:16.943933','255','FTSF03 - Fayans Tesviye Pensesi',1,'[{\"added\": {}}]',5,2),(806,'2022-04-06 07:30:21.376712','256','FTTV-Twister Fayans Tesviye Sitemi',1,'[{\"added\": {}}]',5,2),(807,'2022-04-06 07:42:48.222348','257','DLTU5020',1,'[{\"added\": {}}]',5,2),(808,'2022-04-06 08:10:00.992905','258','PVC L Profiller',1,'[{\"added\": {}}]',5,2),(809,'2022-04-06 08:31:06.320039','259','PVLPRK',1,'[{\"added\": {}}]',5,2),(810,'2022-04-06 09:01:45.211913','260','DKPGLV',1,'[{\"added\": {}}]',5,2),(811,'2022-04-06 09:03:59.319912','261','DKPPVC',1,'[{\"added\": {}}]',5,2),(812,'2022-04-06 09:05:58.752646','262','PKSK25',1,'[{\"added\": {}}]',5,2),(813,'2022-04-06 09:13:34.721874','263','MAST - Alminyum Sva Mastar',1,'[{\"added\": {}}]',5,2),(814,'2022-04-06 09:17:29.856845','264','MASTBICK',1,'[{\"added\": {}}]',5,2),(815,'2022-04-06 09:23:09.813980','265','DLTA3020',1,'[{\"added\": {}}]',5,2),(816,'2022-04-07 08:26:18.880362','266','BAPV - PVC Bantl Basamak Profili',1,'[{\"added\": {}}]',5,2),(817,'2022-04-07 08:36:43.050912','267','BHBP - PVC Bantl Hal Parke Burunluu',1,'[{\"added\": {}}]',5,2),(818,'2022-04-07 08:38:44.843978','268','PKPR50',1,'[{\"added\": {}}]',5,2),(819,'2022-04-07 08:51:37.082020','269','BK2010',1,'[{\"added\": {}}]',5,2),(820,'2022-04-07 08:54:21.042720','270','BK3822',1,'[{\"added\": {}}]',5,2),(821,'2022-04-07 11:40:01.298106','193','BRCL1010 - Sper Ayna Paslanmaz elik Bordr Profilleri',2,'[{\"changed\": {\"fields\": [\"Name\"]}}]',5,2),(822,'2022-04-07 11:50:57.982095','193','BRCL1010 - Sper Ayna Paslanmaz elik Bordr Profilleri',2,'[{\"changed\": {\"fields\": [\"Order\"]}}]',5,2),(823,'2022-04-07 11:51:13.488288','214','BRCL1020',2,'[{\"changed\": {\"fields\": [\"Order\"]}}]',5,2),(824,'2022-04-07 11:51:28.933290','215','BRCL1060',2,'[{\"changed\": {\"fields\": [\"Order\"]}}]',5,2),(825,'2022-04-07 11:51:46.877895','216','BRCL1070',2,'[{\"changed\": {\"fields\": [\"Order\"]}}]',5,2),(826,'2022-04-07 11:52:56.470914','194','BRCK 3064',2,'[{\"changed\": {\"fields\": [\"Order\"]}}]',5,2),(827,'2022-04-07 11:53:12.335429','195','BRCK3012',2,'[{\"changed\": {\"fields\": [\"Order\"]}}]',5,2),(828,'2022-04-07 11:53:27.961006','196','BRCK3013',2,'[{\"changed\": {\"fields\": [\"Order\"]}}]',5,2),(829,'2022-04-07 11:54:27.388217','197','FPSOE1010',2,'[{\"changed\": {\"fields\": [\"Order\"]}}]',5,2),(830,'2022-04-07 11:54:38.136380','198','FPSOE1020',2,'[{\"changed\": {\"fields\": [\"Order\"]}}]',5,2),(831,'2022-04-07 11:54:50.197452','226','FPSOE1060',2,'[{\"changed\": {\"fields\": [\"Order\"]}}]',5,2),(832,'2022-04-07 11:55:01.313247','227','FPSOE1070',2,'[{\"changed\": {\"fields\": [\"Order\"]}}]',5,2),(833,'2022-04-07 11:55:47.021556','199','FPSE-1010',2,'[{\"changed\": {\"fields\": [\"Order\"]}}]',5,2),(834,'2022-04-07 11:55:59.943208','200','FCPSE1060',2,'[{\"changed\": {\"fields\": [\"Order\"]}}]',5,2),(835,'2022-04-07 11:56:31.240808','202','FPS1010',2,'[{\"changed\": {\"fields\": [\"Order\"]}}]',5,2),(836,'2022-04-07 11:56:41.960998','203','FPS1060',2,'[{\"changed\": {\"fields\": [\"Order\"]}}]',5,2),(837,'2022-04-07 11:58:04.643586','232','PSLPR2010',2,'[{\"changed\": {\"fields\": [\"Order\"]}}]',5,2),(838,'2022-04-07 11:58:18.440343','233','PSLPR2020',2,'[{\"changed\": {\"fields\": [\"Order\"]}}]',5,2),(839,'2022-04-07 11:58:30.151319','234','PSLPR2030',2,'[{\"changed\": {\"fields\": [\"Order\"]}}]',5,2),(840,'2022-04-07 11:58:42.852677','235','PSLPR 2060',2,'[{\"changed\": {\"fields\": [\"Order\"]}}]',5,2),(841,'2022-04-07 11:58:53.060469','205','PSLPR2070',2,'[{\"changed\": {\"fields\": [\"Order\"]}}]',5,2),(842,'2022-04-07 11:59:42.044685','201','BRDA3010 - 30 mm Aluminium Convex Border Profiles',2,'[{\"changed\": {\"fields\": [\"Order\"]}}]',5,2),(843,'2022-04-07 11:59:52.356968','223','BRDA3050',2,'[{\"changed\": {\"fields\": [\"Order\"]}}]',5,2),(844,'2022-04-07 12:00:37.364168','204','FCDP08',2,'[{\"changed\": {\"fields\": [\"Order\"]}}]',5,2),(845,'2022-04-07 12:01:21.183199','230','FP12',2,'[{\"changed\": {\"fields\": [\"Order\"]}}]',5,2),(846,'2022-04-07 12:02:20.254097','228','FA',2,'[{\"changed\": {\"fields\": [\"Order\"]}}]',5,2),(847,'2022-04-07 12:02:31.212976','229','FAK',2,'[{\"changed\": {\"fields\": [\"Order\"]}}]',5,2),(848,'2022-04-07 12:04:55.104986','236','FIO10',2,'[{\"changed\": {\"fields\": [\"Order\"]}}]',5,2),(849,'2022-04-07 12:05:05.572748','237','FIOK',2,'[{\"changed\": {\"fields\": [\"Order\"]}}]',5,2),(850,'2022-04-07 12:05:43.217542','244','FKA',2,'[{\"changed\": {\"fields\": [\"Order\"]}}]',5,2),(851,'2022-04-07 12:22:17.317324','231','FBA',2,'[{\"changed\": {\"fields\": [\"Order\"]}}]',5,2),(852,'2022-04-10 06:41:43.844630','271','PVFLK',1,'[{\"added\": {}}]',5,2),(853,'2022-04-10 06:44:20.133640','271','PVFLK',2,'[{\"changed\": {\"fields\": [\"Description\"]}}]',5,2),(854,'2022-04-10 06:49:09.958697','272','STDB',1,'[{\"added\": {}}]',5,2),(855,'2022-04-10 07:00:22.010255','273','SVGLV',1,'[{\"added\": {}}]',5,2),(856,'2022-04-10 07:03:03.426555','211','GPRO10',2,'[{\"changed\": {\"fields\": [\"Order\"]}}]',5,2),(857,'2022-04-10 07:04:10.752371','239','GNALM',2,'[{\"changed\": {\"fields\": [\"Order\"]}}]',5,2),(858,'2022-04-10 07:05:48.222639','213','GNPS12',2,'[{\"changed\": {\"fields\": [\"Order\"]}}]',5,2),(859,'2022-04-10 07:06:28.093651','238','GNPRF',2,'[{\"changed\": {\"fields\": [\"Order\"]}}]',5,2),(860,'2022-04-10 07:08:01.851155','245','ARTI0101',2,'[{\"changed\": {\"fields\": [\"Order\"]}}]',5,2),(861,'2022-04-10 07:08:20.353145','246','ARTI0202',2,'[{\"changed\": {\"fields\": [\"Order\"]}}]',5,2),(862,'2022-04-10 07:09:15.434628','247','ARTI0201',2,'[{\"changed\": {\"fields\": [\"Order\"]}}]',5,2),(863,'2022-04-10 07:09:43.093429','248','ARTI0301',2,'[{\"changed\": {\"fields\": [\"Order\"]}}]',5,2),(864,'2022-04-10 07:09:57.204880','249','ARTI0401',2,'[{\"changed\": {\"fields\": [\"Order\"]}}]',5,2),(865,'2022-04-10 07:10:15.629812','250','ARTI0501',2,'[{\"changed\": {\"fields\": [\"Order\"]}}]',5,2),(866,'2022-04-10 07:10:30.643677','251','ARTI0801',2,'[{\"changed\": {\"fields\": [\"Order\"]}}]',5,2),(867,'2022-04-10 07:10:52.881792','250','ARTI0501',2,'[{\"changed\": {\"fields\": [\"Order\"]}}]',5,2),(868,'2022-04-10 07:11:03.967216','252','ARTI1001',2,'[{\"changed\": {\"fields\": [\"Order\"]}}]',5,2),(869,'2022-04-10 07:11:55.702975','253','FTSF01 - Fayans Tesviye Klipsi',2,'[{\"changed\": {\"fields\": [\"Order\"]}}]',5,2),(870,'2022-04-10 07:13:00.263469','209','DLTU3010',2,'[{\"changed\": {\"fields\": [\"Order\"]}}]',5,2),(871,'2022-04-10 07:13:11.368569','210','DLTU3020',2,'[{\"changed\": {\"fields\": [\"Order\"]}}]',5,2),(872,'2022-04-10 07:13:19.635811','257','DLTU5020',2,'[{\"changed\": {\"fields\": [\"Order\"]}}]',5,2),(873,'2022-04-10 07:17:36.945833','274','DLTU5010',1,'[{\"added\": {}}]',5,2),(874,'2022-04-10 07:18:06.093726','274','DLTU5010',2,'[{\"changed\": {\"fields\": [\"Image 1\"]}}]',5,2),(875,'2022-04-10 07:18:34.246756','206','DLTA3010',2,'[{\"changed\": {\"fields\": [\"Order\"]}}]',5,2),(876,'2022-04-10 07:18:44.266364','265','DLTA3020',2,'[{\"changed\": {\"fields\": [\"Order\"]}}]',5,2),(877,'2022-04-10 07:18:58.640312','207','DLTA5010',2,'[{\"changed\": {\"fields\": [\"Order\"]}}]',5,2),(878,'2022-04-10 07:19:07.815375','208','DLTA5020',2,'[{\"changed\": {\"fields\": [\"Order\"]}}]',5,2),(879,'2022-04-10 07:20:01.805487','243','DLTK',2,'[{\"changed\": {\"fields\": [\"Order\"]}}]',5,2),(880,'2022-04-10 07:20:31.908337','242','DLTK50100',2,'[{\"changed\": {\"fields\": [\"Order\"]}}]',5,2),(881,'2022-04-10 07:21:09.803282','266','BAPV - PVC Bantl Basamak Profili',2,'[{\"changed\": {\"fields\": [\"Order\"]}}]',5,2),(882,'2022-04-10 07:22:09.302208','217','BAPV - PVC Bantl Basamak Profili',2,'[{\"changed\": {\"fields\": [\"Order\"]}}]',5,2),(883,'2022-04-10 07:23:15.199034','267','BHBP - PVC Bantl Hal Parke Burunluu',2,'[{\"changed\": {\"fields\": [\"Order\"]}}]',5,2),(884,'2022-04-10 07:24:08.861696','268','PKPR50',2,'[{\"changed\": {\"fields\": [\"Order\"]}}]',5,2),(885,'2022-04-10 07:24:51.448163','212','LKFK10',2,'[{\"changed\": {\"fields\": [\"Order\"]}}]',5,2),(886,'2022-04-10 07:25:24.808721','269','BK2010',2,'[{\"changed\": {\"fields\": [\"Order\"]}}]',5,2),(887,'2022-04-10 07:25:32.145896','270','BK3822',2,'[{\"changed\": {\"fields\": [\"Order\"]}}]',5,2),(888,'2022-04-10 07:28:12.163213','222','LKFA10',2,'[{\"changed\": {\"fields\": [\"Order\"]}}]',5,2),(889,'2022-04-10 07:28:43.063817','218','GPRA50',2,'[{\"changed\": {\"fields\": [\"Order\"]}}]',5,2),(890,'2022-04-10 07:29:31.555621','220','GPRT25',2,'[{\"changed\": {\"fields\": [\"Order\"]}}]',5,2),(891,'2022-04-10 07:29:47.090731','221','GPRTP15',2,'[{\"changed\": {\"fields\": [\"Order\"]}}]',5,2),(892,'2022-04-10 07:30:46.695085','240','MASTANO5',2,'[{\"changed\": {\"fields\": [\"Order\"]}}]',5,2),(893,'2022-04-10 07:30:54.148652','241','MASTANO7',2,'[{\"changed\": {\"fields\": [\"Order\"]}}]',5,2),(894,'2022-04-10 07:31:42.501943','263','MAST - Alminyum Sva Mastar',2,'[{\"changed\": {\"fields\": [\"Order\"]}}]',5,2),(895,'2022-04-10 07:32:25.341388','260','DKPGLV',2,'[{\"changed\": {\"fields\": [\"Order\"]}}]',5,2),(896,'2022-04-10 07:33:06.486879','260','DKPGLV',2,'[]',5,2),(897,'2022-04-10 07:35:22.308416','262','PKSK25250',2,'[{\"changed\": {\"fields\": [\"Name\", \"Description\", \"Order\"]}}]',5,2),(898,'2022-04-10 07:35:51.291258','273','SVGLV',2,'[{\"changed\": {\"fields\": [\"Order\"]}}]',5,2),(899,'2022-04-10 07:36:23.439600','271','PVFLK',2,'[{\"changed\": {\"fields\": [\"Order\"]}}]',5,2),(900,'2022-04-10 07:36:53.920812','272','STDB',2,'[{\"changed\": {\"fields\": [\"Order\"]}}]',5,2),(901,'2022-04-10 07:37:41.528073','259','PVLPRK',2,'[{\"changed\": {\"fields\": [\"Order\"]}}]',5,2),(902,'2022-04-10 07:40:24.758501','254','FTSF02 - Fayans Tesviye Kamas',2,'[{\"changed\": {\"fields\": [\"Order\"]}}]',5,2),(903,'2022-04-10 07:40:32.710507','255','FTSF03 - Fayans Tesviye Pensesi',2,'[{\"changed\": {\"fields\": [\"Order\"]}}]',5,2),(904,'2022-04-10 07:42:11.268563','225','FPS1070',2,'[{\"changed\": {\"fields\": [\"Order\"]}}]',5,2),(905,'2022-04-10 07:43:41.904235','264','MASTBICK',2,'[{\"changed\": {\"fields\": [\"Order\"]}}]',5,2),(906,'2022-04-10 07:46:02.569547','261','DKPPVC',2,'[{\"changed\": {\"fields\": [\"Order\"]}}]',5,2),(907,'2022-04-10 07:47:09.431300','256','FTTV-Twister Fayans Tesviye Sitemi',2,'[{\"changed\": {\"fields\": [\"Order\"]}}]',5,2),(908,'2022-04-10 07:48:14.438521','258','PVC L Profiller',2,'[{\"changed\": {\"fields\": [\"Order\"]}}]',5,2),(909,'2022-04-10 07:54:36.512460','266','BAPV - PVC Bantl Basamak Profili',3,'',5,2),(910,'2022-05-09 16:08:45.225880','4','Test',1,'[{\"added\": {}}]',13,1),(911,'2022-05-09 16:08:57.420995','4','Test',2,'[{\"changed\": {\"fields\": [\"Staff status\"]}}]',13,1),(912,'2022-05-09 16:11:29.954614','4','Test',2,'[{\"changed\": {\"fields\": [\"User permissions\"]}}]',13,1),(913,'2022-05-09 16:15:17.987169','4','Test',2,'[]',13,1),(914,'2022-05-14 12:49:57.326376','275','EXTRUDED POLYSYRENE (XPS)',1,'[{\"added\": {}}]',5,2),(915,'2022-05-14 12:52:09.049605','275','EXTRUDED POLYSYRENE (XPS)',2,'[{\"changed\": {\"fields\": [\"Image 1\"]}}]',5,2),(916,'2022-05-14 12:52:23.144331','275','EXTRUDED POLYSYRENE (XPS)',2,'[{\"changed\": {\"fields\": [\"Image 1\"]}}]',5,2),(917,'2022-05-14 12:54:07.833563','275','EXTRUDED POLYSYRENE (XPS1500)',2,'[{\"changed\": {\"fields\": [\"Name\"]}}]',5,2),(918,'2022-05-14 12:59:18.157860','276','EXTRUDED POLYSYRENE (XPS 2000,3500)',1,'[{\"added\": {}}]',5,2),(919,'2022-05-14 13:00:36.845957','276','EXTRUDED POLYSYRENE (XPS 2000,3500)',2,'[{\"changed\": {\"fields\": [\"Order\"]}}]',5,2),(920,'2022-05-31 11:21:01.311712','277','JOKER PLUS EXT',1,'[{\"added\": {}}]',5,2),(921,'2022-05-31 12:09:17.893905','277','JOKER PLUS EXT 5122',2,'[{\"changed\": {\"fields\": [\"Brand\", \"Name\"]}}]',5,2),(922,'2022-05-31 12:17:35.567350','277','JOKER PLUS EXT 5122',2,'[{\"changed\": {\"fields\": [\"Packaging\"]}}]',5,2),(923,'2022-07-31 12:43:11.060729','1','theme_1',2,'[{\"changed\": {\"fields\": [\"Intro title\", \"Intro description\"]}}]',7,2),(924,'2022-07-31 13:26:29.734934','1','theme_1',2,'[{\"changed\": {\"fields\": [\"Intro description\"]}}]',7,2),(925,'2022-07-31 13:27:01.986582','1','theme_1',2,'[{\"changed\": {\"fields\": [\"Intro title\"]}}]',7,2),(926,'2022-08-28 11:53:15.279137','3','Khawnakan',2,'[{\"changed\": {\"fields\": [\"Name\", \"Slug\", \"Categories\", \"Products\"]}}]',8,2),(927,'2022-08-28 11:56:29.937315','3','Khawnakan',2,'[{\"changed\": {\"fields\": [\"Image 1\", \"Image 2\", \"Image 3\"]}}]',8,2),(928,'2022-08-28 12:34:13.696062','278','5335 Silastar',1,'[{\"added\": {}}]',5,2),(929,'2022-08-28 12:38:45.357217','279','5110 Performa+',1,'[{\"added\": {}}]',5,2),(930,'2022-08-28 12:43:27.537084','280','5045 Cemento',1,'[{\"added\": {}}]',5,2),(931,'2022-08-28 12:58:40.686818','281','5167 Joker Plus pek Mat',1,'[{\"added\": {}}]',5,2),(932,'2022-08-29 07:54:26.415803','282','5169 Joker Plus Mat',1,'[{\"added\": {}}]',5,2),(933,'2022-08-29 08:01:36.559670','283','5321 S7ANBUL Metalik',1,'[{\"added\": {}}]',5,2),(934,'2022-08-29 08:04:32.007820','284','5326 S7ANBUL Stucco Satine',1,'[{\"added\": {}}]',5,2),(935,'2022-08-29 08:06:44.823809','285','5319 s7anbul Aura',1,'[{\"added\": {}}]',5,2),(936,'2022-08-29 08:09:01.367176','286','5324 S7ANBUL Antique Coat',1,'[{\"added\": {}}]',5,2),(937,'2022-08-29 11:18:27.355345','287','5041 Betonart',1,'[{\"added\": {}}]',5,2),(938,'2022-08-29 11:23:25.621481','288','5028 Glass Plaster',1,'[{\"added\": {}}]',5,2),(939,'2022-08-29 11:26:11.485580','289','5319T S7ANBUL Aura (Easy Clean)',1,'[{\"added\": {}}]',5,2),(940,'2022-08-29 11:31:42.147620','290','5120 Silikonatex',1,'[{\"added\": {}}]',5,2),(941,'2022-08-29 11:33:14.754524','291','5113 Performa NS',1,'[{\"added\": {}}]',5,2),(942,'2022-08-29 11:37:02.898846','292','5006 Dekor Plus',1,'[{\"added\": {}}]',5,2),(943,'2022-08-29 12:18:19.784265','293','5026 Grenart Midi',1,'[{\"added\": {}}]',5,2),(944,'2022-08-29 12:20:38.798510','294','5024 Grenart Micro',1,'[{\"added\": {}}]',5,2),(945,'2022-09-04 08:51:53.030827','295','MS POLYMER',1,'[{\"added\": {}}]',5,2),(946,'2022-09-04 08:57:29.834257','296','MS 80',1,'[{\"added\": {}}]',5,2),(947,'2022-09-04 09:00:07.763235','297','M 35',1,'[{\"added\": {}}]',5,2),(948,'2022-09-04 09:06:43.110249','298','MS 20',1,'[{\"added\": {}}]',5,2),(949,'2022-09-04 09:12:47.551865','299','M 03',1,'[{\"added\": {}}]',5,2),(950,'2022-09-04 12:14:56.889091','300','ANTI SOUND PAINT',1,'[{\"added\": {}}]',5,2),(951,'2022-09-04 12:17:47.843404','301','ANTI FIRE PAINT PLUS',1,'[{\"added\": {}}]',5,2),(952,'2022-09-04 12:22:37.719390','302','ANTI-FIRE PAINT',1,'[{\"added\": {}}]',5,2),(953,'2022-09-04 12:26:56.917987','303','THERMAL PAINT',1,'[{\"added\": {}}]',5,2),(954,'2022-09-04 12:30:44.645100','304','MS 82',1,'[{\"added\": {}}]',5,2),(955,'2022-09-04 12:35:11.846292','305','POOL',1,'[{\"added\": {}}]',5,2),(956,'2022-09-04 12:40:25.734020','306','ANTI MOLOTOV',1,'[{\"added\": {}}]',5,2),(957,'2022-09-04 12:42:53.872301','307','SOIL WATER TRAP',1,'[{\"added\": {}}]',5,2),(958,'2022-09-08 13:20:51.354191','308','LIQUID GLASS',1,'[{\"added\": {}}]',5,2),(959,'2022-09-08 13:23:05.388726','309','FLOOR 2K',1,'[{\"added\": {}}]',5,2),(960,'2022-09-08 13:24:59.107106','310','SHINE FLOOR',1,'[{\"added\": {}}]',5,2),(961,'2022-09-08 13:26:47.048024','310','SHINE FLOOR',2,'[{\"changed\": {\"fields\": [\"Image 1\"]}}]',5,2),(962,'2022-09-08 13:30:58.466637','311','SS SOIL HARDENER',1,'[{\"added\": {}}]',5,2),(963,'2022-09-08 13:33:19.297844','312','EP PRIMER',1,'[{\"added\": {}}]',5,2),(964,'2022-09-09 21:38:26.319181','133','1051 Kalekim',2,'[{\"changed\": {\"fields\": [\"Image 2\"]}}]',5,1),(965,'2022-09-09 21:51:38.598290','133','1051 Kalekim',2,'[{\"changed\": {\"fields\": [\"Image 2\"]}}]',5,1),(966,'2022-09-09 21:51:52.282682','133','1051 Kalekim',2,'[{\"changed\": {\"fields\": [\"Image 2\"]}}]',5,1),(967,'2022-09-12 08:58:11.697512','313','5125',1,'[{\"added\": {}}]',5,2),(968,'2022-09-12 09:03:35.667000','314','5188',1,'[{\"added\": {}}]',5,2),(969,'2022-09-12 09:06:11.895057','315','5311',1,'[{\"added\": {}}]',5,2),(970,'2022-09-12 09:08:30.349394','1','theme_1',2,'[{\"changed\": {\"fields\": [\"Quote title\", \"Quote text\", \"Intro description\", \"Experience years\", \"About us text\", \"About us signature\", \"Our category text\", \"Why choose use 1 text\", \"Why choose use 2 text\", \"Why choose use 3 title\", \"Why choose use 3 text\"]}}]',7,2),(971,'2022-09-12 09:09:55.815386','1','theme_1',2,'[{\"changed\": {\"fields\": [\"About us signature\"]}}]',7,2),(972,'2022-09-12 09:13:45.545720','1','theme_1',2,'[{\"changed\": {\"fields\": [\"About us image\"]}}]',7,2),(973,'2022-09-12 10:58:20.938187','109','60x120   AMAZON',2,'[{\"changed\": {\"fields\": [\"Packaging\"]}}]',5,2),(974,'2022-09-12 11:02:06.265439','105','60x120 ATLANTIC',2,'[{\"changed\": {\"fields\": [\"Image 1\"]}}]',5,2),(975,'2022-09-12 11:02:41.979893','105','60x120 ATLANTIC',2,'[{\"changed\": {\"fields\": [\"Image 1\"]}}]',5,2),(976,'2022-09-12 11:15:46.646987','81','45x45  MIONI BONE MATTE',2,'[{\"changed\": {\"fields\": [\"Image 1\"]}}]',5,2),(977,'2022-09-12 11:16:11.138305','81','45x45  MIONI BONE MATTE',2,'[{\"changed\": {\"fields\": [\"Image 1\"]}}]',5,2),(978,'2022-09-12 11:17:00.536636','81','45x45  MIONI BONE MATTE',2,'[{\"changed\": {\"fields\": [\"Packaging\"]}}]',5,2),(979,'2022-09-12 11:18:26.527207','82','45x45  MIONI GREY MATTE',2,'[{\"changed\": {\"fields\": [\"Image 1\"]}}]',5,2),(980,'2022-09-12 11:18:52.027200','82','45x45  MIONI GREY MATTE',2,'[{\"changed\": {\"fields\": [\"Image 1\"]}}]',5,2),(981,'2022-09-12 11:20:23.066981','1','Dania City',2,'[{\"changed\": {\"fields\": [\"Image 1\", \"Image 2\", \"Image 3\"]}}]',8,2),(982,'2022-09-12 11:20:32.407531','2','Empire Tower',2,'[{\"changed\": {\"fields\": [\"Image 1\", \"Image 2\", \"Image 3\"]}}]',8,2),(983,'2022-09-12 11:20:41.793180','3','Khawnakan',2,'[{\"changed\": {\"fields\": [\"Image 1\", \"Image 2\", \"Image 3\"]}}]',8,2),(984,'2022-09-12 11:32:20.066166','44','30x60  MIONI BONE',2,'[{\"changed\": {\"fields\": [\"Image 1\"]}}]',5,2),(985,'2022-09-12 11:32:38.520243','44','30x60  MIONI BONE',2,'[{\"changed\": {\"fields\": [\"Image 1\"]}}]',5,2),(986,'2022-09-12 11:50:24.760527','3','FN-50',2,'[{\"changed\": {\"fields\": [\"Image 1\"]}}]',5,2),(987,'2022-09-12 11:50:47.237972','3','FN-50',2,'[{\"changed\": {\"fields\": [\"Image 1\"]}}]',5,2),(988,'2022-09-12 11:51:02.066378','169','fn50',2,'[{\"changed\": {\"fields\": [\"Image 1\"]}}]',5,2),(989,'2022-09-12 11:51:18.711750','169','fn50',2,'[{\"changed\": {\"fields\": [\"Image 1\"]}}]',5,2),(990,'2022-09-12 11:52:17.651578','187','T-POX 3300',2,'[{\"changed\": {\"fields\": [\"Image 1\"]}}]',5,2),(991,'2022-09-12 11:52:40.702218','187','T-POX 3300',2,'[{\"changed\": {\"fields\": [\"Image 1\"]}}]',5,2),(992,'2022-09-12 11:55:19.464567','27','FN 25',2,'[{\"changed\": {\"fields\": [\"Image 1\"]}}]',5,2),(993,'2022-09-12 11:55:35.906104','27','FN 25',2,'[{\"changed\": {\"fields\": [\"Image 1\"]}}]',5,2),(994,'2022-09-12 11:56:03.193413','170','FN 25',2,'[{\"changed\": {\"fields\": [\"Image 1\"]}}]',5,2),(995,'2022-09-12 11:57:19.428838','170','FN 25',2,'[{\"changed\": {\"fields\": [\"Image 1\"]}}]',5,2),(996,'2022-09-12 11:58:10.697656','12','ASPHLT  PAINT 2C',2,'[{\"changed\": {\"fields\": [\"Image 1\"]}}]',5,2),(997,'2022-09-12 11:59:04.918042','12','ASPHLT  PAINT 2C',2,'[{\"changed\": {\"fields\": [\"Image 1\"]}}]',5,2),(998,'2022-09-12 12:01:41.187860','13','CONCRETE CORSE PRIMER',2,'[{\"changed\": {\"fields\": [\"Image 1\"]}}]',5,2),(999,'2022-09-12 12:04:27.977645','14','ELAST',2,'[{\"changed\": {\"fields\": [\"Image 1\"]}}]',5,2),(1000,'2022-09-12 12:04:45.725051','14','ELAST',2,'[{\"changed\": {\"fields\": [\"Image 1\"]}}]',5,2),(1001,'2022-09-12 12:06:19.266398','192','EPOXY JOINT T-POX 3700',2,'[{\"changed\": {\"fields\": [\"Image 1\"]}}]',5,2),(1002,'2022-09-12 12:07:16.462037','2','EPOXY JOINT T-POX 3700',2,'[{\"changed\": {\"fields\": [\"Image 1\"]}}]',5,2),(1003,'2022-09-12 12:07:38.314858','2','EPOXY JOINT T-POX 3700',2,'[{\"changed\": {\"fields\": [\"Image 1\"]}}]',5,2),(1004,'2022-09-12 12:11:40.890328','28','M COAT DECO THERMAL',2,'[{\"changed\": {\"fields\": [\"Image 1\"]}}]',5,2),(1005,'2022-09-12 12:12:06.507169','28','M COAT DECO THERMAL',2,'[{\"changed\": {\"fields\": [\"Image 1\"]}}]',5,2),(1006,'2022-09-12 12:12:24.499664','171','M coat decor',2,'[{\"changed\": {\"fields\": [\"Image 1\"]}}]',5,2),(1007,'2022-09-12 12:12:40.738205','171','M coat decor',2,'[{\"changed\": {\"fields\": [\"Image 1\"]}}]',5,2),(1008,'2022-09-12 12:13:14.977402','171','M coat decor',2,'[{\"changed\": {\"fields\": [\"Image 1\"]}}]',5,2),(1009,'2022-09-12 12:16:06.076319','7','EPOXY PRIEMER  T-POX 2000',2,'[]',5,2),(1010,'2022-09-12 12:27:20.308697','15','M SEAL',2,'[{\"changed\": {\"fields\": [\"Image 1\"]}}]',5,2),(1011,'2022-09-12 12:28:23.971825','15','M SEAL',2,'[{\"changed\": {\"fields\": [\"Image 1\"]}}]',5,2),(1012,'2022-09-12 12:31:20.978233','16','M STAR ASTER',2,'[{\"changed\": {\"fields\": [\"Image 1\"]}}]',5,2),(1013,'2022-09-12 12:31:43.919745','16','M STAR ASTER',2,'[{\"changed\": {\"fields\": [\"Image 1\"]}}]',5,2),(1014,'2022-09-12 12:42:03.068293','179','smooty paste (powder)',2,'[{\"changed\": {\"fields\": [\"Image 1\"]}}]',5,2),(1015,'2022-09-12 12:43:13.886623','26','SMOOTY PASTE (POWDER)',2,'[{\"changed\": {\"fields\": [\"Image 1\"]}}]',5,2),(1016,'2022-09-12 12:46:56.543912','25','M COAT SMOOTY SURFACE',2,'[]',5,2),(1017,'2022-09-12 12:46:59.269899','179','smooty paste (powder)',2,'[]',5,2),(1018,'2022-09-12 13:01:17.209901','186','T-POX 2600',2,'[{\"changed\": {\"fields\": [\"Image 1\"]}}]',5,2),(1019,'2022-09-12 13:01:46.330508','186','T-POX 2600',2,'[{\"changed\": {\"fields\": [\"Image 1\"]}}]',5,2),(1020,'2022-09-12 13:04:28.053991','17','STOP WATER',2,'[{\"changed\": {\"fields\": [\"Image 1\"]}}]',5,2),(1021,'2022-09-12 13:04:47.370582','17','STOP WATER',2,'[{\"changed\": {\"fields\": [\"Image 1\"]}}]',5,2),(1022,'2022-09-12 13:09:02.723687','18','WP-PT9200 UV',2,'[{\"changed\": {\"fields\": [\"Image 1\"]}}]',5,2),(1023,'2022-09-12 13:09:24.163806','18','WP-PT9200 UV',2,'[{\"changed\": {\"fields\": [\"Image 1\"]}}]',5,2),(1024,'2022-09-12 13:12:38.468500','166','T-POL 3400',2,'[{\"changed\": {\"fields\": [\"Image 1\"]}}]',5,2),(1025,'2022-09-12 13:12:59.430718','166','T-POL 3400',2,'[{\"changed\": {\"fields\": [\"Image 1\"]}}]',5,2),(1026,'2022-09-12 13:17:26.682711','21','T-POX  2700',2,'[{\"changed\": {\"fields\": [\"Image 1\"]}}]',5,2),(1027,'2022-09-12 13:18:31.478262','21','T-POX  2700',2,'[{\"changed\": {\"fields\": [\"Image 1\"]}}]',5,2),(1028,'2022-09-12 13:19:30.655368','11','Solvent Primer T-POX 2600',2,'[{\"changed\": {\"fields\": [\"Image 1\"]}}]',5,2),(1029,'2022-09-12 13:20:30.163050','186','T-POX 2600',2,'[{\"changed\": {\"fields\": [\"Image 1\"]}}]',5,2),(1030,'2022-09-12 13:20:54.043882','186','T-POX 2600',2,'[{\"changed\": {\"fields\": [\"Image 1\"]}}]',5,2),(1031,'2022-09-12 13:22:30.870104','23','T-POX  3400 CR',2,'[{\"changed\": {\"fields\": [\"Image 1\"]}}]',5,2),(1032,'2022-09-12 13:22:53.240175','23','T-POX  3400 CR',2,'[{\"changed\": {\"fields\": [\"Image 1\"]}}]',5,2),(1033,'2022-09-12 13:26:22.343989','191','T-POX 2000',2,'[{\"changed\": {\"fields\": [\"Image 1\"]}}]',5,2),(1034,'2022-09-12 13:26:49.575414','191','T-POX 2000',2,'[{\"changed\": {\"fields\": [\"Image 1\"]}}]',5,2),(1035,'2022-09-12 13:29:52.390314','190','T-POX 2200',2,'[{\"changed\": {\"fields\": [\"Image 1\"]}}]',5,2),(1036,'2022-09-12 13:30:18.760423','190','T-POX 2200',2,'[{\"changed\": {\"fields\": [\"Image 1\"]}}]',5,2),(1037,'2022-09-12 13:30:36.180840','19','T-POX 2200',2,'[{\"changed\": {\"fields\": [\"Image 1\"]}}]',5,2),(1038,'2022-09-12 13:31:01.973430','19','T-POX 2200',2,'[{\"changed\": {\"fields\": [\"Image 1\"]}}]',5,2),(1039,'2022-09-12 13:33:13.706092','188','T-POX 3100',2,'[{\"changed\": {\"fields\": [\"Image 1\"]}}]',5,2),(1040,'2022-09-12 13:34:16.293905','188','T-POX 3100',2,'[{\"changed\": {\"fields\": [\"Image 1\"]}}]',5,2),(1041,'2022-09-12 13:34:27.722278','5','T-POX 3100',2,'[{\"changed\": {\"fields\": [\"Image 1\"]}}]',5,2),(1042,'2022-09-12 13:34:52.056171','5','T-POX 3100',2,'[{\"changed\": {\"fields\": [\"Image 1\"]}}]',5,2),(1043,'2022-09-12 13:36:44.988619','20','T-POX 2400',2,'[{\"changed\": {\"fields\": [\"Image 1\"]}}]',5,2),(1044,'2022-09-12 13:37:18.336326','20','T-POX 2400',2,'[{\"changed\": {\"fields\": [\"Image 1\"]}}]',5,2),(1045,'2022-09-12 13:42:31.902568','187','T-POX 3300',2,'[{\"changed\": {\"fields\": [\"Image 1\"]}}]',5,2),(1046,'2022-09-12 13:43:09.023819','187','T-POX 3300',2,'[{\"changed\": {\"fields\": [\"Image 1\"]}}]',5,2),(1047,'2022-09-12 13:43:21.341313','6','T-POX 3300',2,'[{\"changed\": {\"fields\": [\"Image 1\"]}}]',5,2),(1048,'2022-09-12 13:43:42.824673','6','T-POX 3300',2,'[{\"changed\": {\"fields\": [\"Image 1\"]}}]',5,2),(1049,'2022-09-12 17:04:39.430447','1','Django',2,'[{\"changed\": {\"fields\": [\"Title\"]}}]',9,1),(1050,'2022-09-12 17:05:26.504183','1','Django',2,'[{\"changed\": {\"fields\": [\"Name\"]}}]',9,1),(1051,'2022-09-12 17:06:52.520576','1','PanyCo',2,'[{\"changed\": {\"fields\": [\"Name\"]}}]',9,1),(1052,'2022-09-12 17:09:41.598358','1','PanyCo',2,'[{\"changed\": {\"fields\": [\"Name\"]}}]',9,1),(1053,'2022-09-12 17:10:01.578280','1','PanyCompany',2,'[{\"changed\": {\"fields\": [\"Name\"]}}]',9,1),(1054,'2022-09-12 17:11:45.626183','1','PanyCompany',2,'[{\"changed\": {\"fields\": [\"Logo\"]}}]',9,1),(1055,'2022-09-12 17:12:50.601900','1','PanyCompany',2,'[{\"changed\": {\"fields\": [\"Favicon\"]}}]',9,1),(1056,'2022-09-12 17:13:39.718810','1','PanyCompany',2,'[{\"changed\": {\"fields\": [\"Color\"]}}]',9,1),(1057,'2022-09-12 17:14:33.654662','1','PanyCompany',2,'[{\"changed\": {\"fields\": [\"Color\"]}}]',9,1),(1058,'2022-09-12 17:17:10.410247','1','PanyCompany',2,'[{\"changed\": {\"fields\": [\"Logo\"]}}]',9,1),(1059,'2022-09-12 17:21:04.051672','1','PanyCompany',2,'[{\"changed\": {\"fields\": [\"Favicon\"]}}]',9,1),(1060,'2022-09-12 17:21:14.675298','1','PanyCompany',2,'[{\"changed\": {\"fields\": [\"Logo\"]}}]',9,1),(1061,'2022-09-12 17:21:45.828541','1','PanyCompany',2,'[{\"changed\": {\"fields\": [\"Logo\"]}}]',9,1),(1062,'2022-09-12 17:23:13.305237','1','PanyCompany',2,'[{\"changed\": {\"fields\": [\"Logo\"]}}]',9,1),(1063,'2022-09-12 17:23:49.599895','1','PanyCompany',2,'[{\"changed\": {\"fields\": [\"Logo\"]}}]',9,1),(1064,'2022-09-12 17:24:12.843868','1','PanyCompany',2,'[{\"changed\": {\"fields\": [\"Title\", \"Color\"]}}]',9,1),(1065,'2022-09-12 17:24:53.140266','1','PanyCompany',2,'[{\"changed\": {\"fields\": [\"Visible\"]}}]',9,1),(1066,'2022-09-12 17:25:24.349963','1','PanyCompany',2,'[{\"changed\": {\"fields\": [\"Visible\"]}}]',9,1),(1067,'2022-09-12 17:27:19.776251','1','PanyCompany',2,'[{\"changed\": {\"fields\": [\"Logo\"]}}]',9,1),(1068,'2022-09-12 17:28:55.675903','1','PanyCompany',2,'[{\"changed\": {\"fields\": [\"Title\"]}}]',9,1),(1069,'2022-09-13 05:44:59.210868','1','panycompany.com',2,'[{\"changed\": {\"fields\": [\"Domain name\", \"Display name\"]}}]',16,1),(1070,'2022-09-13 05:47:40.764836','1','www.panycompany.com',2,'[{\"changed\": {\"fields\": [\"Domain name\"]}}]',16,1),(1071,'2022-09-13 05:57:23.920174','1','PanyCompany',2,'[{\"changed\": {\"fields\": [\"Logo\"]}}]',9,1),(1072,'2022-09-13 06:08:39.882158','1','PanyCompany',2,'[{\"changed\": {\"fields\": [\"Color\"]}}]',9,1),(1073,'2022-09-13 12:05:31.477658','316','1411 Technopur',1,'[{\"added\": {}}]',5,2),(1074,'2022-09-13 12:15:01.172663','317','1057 Foamtech',1,'[{\"added\": {}}]',5,2),(1075,'2022-09-13 12:34:22.041280','318','1230 Supertech',1,'[{\"added\": {}}]',5,2),(1076,'2022-09-13 12:38:39.694143','319','1302 Epotech W',1,'[{\"added\": {}}]',5,2),(1077,'2022-09-13 12:59:47.911678','320','3005 zostop Rapid',1,'[{\"added\": {}}]',5,2),(1078,'2022-09-13 13:07:36.163516','321','3025 Ultralastic',1,'[{\"added\": {}}]',5,2),(1079,'2022-09-13 13:13:40.818335','322','3029 Ultralastic',1,'[{\"added\": {}}]',5,2),(1080,'2022-09-13 13:28:08.872732','323','3032 zoseal 2K+',1,'[{\"added\": {}}]',5,2),(1081,'2022-09-13 13:32:57.362315','324','3351 Durex',1,'[{\"added\": {}}]',5,2),(1082,'2022-09-13 13:36:11.955102','325','3401 zoblok 2K+',1,'[{\"added\": {}}]',5,2),(1083,'2022-09-13 13:40:03.783850','326','3452 zopur P',1,'[{\"added\": {}}]',5,2),(1084,'2022-09-13 13:43:15.548899','327','3451 zopur',1,'[{\"added\": {}}]',5,2),(1085,'2022-09-13 13:46:54.692362','328','3453 zopur C',1,'[{\"added\": {}}]',5,2),(1086,'2022-09-13 13:52:40.370566','329','3455 zopur Trans P',1,'[{\"added\": {}}]',5,2),(1087,'2022-09-13 13:55:48.244675','330','3454 zopur Trans',1,'[{\"added\": {}}]',5,2),(1088,'2022-09-13 13:59:42.610816','331','4701 zoline Astar',1,'[{\"added\": {}}]',5,2),(1089,'2022-09-14 08:04:33.299595','332','4057 Foamplast',1,'[{\"added\": {}}]',5,2),(1090,'2022-09-14 08:15:13.490352','333','4081 Minart Silver 100',1,'[{\"added\": {}}]',5,2),(1091,'2022-09-14 08:17:07.701387','334','4082 Minart Silver 200',1,'[{\"added\": {}}]',5,2),(1092,'2022-09-14 08:20:41.957608','335','4085 Minart Silver 300',1,'[{\"added\": {}}]',5,2),(1093,'2022-09-14 08:26:19.487426','336','4211 Groutart Rapid',1,'[{\"added\": {}}]',5,2),(1094,'2022-09-14 08:29:39.145548','337','4410 Tamirart AC',1,'[{\"added\": {}}]',5,2),(1095,'2022-09-14 08:34:22.603934','338','4506 Kalekim Dolgulu Astar',1,'[{\"added\": {}}]',5,2),(1096,'2022-09-14 08:49:28.959538','339','4510 Gypsastar',1,'[{\"added\": {}}]',5,2),(1097,'2022-09-14 08:58:50.934639','340','5005 Kalekim Latex',1,'[{\"added\": {}}]',5,2),(1098,'2022-09-14 09:03:14.991090','178','5005 Kalekim Latex',3,'',5,2),(1099,'2022-09-14 09:05:14.795352','340','5005 Kalekim Latex',2,'[]',5,2),(1100,'2022-09-14 09:10:22.398421','341','5101 Betoplus 101',1,'[{\"added\": {}}]',5,2),(1101,'2022-09-14 09:17:26.076015','342','8201 Seracare',1,'[{\"added\": {}}]',5,2),(1102,'2022-09-14 09:20:09.473572','343','8251 Seracare',1,'[{\"added\": {}}]',5,2),(1103,'2022-09-14 09:33:34.812216','344','8001 Kalemastik',1,'[{\"added\": {}}]',5,2),(1104,'2022-09-14 09:49:07.861438','345','8011-8015 Kalesilikon',1,'[{\"added\": {}}]',5,2),(1105,'2022-09-14 09:54:14.718643','346','8021 Kalepolymas',1,'[{\"added\": {}}]',5,2),(1106,'2022-09-14 09:58:09.758547','347','1401 Technobond PU',1,'[{\"added\": {}}]',5,2),(1107,'2022-09-14 10:00:42.753244','348','8101 Kalefoam',1,'[{\"added\": {}}]',5,2),(1108,'2022-09-14 10:45:49.590671','349','Tecnica 22 CW',1,'[{\"added\": {}}]',5,2),(1109,'2022-09-14 10:49:15.441562','350','7201 Antiasit',1,'[{\"added\": {}}]',5,2),(1110,'2022-09-14 10:53:01.986429','313','5125 KALE MATT EXTERIOR',2,'[{\"changed\": {\"fields\": [\"Name\"]}}]',5,2),(1111,'2022-09-14 10:53:40.462959','314','5188 KALE MATT INTERIOR',2,'[{\"changed\": {\"fields\": [\"Name\"]}}]',5,2),(1112,'2022-09-14 10:54:18.658311','315','5311 KALE PRIMER',2,'[{\"changed\": {\"fields\": [\"Name\"]}}]',5,2),(1113,'2022-09-14 12:48:32.782335','351','5600 Renklendirici',1,'[{\"added\": {}}]',5,2),(1114,'2022-09-14 12:53:10.851037','352','5320 S7ANBUL Sedef',1,'[{\"added\": {}}]',5,2),(1115,'2022-09-14 12:58:10.703883','353','5322 S7ANBUL Reflekte',1,'[{\"added\": {}}]',5,2),(1116,'2022-09-15 06:28:06.690040','88','60x60  RODOS  BIANCO',2,'[{\"changed\": {\"fields\": [\"Name\"]}}]',5,2),(1117,'2022-09-15 06:32:48.340060','354','50x50 vega',1,'[{\"added\": {}}]',5,2),(1118,'2022-09-15 06:33:16.306768','84','45x90  ETNA LAVA',2,'[{\"changed\": {\"fields\": [\"Name\"]}}]',5,2),(1119,'2022-09-15 06:33:27.682646','123','45x90 ETNA RUST',2,'[{\"changed\": {\"fields\": [\"Name\"]}}]',5,2),(1120,'2022-09-15 06:37:33.264194','60','30x90  THE MARBLE SERIES',2,'[{\"changed\": {\"fields\": [\"Name\"]}}]',5,2),(1121,'2022-09-15 06:38:22.854334','56','30x90 OCEAN WALL TURQUOISE',2,'[{\"changed\": {\"fields\": [\"Name\"]}}]',5,2),(1122,'2022-09-15 06:39:01.763223','52','30x60 INVISBLE MARBLE POLISHED',2,'[{\"changed\": {\"fields\": [\"Name\"]}}]',5,2),(1123,'2022-09-15 06:40:07.230193','50','30X60 LIMA FUME',2,'[{\"changed\": {\"fields\": [\"Name\"]}}]',5,2),(1124,'2022-09-15 06:42:07.411629','37','22x85  FUJI AQUA',2,'[{\"changed\": {\"fields\": [\"Name\"]}}]',5,2),(1125,'2022-09-15 06:42:18.002558','38','22x85  FUJI GOLD',2,'[{\"changed\": {\"fields\": [\"Name\"]}}]',5,2),(1126,'2022-09-15 06:43:05.981394','36','20x120   MASSIVE WOOD OAK',2,'[{\"changed\": {\"fields\": [\"Name\"]}}]',5,2),(1127,'2022-09-15 06:43:42.260554','35','20x120  LARIX iVORY',2,'[{\"changed\": {\"fields\": [\"Name\"]}}]',5,2),(1128,'2022-09-15 06:44:56.874342','33','15X90 ROSIN BROWN',2,'[{\"changed\": {\"fields\": [\"Name\"]}}]',5,2),(1129,'2022-09-15 11:20:25.921674','355','1051 kalekim',1,'[{\"added\": {}}]',5,2),(1130,'2022-09-15 11:32:36.386835','356','1052 kalekim',1,'[{\"added\": {}}]',5,2),(1131,'2022-09-15 11:42:18.001666','357','1055 kalerkim',1,'[{\"added\": {}}]',5,2),(1132,'2022-09-15 11:44:42.917997','135','1053 Kalekim',2,'[{\"changed\": {\"fields\": [\"Name\"]}}]',5,2),(1133,'2022-09-15 11:45:10.617617','137','1055 Granitech',2,'[]',5,2),(1134,'2022-09-15 11:45:21.101343','137','1055 Granitech',3,'',5,2),(1135,'2022-09-15 11:53:25.187316','358','fayser fuga',1,'[{\"added\": {}}]',5,2),(1136,'2022-09-15 11:56:01.925745','359','1919 kalekim',1,'[{\"added\": {}}]',5,2),(1137,'2022-09-15 12:17:28.196059','360','Manto Stone Wool R+',1,'[{\"added\": {}}]',5,2),(1138,'2022-09-15 12:20:52.721725','276','foam board',2,'[{\"changed\": {\"fields\": [\"Name\"]}}]',5,2),(1139,'2022-09-15 12:22:43.162322','275','EXTRUDED POLYSYRENE (XPS1500)',2,'[]',5,2),(1140,'2022-09-15 13:09:20.915706','361','LIQUID GLASS',1,'[{\"added\": {}}]',5,2),(1141,'2022-09-15 13:12:39.783871','362','LIQUID GLASS',1,'[{\"added\": {}}]',5,2),(1142,'2022-09-15 13:13:06.564829','362','LIQUID GLASS',3,'',5,2),(1143,'2022-09-15 13:13:33.492047','361','LIQUID GLASS',2,'[{\"changed\": {\"fields\": [\"Image 1\", \"Technical manual\"]}}]',5,2),(1144,'2022-09-17 06:33:05.705178','363','1951 kalekim',1,'[{\"added\": {}}]',5,2),(1145,'2022-09-17 06:37:07.995673','364','1952 kalekim',1,'[{\"added\": {}}]',5,2),(1146,'2022-09-17 07:00:27.445205','365','1953 kalekim',1,'[{\"added\": {}}]',5,2),(1147,'2022-09-17 07:08:53.062407','366','1954',1,'[{\"added\": {}}]',5,2),(1148,'2022-09-17 07:09:05.881950','366','1954 kalekim',2,'[{\"changed\": {\"fields\": [\"Name\"]}}]',5,2),(1149,'2022-09-17 07:10:57.943330','366','1954 kalekim',2,'[]',5,2),(1150,'2022-09-17 07:13:06.020622','367','1955 kalekim',1,'[{\"added\": {}}]',5,2),(1151,'2022-09-17 07:25:23.054880','368','MS RUBBER',1,'[{\"added\": {}}]',5,2),(1152,'2022-09-17 07:30:41.840435','369','NANO-CLEAN',1,'[{\"added\": {}}]',5,2),(1153,'2022-09-17 09:22:24.686378','206','DLTA3010',2,'[{\"changed\": {\"fields\": [\"Brand\"]}}]',5,2),(1154,'2022-09-17 09:23:04.172400','224','FPS1020',2,'[{\"changed\": {\"fields\": [\"Brand\"]}}]',5,2),(1155,'2022-09-17 12:18:21.894103','370','33x33 yuksel',1,'[{\"added\": {}}]',5,2),(1156,'2022-09-17 12:29:51.932638','371','MOSSAICA',1,'[{\"added\": {}}]',5,2),(1157,'2022-09-17 12:36:08.553742','372','12x24.5 kale',1,'[{\"added\": {}}]',5,2),(1158,'2022-09-17 13:39:51.774868','357','1055 kalekim',2,'[{\"changed\": {\"fields\": [\"Name\"]}}]',5,2),(1159,'2022-09-18 06:24:35.009412','373','T-POL 3600',1,'[{\"added\": {}}]',5,2),(1160,'2022-09-18 07:42:54.404807','171','M coat decor',2,'[{\"changed\": {\"fields\": [\"Image 1\"]}}]',5,2),(1161,'2022-09-18 07:47:03.150133','171','M coat decor',2,'[{\"changed\": {\"fields\": [\"Technical manual\"]}}]',5,2),(1162,'2022-09-18 07:49:51.773733','280','5045 Cemento',2,'[{\"changed\": {\"fields\": [\"Packaging\"]}}]',5,2),(1163,'2022-09-18 09:09:17.166451','13','CONCRETE CORSE PRIMER',2,'[{\"changed\": {\"fields\": [\"Status\"]}}]',5,2),(1164,'2022-09-18 09:28:30.942578','136','1054 Technoflex',2,'[{\"changed\": {\"fields\": [\"Image 1\"]}}]',5,2),(1165,'2022-09-18 09:29:50.474433','139','1058 Technoblock',2,'[{\"changed\": {\"fields\": [\"Image 1\"]}}]',5,2),(1166,'2022-09-18 09:31:58.069051','138','1056 Profesyonel',2,'[{\"changed\": {\"fields\": [\"Image 1\"]}}]',5,2),(1167,'2022-09-18 10:11:37.803290','357','1055 kalekim',2,'[{\"changed\": {\"fields\": [\"Image 1\"]}}]',5,2),(1168,'2022-09-18 10:17:51.392105','140','1059 Ultratech',2,'[{\"changed\": {\"fields\": [\"Image 1\"]}}]',5,2),(1169,'2022-09-18 10:18:19.995174','140','1059 Ultratech',2,'[{\"changed\": {\"fields\": [\"Image 1\"]}}]',5,2),(1170,'2022-09-18 10:18:30.696524','140','1059 Ultratech',2,'[{\"changed\": {\"fields\": [\"Image 1\"]}}]',5,2),(1171,'2022-09-18 12:46:13.895413','340','5005 Kalekim Latex',2,'[{\"changed\": {\"fields\": [\"Category\", \"Features\"]}}]',5,2),(1172,'2022-09-18 12:47:19.469541','341','5101 Betoplus 101',2,'[{\"changed\": {\"fields\": [\"Category\", \"Features\"]}}]',5,2),(1173,'2022-09-18 12:48:28.481797','341','5101 Betoplus 101',2,'[]',5,2),(1174,'2022-09-18 13:19:19.253883','356','fayser standart',2,'[{\"changed\": {\"fields\": [\"Name\", \"Description\", \"Technical manual\"]}}]',5,2),(1175,'2022-09-18 13:20:11.984675','356','fayser standart',2,'[{\"changed\": {\"fields\": [\"Order\", \"Technical manual\"]}}]',5,2),(1176,'2022-09-18 13:21:00.237670','133','1051 Kalekim',3,'',5,2),(1177,'2022-09-18 13:21:31.487626','355','1051 kalekim',2,'[{\"changed\": {\"fields\": [\"Order\"]}}]',5,2),(1178,'2022-09-18 13:21:50.350365','134','1052 Kalekimbeyaz',2,'[{\"changed\": {\"fields\": [\"Order\"]}}]',5,2),(1179,'2022-09-18 13:22:06.788610','135','1053 Kalekim',2,'[{\"changed\": {\"fields\": [\"Order\"]}}]',5,2),(1180,'2022-09-18 13:22:21.565715','136','1054 Technoflex',2,'[{\"changed\": {\"fields\": [\"Order\"]}}]',5,2),(1181,'2022-09-18 13:22:33.315186','357','1055 kalekim',2,'[{\"changed\": {\"fields\": [\"Order\"]}}]',5,2),(1182,'2022-09-18 13:22:58.397880','138','1056 Profesyonel',2,'[{\"changed\": {\"fields\": [\"Order\"]}}]',5,2),(1183,'2022-09-18 13:23:16.368725','317','1057 Foamtech',2,'[{\"changed\": {\"fields\": [\"Order\"]}}]',5,2),(1184,'2022-09-18 13:23:32.743695','139','1058 Technoblock',2,'[{\"changed\": {\"fields\": [\"Order\"]}}]',5,2),(1185,'2022-09-18 13:23:58.597427','140','1059 Ultratech',2,'[{\"changed\": {\"fields\": [\"Order\"]}}]',5,2),(1186,'2022-09-18 13:24:13.186201','141','1060 Technomax 30',2,'[{\"changed\": {\"fields\": [\"Order\"]}}]',5,2),(1187,'2022-09-18 13:25:36.907090','142','1062 Technopool',2,'[{\"changed\": {\"fields\": [\"Order\"]}}]',5,2),(1188,'2022-09-18 13:26:37.369834','363','1951 kalekim',2,'[{\"changed\": {\"fields\": [\"Order\"]}}]',5,2),(1189,'2022-09-18 13:27:05.113671','364','1952 kalekim',2,'[{\"changed\": {\"fields\": [\"Order\"]}}]',5,2),(1190,'2022-09-18 13:27:38.738268','365','1953 kalekim',2,'[{\"changed\": {\"fields\": [\"Order\"]}}]',5,2),(1191,'2022-09-18 13:27:52.532272','366','1954 kalekim',2,'[{\"changed\": {\"fields\": [\"Order\"]}}]',5,2),(1192,'2022-09-18 13:28:28.298977','367','1955 kalekim',2,'[{\"changed\": {\"fields\": [\"Order\"]}}]',5,2),(1193,'2022-09-18 13:29:34.922080','359','1919 kalekim',2,'[{\"changed\": {\"fields\": [\"Order\"]}}]',5,2),(1194,'2022-09-18 13:30:32.887129','318','1230 Supertech',2,'[{\"changed\": {\"fields\": [\"Order\"]}}]',5,2),(1195,'2022-09-18 13:31:01.530663','319','1302 Epotech W',2,'[{\"changed\": {\"fields\": [\"Order\"]}}]',5,2),(1196,'2022-09-18 13:32:16.721535','316','1411 Technopur',2,'[{\"changed\": {\"fields\": [\"Order\"]}}]',5,2),(1197,'2022-09-18 13:32:53.822919','358','fayser fuga',2,'[{\"changed\": {\"fields\": [\"Order\"]}}]',5,2),(1198,'2022-09-18 13:35:42.406906','144','fuga 2000',2,'[{\"changed\": {\"fields\": [\"Name\", \"Slug\", \"Description\", \"Order\"]}}]',5,2),(1199,'2022-09-18 13:46:21.050532','147','2500 Ultrafuga Flex',2,'[{\"changed\": {\"fields\": [\"Order\"]}}]',5,2),(1200,'2022-09-18 13:47:05.166232','147','2500 Ultrafuga Flex',2,'[{\"changed\": {\"fields\": [\"Status\"]}}]',5,2),(1201,'2022-09-18 13:48:33.754799','151','2900 Fugapool',2,'[{\"changed\": {\"fields\": [\"Order\"]}}]',5,2),(1202,'2022-09-18 13:49:42.963695','153','2954 Epotech +',2,'[{\"changed\": {\"fields\": [\"Order\"]}}]',5,2),(1203,'2022-09-19 06:31:37.469439','374','4210 kalekim',1,'[{\"added\": {}}]',5,2),(1204,'2022-09-19 06:35:13.982783','375','4003kalekim',1,'[{\"added\": {}}]',5,2),(1205,'2022-09-19 06:40:58.912092','376','3028 kalekim',1,'[{\"added\": {}}]',5,2),(1206,'2022-09-19 06:48:29.670314','316','1411 Technopur',2,'[{\"changed\": {\"fields\": [\"Order\"]}}]',5,2),(1207,'2022-09-19 07:01:21.662848','154','3001 zostop',2,'[{\"changed\": {\"fields\": [\"Order\"]}}]',5,2),(1208,'2022-09-19 07:01:47.814662','320','3005 zostop Rapid',2,'[{\"changed\": {\"fields\": [\"Order\"]}}]',5,2),(1209,'2022-09-19 07:03:30.997016','164','3022 zolatex 1K',2,'[{\"changed\": {\"fields\": [\"Order\"]}}]',5,2),(1210,'2022-09-19 07:03:51.422098','155','3023 zolatex',2,'[{\"changed\": {\"fields\": [\"Order\"]}}]',5,2),(1211,'2022-09-19 07:04:17.219415','156','3024 zolatex Plus',2,'[{\"changed\": {\"fields\": [\"Order\"]}}]',5,2),(1212,'2022-09-19 07:05:13.562534','321','3025 Ultralastic',2,'[{\"changed\": {\"fields\": [\"Order\"]}}]',5,2),(1213,'2022-09-19 07:05:44.073235','157','3027 zolatex UV',2,'[{\"changed\": {\"fields\": [\"Order\"]}}]',5,2),(1214,'2022-09-19 07:06:27.814255','322','3029 Ultralastic',2,'[{\"changed\": {\"fields\": [\"Order\"]}}]',5,2),(1215,'2022-09-19 07:07:45.061684','323','3032 zoseal 2K+',2,'[{\"changed\": {\"fields\": [\"Order\"]}}]',5,2),(1216,'2022-09-19 07:08:15.804643','162','3111 Elastiser',2,'[{\"changed\": {\"fields\": [\"Order\"]}}]',5,2),(1217,'2022-09-19 07:08:49.453088','158','3131 Elastikor',2,'[{\"changed\": {\"fields\": [\"Order\"]}}]',5,2),(1218,'2022-09-19 07:09:19.894275','159','3151 Elasticool',2,'[{\"changed\": {\"fields\": [\"Order\"]}}]',5,2),(1219,'2022-09-19 07:09:59.258678','324','3351 Durex',2,'[{\"changed\": {\"fields\": [\"Order\"]}}]',5,2),(1220,'2022-09-19 07:11:29.245826','325','3401 zoblok 2K+',2,'[{\"changed\": {\"fields\": [\"Order\"]}}]',5,2),(1221,'2022-09-19 07:12:01.437963','327','3451 zopur',2,'[{\"changed\": {\"fields\": [\"Order\"]}}]',5,2),(1222,'2022-09-19 07:12:19.902747','326','3452 zopur P',2,'[{\"changed\": {\"fields\": [\"Order\"]}}]',5,2),(1223,'2022-09-19 07:12:31.712355','328','3453 zopur C',2,'[{\"changed\": {\"fields\": [\"Order\"]}}]',5,2),(1224,'2022-09-19 07:12:55.794169','330','3454 zopur Trans',2,'[{\"changed\": {\"fields\": [\"Order\"]}}]',5,2),(1225,'2022-09-19 07:13:08.493732','329','3455 zopur Trans P',2,'[{\"changed\": {\"fields\": [\"Order\"]}}]',5,2),(1226,'2022-09-19 07:14:25.770909','326','3452 zopur P',2,'[{\"changed\": {\"fields\": [\"Order\"]}}]',5,2),(1227,'2022-09-19 07:14:49.035898','328','3453 zopur C',2,'[{\"changed\": {\"fields\": [\"Order\"]}}]',5,2),(1228,'2022-09-19 07:15:00.983836','330','3454 zopur Trans',2,'[{\"changed\": {\"fields\": [\"Order\"]}}]',5,2),(1229,'2022-09-19 07:15:12.418730','329','3455 zopur Trans P',2,'[{\"changed\": {\"fields\": [\"Order\"]}}]',5,2),(1230,'2022-09-19 07:16:17.909938','331','4701 zoline Astar',2,'[{\"changed\": {\"fields\": [\"Order\"]}}]',5,2),(1231,'2022-09-19 07:17:03.394297','163','zoline 100',2,'[{\"changed\": {\"fields\": [\"Order\"]}}]',5,2),(1232,'2022-09-19 07:17:29.621987','160','3501 Kalekim Waterproofing Tape',2,'[{\"changed\": {\"fields\": [\"Order\"]}}]',5,2),(1233,'2022-09-19 07:18:05.249948','161','3502 Kalekim Dilatation Tape',2,'[{\"changed\": {\"fields\": [\"Order\"]}}]',5,2),(1234,'2022-09-19 07:19:03.451096','161','3502 Kalekim waterproofing Tape',2,'[{\"changed\": {\"fields\": [\"Name\", \"Slug\"]}}]',5,2),(1235,'2022-09-19 07:19:36.956865','165','3503 zoswell',2,'[{\"changed\": {\"fields\": [\"Order\"]}}]',5,2),(1236,'2022-09-19 07:22:16.838318','309','FLOOR 2K',2,'[{\"changed\": {\"fields\": [\"Image 1\"]}}]',5,2),(1237,'2022-09-19 08:06:14.785768','172','4001 Tamirart 5',2,'[{\"changed\": {\"fields\": [\"Order\"]}}]',5,2),(1238,'2022-09-19 08:06:38.190236','173','4004 Tamirart S40',2,'[{\"changed\": {\"fields\": [\"Order\"]}}]',5,2),(1239,'2022-09-19 08:06:55.946068','168','4009 Macunart',2,'[{\"changed\": {\"fields\": [\"Order\"]}}]',5,2),(1240,'2022-09-19 08:07:17.643141','167','4041 Kalekim Finish Plaster',2,'[{\"changed\": {\"fields\": [\"Order\"]}}]',5,2),(1241,'2022-09-19 08:07:39.890156','332','4057 Foamplast',2,'[{\"changed\": {\"fields\": [\"Order\"]}}]',5,2),(1242,'2022-09-19 08:08:12.606570','333','4081 Minart Silver 100',2,'[{\"changed\": {\"fields\": [\"Order\"]}}]',5,2),(1243,'2022-09-19 08:08:56.416800','334','4082 Minart Silver 200',2,'[{\"changed\": {\"fields\": [\"Order\"]}}]',5,2),(1244,'2022-09-19 08:09:23.725333','335','4085 Minart Silver 300',2,'[{\"changed\": {\"fields\": [\"Order\"]}}]',5,2),(1245,'2022-09-19 08:09:58.350722','174','4201 Mastar 10',2,'[{\"changed\": {\"fields\": [\"Order\"]}}]',5,2),(1246,'2022-09-19 08:10:50.036704','336','4211 Groutart Rapid',2,'[{\"changed\": {\"fields\": [\"Order\"]}}]',5,2),(1247,'2022-09-19 08:11:12.931454','337','4410 Tamirart AC',2,'[{\"changed\": {\"fields\": [\"Order\"]}}]',5,2),(1248,'2022-09-19 08:11:49.804114','176','4505 Kalekim Astar',2,'[{\"changed\": {\"fields\": [\"Order\"]}}]',5,2),(1249,'2022-09-19 08:12:28.625161','338','4506 Kalekim Dolgulu Astar',2,'[{\"changed\": {\"fields\": [\"Order\"]}}]',5,2),(1250,'2022-09-19 08:12:44.461694','175','4507 B-Tone',2,'[{\"changed\": {\"fields\": [\"Order\"]}}]',5,2),(1251,'2022-09-19 08:13:06.557935','339','4510 Gypsastar',2,'[{\"changed\": {\"fields\": [\"Order\"]}}]',5,2),(1252,'2022-09-19 08:15:04.705829','340','5005 Kalekim Latex',2,'[{\"changed\": {\"fields\": [\"Category\", \"Features\", \"Order\"]}}]',5,2),(1253,'2022-09-19 08:16:04.033932','341','5101 Betoplus 101',2,'[{\"changed\": {\"fields\": [\"Category\", \"Features\", \"Order\"]}}]',5,2),(1254,'2022-09-19 08:44:13.091638','342','8201 Seracare',2,'[{\"changed\": {\"fields\": [\"Order\"]}}]',5,2),(1255,'2022-09-19 08:44:38.677860','343','8251 Seracare',2,'[{\"changed\": {\"fields\": [\"Order\"]}}]',5,2),(1256,'2022-09-19 08:46:23.331550','167','4041 Kalekim Finish Plaster',2,'[{\"changed\": {\"fields\": [\"Category\", \"Features\"]}}]',5,2),(1257,'2022-09-19 09:08:43.825434','344','8001 Kalemastik',2,'[{\"changed\": {\"fields\": [\"Order\"]}}]',5,2),(1258,'2022-09-19 09:09:28.441656','345','8011-8015 Kalesilikon',2,'[{\"changed\": {\"fields\": [\"Order\"]}}]',5,2),(1259,'2022-09-19 09:09:46.378230','346','8021 Kalepolymas',2,'[{\"changed\": {\"fields\": [\"Order\"]}}]',5,2),(1260,'2022-09-19 09:10:11.676005','347','1401 Technobond PU',2,'[{\"changed\": {\"fields\": [\"Order\"]}}]',5,2),(1261,'2022-09-19 09:10:44.039136','348','8101 Kalefoam',2,'[{\"changed\": {\"fields\": [\"Order\"]}}]',5,2),(1262,'2022-09-19 09:12:18.192511','349','Tecnica 22 CW',2,'[{\"changed\": {\"fields\": [\"Order\"]}}]',5,2),(1263,'2022-09-19 09:12:38.751043','181','Tecnica 32 DS',2,'[{\"changed\": {\"fields\": [\"Order\"]}}]',5,2),(1264,'2022-09-19 09:13:04.487151','182','Tecnica 34 DS',2,'[{\"changed\": {\"fields\": [\"Order\"]}}]',5,2),(1265,'2022-09-19 09:13:32.410365','350','7201 Antiasit',2,'[{\"changed\": {\"fields\": [\"Order\"]}}]',5,2),(1266,'2022-09-19 09:16:10.704791','290','5120 Silikonatex',2,'[{\"changed\": {\"fields\": [\"Order\"]}}]',5,2),(1267,'2022-09-19 09:16:37.691141','279','5110 Performa+',2,'[{\"changed\": {\"fields\": [\"Order\"]}}]',5,2),(1268,'2022-09-19 09:18:15.320159','291','5113 Performa NS',2,'[{\"changed\": {\"fields\": [\"Order\", \"Packaging\"]}}]',5,2),(1269,'2022-09-19 09:19:05.322685','351','5600 Renklendirici',2,'[{\"changed\": {\"fields\": [\"Order\"]}}]',5,2),(1270,'2022-09-19 09:19:36.939148','287','5041 Betonart',2,'[{\"changed\": {\"fields\": [\"Order\"]}}]',5,2),(1271,'2022-09-19 09:23:31.350408','352','5320 S7ANBUL Sedef',2,'[{\"changed\": {\"fields\": [\"Order\"]}}]',5,2),(1272,'2022-09-19 09:24:03.394263','284','5326 S7ANBUL Stucco Satine',2,'[{\"changed\": {\"fields\": [\"Order\"]}}]',5,2),(1273,'2022-09-19 09:24:27.457825','283','5321 S7ANBUL Metalik',2,'[{\"changed\": {\"fields\": [\"Order\"]}}]',5,2),(1274,'2022-09-19 09:24:49.119885','286','5324 S7ANBUL Antique Coat',2,'[{\"changed\": {\"fields\": [\"Order\"]}}]',5,2),(1275,'2022-09-19 09:25:18.568556','288','5028 Glass Plaster',2,'[{\"changed\": {\"fields\": [\"Order\"]}}]',5,2),(1276,'2022-09-19 09:25:43.279079','353','5322 S7ANBUL Reflekte',2,'[{\"changed\": {\"fields\": [\"Order\"]}}]',5,2),(1277,'2022-09-19 09:41:00.778284','282','5169 Joker Plus Mat',2,'[{\"changed\": {\"fields\": [\"Image 1\"]}}]',5,2),(1278,'2022-09-19 09:45:44.317462','303','THERMAL PAINT',2,'[{\"changed\": {\"fields\": [\"Image 1\"]}}]',5,2),(1279,'2022-09-19 10:38:58.958506','340','5005 Kalekim Latex',2,'[{\"changed\": {\"fields\": [\"Category\", \"Features\"]}}]',5,2),(1280,'2022-09-19 10:39:41.089930','341','5101 Betoplus 101',2,'[{\"changed\": {\"fields\": [\"Category\", \"Features\"]}}]',5,2),(1281,'2022-09-19 10:44:32.751609','312','EP PRIMER',2,'[{\"changed\": {\"fields\": [\"Category\", \"Features\"]}}]',5,2),(1282,'2022-09-19 10:45:27.183437','309','FLOOR 2K',2,'[{\"changed\": {\"fields\": [\"Category\", \"Features\"]}}]',5,2),(1283,'2022-09-19 10:47:16.870507','309','FLOOR 2K',2,'[{\"changed\": {\"fields\": [\"Packaging\"]}}]',5,2),(1284,'2022-09-19 10:49:57.416486','361','LIQUID GLASS',3,'',5,2),(1285,'2022-09-19 10:50:28.575158','299','M 03',2,'[{\"changed\": {\"fields\": [\"Category\", \"Features\"]}}]',5,2),(1286,'2022-09-19 10:56:11.916683','376','3028 kalekim',2,'[{\"changed\": {\"fields\": [\"Category\", \"Features\"]}}]',5,2),(1287,'2022-09-19 10:59:42.078018','375','4003 Tamirart W',2,'[{\"changed\": {\"fields\": [\"Name\"]}}]',5,2),(1288,'2022-09-19 11:00:48.618291','168','4009 Macunart',2,'[{\"changed\": {\"fields\": [\"Category\", \"Features\"]}}]',5,2),(1289,'2022-09-19 11:08:33.141733','180','M COAT SMOOTY SURFACE',2,'[{\"changed\": {\"fields\": [\"Brand\"]}}]',5,2),(1290,'2022-09-19 12:04:53.153899','14','ELAST',2,'[{\"changed\": {\"fields\": [\"Category\"]}}]',5,2),(1291,'2022-09-19 12:10:03.599444','1','ULTRA LIGHT-WEIGHT',3,'',5,2),(1292,'2022-09-19 12:10:54.341002','4','FN-75P',2,'[{\"changed\": {\"fields\": [\"Name\"]}}]',5,2),(1293,'2022-09-19 12:13:37.112448','69','40x60 ALDA GREY',2,'[{\"changed\": {\"fields\": [\"Image 1\"]}}]',5,2),(1294,'2022-09-19 12:13:54.070126','69','40x60 ALDA GREY',2,'[{\"changed\": {\"fields\": [\"Image 1\"]}}]',5,2),(1295,'2022-09-19 12:14:22.695737','69','40x60 ALDA GREY',2,'[{\"changed\": {\"fields\": [\"Image 1\"]}}]',5,2),(1296,'2022-09-19 12:14:49.926105','69','40x60 ALDA GREY',2,'[{\"changed\": {\"fields\": [\"Image 1\"]}}]',5,2),(1297,'2022-09-19 12:16:53.694781','67','40x60  FORMAT',2,'[{\"changed\": {\"fields\": [\"Image 1\"]}}]',5,2),(1298,'2022-09-19 12:17:09.722172','67','40x60  FORMAT',2,'[{\"changed\": {\"fields\": [\"Image 1\"]}}]',5,2),(1299,'2022-09-19 12:18:32.510758','75','40x60  MARDIN STONE GREM',2,'[{\"changed\": {\"fields\": [\"Image 1\"]}}]',5,2),(1300,'2022-09-19 12:19:05.684861','75','40x60  MARDIN STONE GREM',2,'[{\"changed\": {\"fields\": [\"Image 1\"]}}]',5,2),(1301,'2022-09-19 12:19:19.433901','75','40x60  MARDIN STONE GREM',2,'[]',5,2),(1302,'2022-09-19 12:19:33.431947','76','40x60 MARDIN STONE GOLD',2,'[{\"changed\": {\"fields\": [\"Image 1\"]}}]',5,2),(1303,'2022-09-19 12:21:31.146562','76','40x60 MARDIN STONE GOLD',2,'[{\"changed\": {\"fields\": [\"Image 1\"]}}]',5,2),(1304,'2022-09-19 12:22:52.723624','4','FN-75P',2,'[{\"changed\": {\"fields\": [\"Image 1\"]}}]',5,2),(1305,'2022-09-19 12:24:10.524560','4','FN-75P',2,'[{\"changed\": {\"fields\": [\"Image 1\"]}}]',5,2),(1306,'2022-09-19 12:26:02.912590','27','FN 25',2,'[{\"changed\": {\"fields\": [\"Order\"]}}]',5,2),(1307,'2022-09-19 12:26:19.439519','3','FN-50',2,'[{\"changed\": {\"fields\": [\"Order\"]}}]',5,2),(1308,'2022-09-19 12:26:34.120286','4','FN-75P',2,'[{\"changed\": {\"fields\": [\"Order\"]}}]',5,2),(1309,'2022-09-19 12:26:37.030962','4','FN-75P',2,'[{\"changed\": {\"fields\": [\"Order\"]}}]',5,2),(1310,'2022-09-19 12:37:14.670304','364','1952 kalekim',2,'[{\"changed\": {\"fields\": [\"Image 1\"]}}]',5,2),(1311,'2022-09-19 12:37:39.858308','364','1952 kalekim',2,'[{\"changed\": {\"fields\": [\"Image 1\"]}}]',5,2),(1312,'2022-09-19 13:06:03.894814','377','5004 KALEKIM LATEX SBR',1,'[{\"added\": {}}]',5,2),(1313,'2022-09-19 13:06:38.993679','355','1051 KALEKIM',2,'[{\"changed\": {\"fields\": [\"Name\"]}}]',5,2),(1314,'2022-09-19 13:07:02.615332','134','1052 KALEKIM BEYAZ',2,'[{\"changed\": {\"fields\": [\"Name\"]}}]',5,2),(1315,'2022-09-19 13:07:17.013843','135','1053 KALEKIM',2,'[{\"changed\": {\"fields\": [\"Name\"]}}]',5,2),(1316,'2022-09-19 13:07:41.711654','136','1054 TECHNOFLEX',2,'[{\"changed\": {\"fields\": [\"Name\"]}}]',5,2),(1317,'2022-09-19 13:07:57.577986','357','1055 KALEKIM',2,'[{\"changed\": {\"fields\": [\"Name\"]}}]',5,2),(1318,'2022-09-19 13:08:36.639224','138','1056 PROFESYONEL',2,'[{\"changed\": {\"fields\": [\"Name\"]}}]',5,2),(1319,'2022-09-19 13:08:56.458646','317','1057 FOAM TECH',2,'[{\"changed\": {\"fields\": [\"Name\"]}}]',5,2),(1320,'2022-09-19 13:10:20.535760','139','1058 TECHNO BLOCK',2,'[{\"changed\": {\"fields\": [\"Name\"]}}]',5,2),(1321,'2022-09-19 13:11:38.360347','140','1059 ULTRATECH',2,'[{\"changed\": {\"fields\": [\"Name\"]}}]',5,2),(1322,'2022-09-19 13:11:53.427717','317','1057 FOAMTECH',2,'[{\"changed\": {\"fields\": [\"Name\"]}}]',5,2),(1323,'2022-09-19 13:12:03.983464','139','1058 TECHNOBLOCK',2,'[{\"changed\": {\"fields\": [\"Name\"]}}]',5,2),(1324,'2022-09-19 13:13:11.943038','141','1060 TECHNOMAX30',2,'[{\"changed\": {\"fields\": [\"Name\"]}}]',5,2),(1325,'2022-09-19 13:13:40.917591','142','1062 TECHNOPOOL',2,'[{\"changed\": {\"fields\": [\"Name\"]}}]',5,2),(1326,'2022-09-19 13:14:12.106501','318','1230 SUPERTECH',2,'[{\"changed\": {\"fields\": [\"Name\"]}}]',5,2),(1327,'2022-09-19 13:14:34.674751','372','12x24.5 KALE',2,'[{\"changed\": {\"fields\": [\"Name\"]}}]',5,2),(1328,'2022-09-19 13:15:06.364072','319','1302 EPOTECH W',2,'[{\"changed\": {\"fields\": [\"Name\"]}}]',5,2),(1329,'2022-09-19 13:16:14.634427','347','1401 TECHNOBOND PU',2,'[{\"changed\": {\"fields\": [\"Name\"]}}]',5,2),(1330,'2022-09-19 13:16:58.230989','316','1411 TECHNOPUR',2,'[{\"changed\": {\"fields\": [\"Name\"]}}]',5,2),(1331,'2022-09-19 13:18:00.372617','340','5005 KALEKIM LATEX',2,'[{\"changed\": {\"fields\": [\"Name\"]}}]',5,2),(1332,'2022-09-19 13:18:29.517410','359','1919 KALEKIM',2,'[{\"changed\": {\"fields\": [\"Name\"]}}]',5,2),(1333,'2022-09-19 13:18:45.869602','363','1951KALEKIM',2,'[{\"changed\": {\"fields\": [\"Name\"]}}]',5,2),(1334,'2022-09-19 13:19:31.774011','364','1952 KALEKIM',2,'[{\"changed\": {\"fields\": [\"Name\"]}}]',5,2),(1335,'2022-09-19 13:19:47.025650','365','1953 KALEKIM',2,'[{\"changed\": {\"fields\": [\"Name\"]}}]',5,2),(1336,'2022-09-19 13:20:01.418307','366','1954 KALEKIM',2,'[{\"changed\": {\"fields\": [\"Name\"]}}]',5,2),(1337,'2022-09-19 13:20:14.878157','367','1955KALEKIM',2,'[{\"changed\": {\"fields\": [\"Name\"]}}]',5,2),(1338,'2022-09-19 13:20:27.721251','367','1955 KALEKIM',2,'[{\"changed\": {\"fields\": [\"Name\"]}}]',5,2),(1339,'2022-09-19 13:20:53.674515','145','2200 ULTRAFUGA',2,'[{\"changed\": {\"fields\": [\"Name\"]}}]',5,2),(1340,'2022-09-19 19:13:56.400154','146','2300 FUGAFLEX',2,'[{\"changed\": {\"fields\": [\"Name\"]}}]',5,2),(1341,'2022-09-19 19:16:29.126139','152','2400 FUGAFLEX RAPID',2,'[{\"changed\": {\"fields\": [\"Name\"]}}]',5,2),(1342,'2022-09-19 19:17:17.230035','147','2500 ULTRAFUGA FLEX',2,'[{\"changed\": {\"fields\": [\"Name\"]}}]',5,2),(1343,'2022-09-19 19:20:02.864697','148','2600  FUGAFLEX',2,'[{\"changed\": {\"fields\": [\"Name\"]}}]',5,2),(1344,'2022-09-19 19:24:08.530841','150','2700  ULTRAFUGA FLEX TOZUMAZ',2,'[{\"changed\": {\"fields\": [\"Name\"]}}]',5,2),(1345,'2022-09-19 19:25:14.512733','151','2900 FUGAPOOL',2,'[{\"changed\": {\"fields\": [\"Name\"]}}]',5,2),(1346,'2022-09-19 19:26:08.777362','153','2954  EPOTECH +',2,'[{\"changed\": {\"fields\": [\"Name\"]}}]',5,2),(1347,'2022-09-19 19:27:30.938152','154','3001 IZOSTOP',2,'[{\"changed\": {\"fields\": [\"Name\"]}}]',5,2),(1348,'2022-09-19 19:29:24.077400','320','3005  IZOSTOP RAPID',2,'[{\"changed\": {\"fields\": [\"Name\"]}}]',5,2),(1349,'2022-09-19 19:33:26.488473','164','3022 IZOLATEX 1K',2,'[{\"changed\": {\"fields\": [\"Name\"]}}]',5,2),(1350,'2022-09-19 19:35:38.113688','155','3023 IZOLATEX',2,'[{\"changed\": {\"fields\": [\"Name\"]}}]',5,2),(1351,'2022-09-19 19:36:17.336083','156','3024 IZOLATEX PLUS',2,'[{\"changed\": {\"fields\": [\"Name\"]}}]',5,2),(1352,'2022-09-19 19:37:49.209636','321','3025 ULTRALASTIC',2,'[{\"changed\": {\"fields\": [\"Name\"]}}]',5,2),(1353,'2022-09-19 19:38:34.833520','157','3027 IZOLATEX UV',2,'[{\"changed\": {\"fields\": [\"Name\"]}}]',5,2),(1354,'2022-09-19 19:40:04.015876','376','3028 KALEKIM',2,'[{\"changed\": {\"fields\": [\"Name\"]}}]',5,2),(1355,'2022-09-19 19:40:34.118083','322','3029 ULTRALASTIC',2,'[{\"changed\": {\"fields\": [\"Name\"]}}]',5,2),(1356,'2022-09-19 19:42:26.887314','323','3032 SOSEAL 2K+',2,'[{\"changed\": {\"fields\": [\"Name\"]}}]',5,2),(1357,'2022-09-19 19:43:43.583842','162','3111 ELASTISER',2,'[{\"changed\": {\"fields\": [\"Name\"]}}]',5,2),(1358,'2022-09-19 19:44:57.891533','158','3131 ELASTIKOR',2,'[{\"changed\": {\"fields\": [\"Name\"]}}]',5,2),(1359,'2022-09-19 19:46:36.010092','159','3151 ELASTICOOL',2,'[{\"changed\": {\"fields\": [\"Name\"]}}]',5,2),(1360,'2022-09-19 19:47:31.374562','324','3351 DUREX',2,'[{\"changed\": {\"fields\": [\"Name\"]}}]',5,2),(1361,'2022-09-19 19:48:21.304226','370','33x33 YUKSEL',2,'[{\"changed\": {\"fields\": [\"Name\"]}}]',5,2),(1362,'2022-09-19 19:49:30.297137','325','3401 IZOBLOK 2K+',2,'[{\"changed\": {\"fields\": [\"Name\"]}}]',5,2),(1363,'2022-09-19 19:50:03.764581','327','3451 IZOPUR',2,'[{\"changed\": {\"fields\": [\"Name\"]}}]',5,2),(1364,'2022-09-19 19:51:02.972162','326','3452 IZOPUR P',2,'[{\"changed\": {\"fields\": [\"Name\"]}}]',5,2),(1365,'2022-09-19 19:52:10.802862','328','3453 IZOPUR C',2,'[{\"changed\": {\"fields\": [\"Name\"]}}]',5,2),(1366,'2022-09-19 19:54:07.762968','330','3454 IZOPUR TRANS',2,'[{\"changed\": {\"fields\": [\"Name\"]}}]',5,2),(1367,'2022-09-19 19:54:52.835382','160','3501 KALEKIM WATERPROOFING TAPE',2,'[{\"changed\": {\"fields\": [\"Name\"]}}]',5,2),(1368,'2022-09-19 19:55:56.196908','329','3455 IZOPUR TRANS P',2,'[{\"changed\": {\"fields\": [\"Name\"]}}]',5,2),(1369,'2022-09-19 19:57:08.596640','165','3503 IZOSWELL',2,'[{\"changed\": {\"fields\": [\"Name\"]}}]',5,2),(1370,'2022-09-19 19:58:29.677756','172','4001 TAMIRART 5',2,'[{\"changed\": {\"fields\": [\"Name\"]}}]',5,2),(1371,'2022-09-19 20:00:18.892405','375','4003 TAMIRART W',2,'[{\"changed\": {\"fields\": [\"Name\", \"Slug\"]}}]',5,2),(1372,'2022-09-19 20:01:40.990446','173','4004 TAMIRART S40',2,'[{\"changed\": {\"fields\": [\"Name\"]}}]',5,2),(1373,'2022-09-19 20:03:39.601629','161','3502 KALEKIM WATERPROFING DAPE',2,'[{\"changed\": {\"fields\": [\"Name\"]}}]',5,2),(1374,'2022-09-19 20:04:51.688228','168','4009  MACUNART',2,'[{\"changed\": {\"fields\": [\"Name\"]}}]',5,2),(1375,'2022-09-19 20:05:34.541658','167','4041 KALEKIM FINISH PLASTER',2,'[{\"changed\": {\"fields\": [\"Name\"]}}]',5,2),(1376,'2022-09-19 20:06:33.173535','332','4057  FOAMPLAST',2,'[{\"changed\": {\"fields\": [\"Name\"]}}]',5,2),(1377,'2022-09-19 20:07:11.597903','333','4081   MINART SILVER 100',2,'[{\"changed\": {\"fields\": [\"Name\"]}}]',5,2),(1378,'2022-09-19 20:08:03.492175','334','4082  MINART SILVER 200',2,'[{\"changed\": {\"fields\": [\"Name\"]}}]',5,2),(1379,'2022-09-19 20:08:43.615941','335','4085  MINART SILVER 300',2,'[{\"changed\": {\"fields\": [\"Name\"]}}]',5,2),(1380,'2022-09-19 20:11:27.447900','174','4201 MASTAR 10',2,'[{\"changed\": {\"fields\": [\"Name\"]}}]',5,2),(1381,'2022-09-19 20:12:35.746736','374','4210 KALEKIM',2,'[{\"changed\": {\"fields\": [\"Name\"]}}]',5,2),(1382,'2022-09-19 20:13:37.396619','336','4211 GROUTART RAPID',2,'[{\"changed\": {\"fields\": [\"Name\"]}}]',5,2),(1383,'2022-09-19 20:14:33.471592','337','4410 TAMIRART  AC',2,'[{\"changed\": {\"fields\": [\"Name\"]}}]',5,2),(1384,'2022-09-19 20:15:24.772520','176','4505 KALEIKIM ASTAR',2,'[{\"changed\": {\"fields\": [\"Name\"]}}]',5,2),(1385,'2022-09-19 20:16:44.022512','338','4506  KALEKIM DOGULU ASTAR',2,'[{\"changed\": {\"fields\": [\"Name\"]}}]',5,2),(1386,'2022-09-19 20:17:20.818893','175','4507 B-TONE',2,'[{\"changed\": {\"fields\": [\"Name\"]}}]',5,2),(1387,'2022-09-19 20:18:09.792323','339','4510 GYPSASTAR',2,'[{\"changed\": {\"fields\": [\"Name\"]}}]',5,2),(1388,'2022-09-20 06:20:31.662604','331','4701 iIZOLINE ASTAR',2,'[{\"changed\": {\"fields\": [\"Name\"]}}]',5,2),(1389,'2022-09-20 06:21:02.453444','292','5006  DEKOR PLUS',2,'[{\"changed\": {\"fields\": [\"Name\"]}}]',5,2),(1390,'2022-09-20 06:21:39.211865','294','5024 GRENART MICRO',2,'[{\"changed\": {\"fields\": [\"Name\"]}}]',5,2),(1391,'2022-09-20 06:22:10.941572','293','5026 GRENART MIDI',2,'[{\"changed\": {\"fields\": [\"Name\"]}}]',5,2),(1392,'2022-09-20 06:22:38.647092','288','5028 GLASS PLASTER',2,'[{\"changed\": {\"fields\": [\"Name\"]}}]',5,2),(1393,'2022-09-20 06:23:01.080777','287','5041 BETONART',2,'[{\"changed\": {\"fields\": [\"Name\"]}}]',5,2),(1394,'2022-09-20 06:23:28.382583','280','5045 CEMENTO',2,'[{\"changed\": {\"fields\": [\"Name\"]}}]',5,2),(1395,'2022-09-20 06:24:02.882852','354','50x50 VEGA',2,'[{\"changed\": {\"fields\": [\"Name\"]}}]',5,2),(1396,'2022-09-20 06:24:34.365086','341','5101 BETOPLUS101',2,'[{\"changed\": {\"fields\": [\"Name\"]}}]',5,2),(1397,'2022-09-20 06:27:48.045297','279','5110 PERFORMA+',2,'[{\"changed\": {\"fields\": [\"Name\"]}}]',5,2),(1398,'2022-09-20 06:28:19.613203','291','5113 PERFORMA NS',2,'[{\"changed\": {\"fields\": [\"Name\"]}}]',5,2),(1399,'2022-09-20 06:28:58.925399','290','5120  SILIKONATEX',2,'[{\"changed\": {\"fields\": [\"Name\"]}}]',5,2),(1400,'2022-09-20 06:29:40.690822','281','5167  JOKER PLUS IPAK MAT',2,'[{\"changed\": {\"fields\": [\"Name\"]}}]',5,2),(1401,'2022-09-20 06:30:24.780291','282','5169  JOKER PLUS MAT',2,'[{\"changed\": {\"fields\": [\"Name\"]}}]',5,2),(1402,'2022-09-20 06:31:34.885495','285','5319  IS7ANBUL AURA',2,'[{\"changed\": {\"fields\": [\"Name\"]}}]',5,2),(1403,'2022-09-20 06:32:21.578489','289','5319T S7ANBUL AURA (EASY CLEAN)',2,'[{\"changed\": {\"fields\": [\"Name\"]}}]',5,2),(1404,'2022-09-20 06:32:49.123317','352','5320 S7ANBUL SEDEF',2,'[{\"changed\": {\"fields\": [\"Name\"]}}]',5,2),(1405,'2022-09-20 06:33:05.989652','283','5321 S7ANBUL METALIK',2,'[{\"changed\": {\"fields\": [\"Name\"]}}]',5,2),(1406,'2022-09-20 06:33:45.192167','353','5322 S7ANBUL REFLEKTE',2,'[{\"changed\": {\"fields\": [\"Name\"]}}]',5,2),(1407,'2022-09-20 06:34:22.737560','286','5324 S7ANBUL ANTIQUE COAT',2,'[{\"changed\": {\"fields\": [\"Name\"]}}]',5,2),(1408,'2022-09-20 06:34:56.267998','284','5326 S7ANBUL  STUCCO SATINE',2,'[{\"changed\": {\"fields\": [\"Name\"]}}]',5,2),(1409,'2022-09-20 06:35:22.482599','278','5335 SILASTAR',2,'[{\"changed\": {\"fields\": [\"Name\"]}}]',5,2),(1410,'2022-09-20 06:36:09.421515','351','5600 RENKELNDIRICI',2,'[{\"changed\": {\"fields\": [\"Name\"]}}]',5,2),(1411,'2022-09-20 06:37:09.284005','350','7201 ANTIASIT',2,'[{\"changed\": {\"fields\": [\"Name\"]}}]',5,2),(1412,'2022-09-20 06:37:49.159281','344','8001 KALEMASTIK',2,'[{\"changed\": {\"fields\": [\"Name\"]}}]',5,2),(1413,'2022-09-20 06:38:21.825401','345','8011-8015 KALESILIKON',2,'[{\"changed\": {\"fields\": [\"Name\"]}}]',5,2),(1414,'2022-09-20 06:39:26.345940','346','8021  KALEPOLYMAS',2,'[{\"changed\": {\"fields\": [\"Name\"]}}]',5,2),(1415,'2022-09-20 06:39:55.281346','348','8101 KALEFOAM',2,'[{\"changed\": {\"fields\": [\"Name\"]}}]',5,2),(1416,'2022-09-20 06:40:58.011478','342','8201 SERACARE',2,'[{\"changed\": {\"fields\": [\"Name\"]}}]',5,2),(1417,'2022-09-20 06:41:18.329459','343','8251 SERACARE',2,'[{\"changed\": {\"fields\": [\"Name\"]}}]',5,2),(1418,'2022-09-20 06:42:16.979499','217','BAPV - PVC BANTLI BASMAK PROFILE',2,'[{\"changed\": {\"fields\": [\"Name\"]}}]',5,2),(1419,'2022-09-20 06:43:15.095842','267','BHBP - PVC  BANTLI HALI PARKE BURUNLUGU',2,'[{\"changed\": {\"fields\": [\"Name\"]}}]',5,2),(1420,'2022-09-20 06:44:22.014901','193','BRCL1010 - SUPER AYNA PASLANMAZ CELIK BORDUR  PROFILER',2,'[{\"changed\": {\"fields\": [\"Name\"]}}]',5,2),(1421,'2022-09-20 06:45:49.466457','201','BRDA3010 - 30 mm ALUMINIUM CONVEX BORDER PROFILES',2,'[{\"changed\": {\"fields\": [\"Name\"]}}]',5,2),(1422,'2022-09-20 06:46:25.417253','358','FAYSER FUGA',2,'[{\"changed\": {\"fields\": [\"Name\"]}}]',5,2),(1423,'2022-09-20 06:46:42.328810','356','FAYSER STANDART',2,'[{\"changed\": {\"fields\": [\"Name\"]}}]',5,2),(1424,'2022-09-20 06:47:25.701128','276','FOAM BOARD',2,'[{\"changed\": {\"fields\": [\"Name\"]}}]',5,2),(1425,'2022-09-20 07:10:54.410053','255','FTSF03 - FAYANS TESVIYE PENSESI',2,'[{\"changed\": {\"fields\": [\"Name\"]}}]',5,2),(1426,'2022-09-20 07:12:17.781707','253','FTSF01 - FAYANS TESVIYE KLIPSI',2,'[{\"changed\": {\"fields\": [\"Name\"]}}]',5,2),(1427,'2022-09-20 07:14:22.972344','254','FTSF02 - FAYANS TESVIYE KAMASI',2,'[{\"changed\": {\"fields\": [\"Name\"]}}]',5,2),(1428,'2022-09-20 07:15:21.109527','256','FTTV-TWISTER FAYANS TESVIYE SITEMI',2,'[{\"changed\": {\"fields\": [\"Name\"]}}]',5,2),(1429,'2022-09-20 07:15:39.070300','144','FUGA 2000',2,'[{\"changed\": {\"fields\": [\"Name\"]}}]',5,2),(1430,'2022-09-20 07:16:29.137280','163','IZOLINE 100',2,'[{\"changed\": {\"fields\": [\"Name\"]}}]',5,2),(1431,'2022-09-20 07:17:02.207713','171','M COAT DECOR',2,'[{\"changed\": {\"fields\": [\"Name\"]}}]',5,2),(1432,'2022-09-20 07:18:10.204098','360','MANTO STONE WOOL R +',2,'[{\"changed\": {\"fields\": [\"Name\"]}}]',5,2),(1433,'2022-09-20 07:18:49.128555','263','MAST - ALUMINYUM SIVA MASTARI',2,'[{\"changed\": {\"fields\": [\"Name\"]}}]',5,2),(1434,'2022-09-20 07:19:40.573293','143','PROFESYONEL FLEX',2,'[{\"changed\": {\"fields\": [\"Name\"]}}]',5,2),(1435,'2022-09-20 07:20:06.066729','258','PVC L PROFILLER',2,'[{\"changed\": {\"fields\": [\"Name\"]}}]',5,2),(1436,'2022-09-20 07:20:41.904907','179','SMOOTY PASTE POWDER',2,'[{\"changed\": {\"fields\": [\"Name\"]}}]',5,2),(1437,'2022-09-20 07:21:39.873336','11','SOLVENT PRIMER  T-POX 2600',2,'[{\"changed\": {\"fields\": [\"Name\"]}}]',5,2),(1438,'2022-09-20 07:22:15.057632','183','TECNICA 132',2,'[{\"changed\": {\"fields\": [\"Name\"]}}]',5,2),(1439,'2022-09-20 07:22:36.012946','349','TECNICA  22 CW',2,'[{\"changed\": {\"fields\": [\"Name\"]}}]',5,2),(1440,'2022-09-20 07:22:51.449697','184','TECNICA  242 SL',2,'[{\"changed\": {\"fields\": [\"Name\"]}}]',5,2),(1441,'2022-09-20 07:23:16.693494','185','TECNICA  332',2,'[{\"changed\": {\"fields\": [\"Name\"]}}]',5,2),(1442,'2022-09-20 07:23:36.922137','181','TECNICA  32 DS',2,'[{\"changed\": {\"fields\": [\"Name\"]}}]',5,2),(1443,'2022-09-20 07:24:01.717263','182','TECNICA  34 DS',2,'[{\"changed\": {\"fields\": [\"Name\"]}}]',5,2),(1444,'2022-09-20 07:28:42.324607','363','1951KALEKIM',2,'[{\"changed\": {\"fields\": [\"Image 1\"]}}]',5,2),(1445,'2022-09-20 07:30:02.162934','363','1951KALEKIM',2,'[{\"changed\": {\"fields\": [\"Image 1\"]}}]',5,2),(1446,'2022-09-20 07:30:26.688805','363','1951KALEKIM',2,'[]',5,2),(1447,'2022-09-20 07:31:06.897540','364','1952 KALEKIM',2,'[{\"changed\": {\"fields\": [\"Image 1\"]}}]',5,2),(1448,'2022-09-20 07:31:22.197876','364','1952 KALEKIM',2,'[{\"changed\": {\"fields\": [\"Image 1\"]}}]',5,2),(1449,'2022-09-20 07:33:17.029855','364','1952 KALEKIM',2,'[]',5,2),(1450,'2022-09-20 07:54:37.624246','76','40x60 MARDIN STONE GOLD',3,'',5,2),(1451,'2022-09-20 07:55:24.043905','107','60x120  ROYAL MARBLE  BEIGE',3,'',5,2),(1452,'2022-09-20 07:56:24.129966','358','FAYSER FUGA',2,'[]',5,2),(1453,'2022-09-20 07:58:57.008330','106','60x120  ROYAL MARBLE',3,'',5,2),(1454,'2022-09-20 07:59:22.186449','114','60x120  KALAHARI',3,'',5,2),(1455,'2022-09-20 08:00:10.704361','118','60x120 BASALT',3,'',5,2),(1456,'2022-09-20 08:06:43.974243','113','60x120 UNDERGROUND',2,'[{\"changed\": {\"fields\": [\"Name\"]}}]',5,2),(1457,'2022-09-20 08:07:46.721850','378','60x120 UNDERGROUND',1,'[{\"added\": {}}]',5,2),(1458,'2022-09-20 08:09:22.992121','378','60x120 UNDERGROUND DECOR',2,'[{\"changed\": {\"fields\": [\"Name\", \"Image 1\"]}}]',5,2),(1459,'2022-09-20 08:11:10.873688','378','60x120 UNDERGROUND',2,'[{\"changed\": {\"fields\": [\"Name\", \"Order\"]}}]',5,2),(1460,'2022-09-20 08:11:48.644849','378','60x120 UNDERGROUND DECOR',2,'[{\"changed\": {\"fields\": [\"Name\"]}}]',5,2),(1461,'2022-09-20 08:11:59.080220','113','60x120 UNDERGROUND',2,'[{\"changed\": {\"fields\": [\"Order\"]}}]',5,2),(1462,'2022-09-20 08:14:21.745979','111','60x120 CALACATTA AQUA',2,'[{\"changed\": {\"fields\": [\"Image 1\"]}}]',5,2),(1463,'2022-09-20 08:14:56.890509','111','60x120 CALACATTA AQUA',2,'[{\"changed\": {\"fields\": [\"Image 1\"]}}]',5,2),(1464,'2022-09-20 08:18:50.699345','111','60x120 CALACATTA AQUA',2,'[]',5,2),(1465,'2022-09-20 08:19:22.374940','365','1953 KALEKIM',2,'[{\"changed\": {\"fields\": [\"Image 1\"]}}]',5,2),(1466,'2022-09-20 08:22:57.325339','365','1953 KALEKIM',2,'[{\"changed\": {\"fields\": [\"Image 1\"]}}]',5,2),(1467,'2022-09-20 08:23:25.982056','120','60x120  QUASAR',2,'[{\"changed\": {\"fields\": [\"Image 1\"]}}]',5,2),(1468,'2022-09-20 08:23:34.873133','120','60x120  QUASAR',2,'[{\"changed\": {\"fields\": [\"Image 1\"]}}]',5,2),(1469,'2022-09-20 08:24:55.773859','83','45x45 RODOS BIANCO',2,'[{\"changed\": {\"fields\": [\"Image 1\"]}}]',5,2),(1470,'2022-09-20 08:25:21.412203','83','45x45 RODOS BIANCO',2,'[{\"changed\": {\"fields\": [\"Image 1\"]}}]',5,2),(1471,'2022-09-20 08:26:31.372183','73','40x60 KEY STONE GREY',2,'[{\"changed\": {\"fields\": [\"Image 1\"]}}]',5,2),(1472,'2022-09-20 08:27:13.596925','73','40x60 KEY STONE GREY',2,'[{\"changed\": {\"fields\": [\"Image 1\"]}}]',5,2),(1473,'2022-09-20 09:10:12.632235','358','FAYSER FUGA',2,'[{\"changed\": {\"fields\": [\"Image 1\"]}}]',5,2),(1474,'2022-09-20 09:20:08.993230','55','30x90  SAVANA GREY',2,'[{\"changed\": {\"fields\": [\"Image 1\"]}}]',5,2),(1475,'2022-09-20 09:20:33.461736','55','30x90  SAVANA GREY',2,'[{\"changed\": {\"fields\": [\"Image 1\", \"Image 2\"]}}]',5,2),(1476,'2022-09-20 09:23:22.645372','125','30x90 SAVANA GREY DECOR',3,'',5,2),(1477,'2022-09-20 09:23:56.143381','55','30x90  SAVANA GREY DECOR',2,'[{\"changed\": {\"fields\": [\"Name\"]}}]',5,2),(1478,'2022-09-20 09:24:19.913293','54','30x90 SAVANA BEIGE',3,'',5,2),(1479,'2022-09-20 09:24:38.434436','124','30x90 SAVANA BEIGE DECOR',2,'[{\"changed\": {\"fields\": [\"Image 1\"]}}]',5,2),(1480,'2022-09-20 09:27:32.693538','124','30x90 SAVANA BEIGE DECOR',2,'[{\"changed\": {\"fields\": [\"Image 1\", \"Image 2\"]}}]',5,2),(1481,'2022-09-20 09:27:46.942725','124','30x90 SAVANA BEIGE DECOR',2,'[]',5,2),(1482,'2022-09-20 09:28:29.449497','55','30x90  SAVANA GREY DECOR',2,'[{\"changed\": {\"fields\": [\"Order\"]}}]',5,2),(1483,'2022-09-20 09:28:44.923866','124','30x90 SAVANA BEIGE DECOR',2,'[{\"changed\": {\"fields\": [\"Order\"]}}]',5,2),(1484,'2022-09-20 09:30:08.717557','56','30x90 OCEAN WALL TURQUOISE',2,'[{\"changed\": {\"fields\": [\"Image 1\"]}}]',5,2),(1485,'2022-09-20 09:30:50.988120','56','30x90 OCEAN WALL TURQUOISE',2,'[{\"changed\": {\"fields\": [\"Image 1\"]}}]',5,2),(1486,'2022-09-20 09:31:44.397038','56','30x90 OCEAN WALL TURQUOISE',2,'[]',5,2),(1487,'2022-09-20 09:31:59.613698','51','30x60 KAYAH',2,'[{\"changed\": {\"fields\": [\"Image 1\"]}}]',5,2),(1488,'2022-09-20 09:32:31.026878','51','30x60 KAYAH',2,'[{\"changed\": {\"fields\": [\"Image 1\"]}}]',5,2),(1489,'2022-09-20 09:33:22.802217','52','30x60 INVISBLE MARBLE POLISHED',2,'[{\"changed\": {\"fields\": [\"Image 1\"]}}]',5,2),(1490,'2022-09-20 09:35:19.987592','52','30x60 INVISBLE MARBLE POLISHED',2,'[{\"changed\": {\"fields\": [\"Image 1\"]}}]',5,2),(1491,'2022-09-20 09:35:38.374009','55','30x90  SAVANA GREY',2,'[{\"changed\": {\"fields\": [\"Name\", \"Order\"]}}]',5,2),(1492,'2022-09-20 09:36:28.295663','53','30x60 HELENA',3,'',5,2),(1493,'2022-09-20 09:41:36.485499','52','30x60 INVISBLE MARBLE POLISHED',2,'[]',5,2),(1494,'2022-09-20 09:44:02.072043','379','DOLPHEN',1,'[{\"added\": {}}]',5,2),(1495,'2022-09-20 09:47:25.323083','42','30x60 MIONI MULTI',2,'[{\"changed\": {\"fields\": [\"Name\"]}}]',5,2),(1496,'2022-09-20 10:55:57.276396','380','GIPS HAND PLASTER',1,'[{\"added\": {}}]',5,2),(1497,'2022-09-20 11:02:44.378755','381','GIPS SATIN',1,'[{\"added\": {}}]',5,2),(1498,'2022-09-20 11:06:32.852776','382','GIPS SPRAY',1,'[{\"added\": {}}]',5,2),(1499,'2022-09-20 11:08:04.880428','380','GIPS HAND PLASTER',2,'[{\"changed\": {\"fields\": [\"Image 1\", \"Status\"]}}]',5,2),(1500,'2022-09-20 12:04:34.754556','381','GIPS SATIN',2,'[{\"changed\": {\"fields\": [\"Image 1\"]}}]',5,2),(1501,'2022-09-20 12:06:56.383580','381','GIPS SATIN',2,'[]',5,2),(1502,'2022-09-20 12:08:11.507722','382','GIPS SPRAY',2,'[{\"changed\": {\"fields\": [\"Order\"]}}]',5,2),(1503,'2022-09-20 12:09:16.761641','382','GIPS SPRAY',2,'[{\"changed\": {\"fields\": [\"Order\"]}}]',5,2),(1504,'2022-09-20 12:59:42.304510','6','ALCIBAY',2,'[{\"changed\": {\"fields\": [\"Name\", \"Slug\"]}}]',1,2),(1505,'2022-09-20 13:02:22.944258','10','ADDITIVE',2,'[{\"changed\": {\"fields\": [\"Name\", \"Slug\"]}}]',2,2),(1506,'2022-09-20 13:02:57.753495','6','ADHESIVE',2,'[{\"changed\": {\"fields\": [\"Name\", \"Slug\"]}}]',2,2),(1507,'2022-09-20 13:03:19.174147','4','EPOXY AND POLYURETHANE',2,'[{\"changed\": {\"fields\": [\"Name\"]}}]',2,2),(1508,'2022-09-20 13:03:58.364477','3','FLOORING SOLUTION',2,'[{\"changed\": {\"fields\": [\"Name\", \"Slug\"]}}]',2,2),(1509,'2022-09-20 13:04:28.953551','5','PAINTS AND DECORATIVE',2,'[{\"changed\": {\"fields\": [\"Name\"]}}]',2,2),(1510,'2022-09-20 13:04:43.549254','11','PLASTER',2,'[{\"changed\": {\"fields\": [\"Name\"]}}]',2,2),(1511,'2022-09-20 13:05:12.580270','9','REPAIR',2,'[{\"changed\": {\"fields\": [\"Name\"]}}]',2,2),(1512,'2022-09-20 13:05:33.836314','8','SEALANT AND FOAM',2,'[{\"changed\": {\"fields\": [\"Name\"]}}]',2,2),(1513,'2022-09-20 13:05:55.688005','1','THERMAL INSULATION',2,'[{\"changed\": {\"fields\": [\"Name\"]}}]',2,2),(1514,'2022-09-20 13:06:08.308400','14','TILE GROUT',2,'[{\"changed\": {\"fields\": [\"Name\"]}}]',2,2),(1515,'2022-09-20 13:06:21.944810','12','TILE PROFILE',2,'[{\"changed\": {\"fields\": [\"Name\"]}}]',2,2),(1516,'2022-09-20 13:06:32.460419','7','TILE',2,'[{\"changed\": {\"fields\": [\"Name\"]}}]',2,2),(1517,'2022-09-20 13:06:41.772181','7','TILES',2,'[{\"changed\": {\"fields\": [\"Name\"]}}]',2,2),(1518,'2022-09-20 13:07:21.693167','13','TOOLS AND ACCESSORIES',2,'[{\"changed\": {\"fields\": [\"Name\"]}}]',2,2),(1519,'2022-09-20 13:07:40.736910','2','WATERPROOFING',2,'[{\"changed\": {\"fields\": [\"Name\"]}}]',2,2),(1520,'2022-09-22 12:56:24.197929','377','5004 KALEKIM LATEX SBR',2,'[{\"changed\": {\"fields\": [\"Category\"]}}]',5,2),(1521,'2022-09-23 12:09:02.971805','7','BUILDING',2,'[{\"changed\": {\"fields\": [\"Name\", \"Slug\"]}}]',2,2),(1522,'2022-09-23 12:27:22.691643','167','4041 KALEKIM FINISH PLASTER',2,'[]',5,2),(1523,'2022-09-23 12:34:42.514486','146','2300 FUGAFLEX',2,'[{\"changed\": {\"fields\": [\"Status\", \"Packaging\"]}}]',5,2),(1524,'2022-09-23 12:35:21.806139','146','2300 FUGAFLEX',2,'[]',5,2),(1525,'2022-09-23 12:35:51.797467','152','2400 FUGAFLEX RAPID',2,'[{\"changed\": {\"fields\": [\"Status\"]}}]',5,2),(1526,'2022-09-23 12:37:48.675387','332','4057  FOAMPLAST',2,'[{\"changed\": {\"fields\": [\"Category\", \"Features\"]}}]',5,2),(1527,'2022-09-23 12:41:25.548825','332','4057  FOAMPLAST',2,'[]',5,2),(1528,'2022-09-23 12:42:12.330506','168','4009  MACUNART',2,'[{\"changed\": {\"fields\": [\"Category\", \"Features\"]}}]',5,2),(1529,'2022-09-23 12:42:56.838820','167','4041 KALEKIM FINISH PLASTER',2,'[{\"changed\": {\"fields\": [\"Category\", \"Features\"]}}]',5,2),(1530,'2022-09-23 12:44:34.169346','332','4057  FOAMPLAST',2,'[{\"changed\": {\"fields\": [\"Order\"]}}]',5,2),(1531,'2022-09-23 12:45:25.169078','167','4041 KALEKIM FINISH PLASTER',2,'[{\"changed\": {\"fields\": [\"Order\"]}}]',5,2),(1532,'2022-09-23 12:47:02.811667','169','fn-50',2,'[{\"changed\": {\"fields\": [\"Name\", \"Order\"]}}]',5,2),(1533,'2022-09-23 12:47:36.487751','170','FN-25',2,'[{\"changed\": {\"fields\": [\"Name\", \"Order\"]}}]',5,2),(1534,'2022-09-23 12:49:59.876061','27','FN-25',2,'[{\"changed\": {\"fields\": [\"Name\"]}}]',5,2),(1535,'2022-09-24 06:10:39.629327','381','GIPS SATIN',2,'[]',5,2),(1536,'2022-09-24 06:10:57.176815','380','GIPS HAND PLASTER',2,'[{\"changed\": {\"fields\": [\"Packaging\"]}}]',5,2),(1537,'2022-09-24 06:11:30.120751','382','GIPS SPRAY',2,'[{\"changed\": {\"fields\": [\"Packaging\"]}}]',5,2),(1538,'2022-09-24 09:02:43.860026','356','FAYSER STANDART',2,'[{\"changed\": {\"fields\": [\"Slug\"]}}]',5,2),(1539,'2022-09-24 09:06:57.628663','7','TILES',2,'[{\"changed\": {\"fields\": [\"Name\", \"Slug\"]}}]',2,2),(1540,'2022-09-24 09:08:53.143742','12','BUILDING PROFILES',2,'[{\"changed\": {\"fields\": [\"Name\", \"Slug\"]}}]',2,2),(1541,'2022-09-24 20:47:20.061013','148','2600  FUGAFLEX',2,'[{\"changed\": {\"fields\": [\"Status\"]}}]',5,2),(1542,'2022-09-24 20:54:32.937391','150','2700  ULTRAFUGA FLEX TOZUMAZ',2,'[{\"changed\": {\"fields\": [\"Status\"]}}]',5,2),(1543,'2022-09-25 06:25:39.183913','323','3032 SOSEAL 2K+',2,'[{\"changed\": {\"fields\": [\"Slug\"]}}]',5,2),(1544,'2022-09-25 06:32:30.676562','323','3032 SOSEAL 2K+',2,'[{\"changed\": {\"fields\": [\"Slug\"]}}]',5,2),(1545,'2022-09-25 08:11:42.469050','377','5004 KALEKIM LATEX SBR',2,'[{\"changed\": {\"fields\": [\"Category\"]}}]',5,2),(1546,'2022-09-25 08:27:04.037715','303','THERMAL PAINT',2,'[{\"changed\": {\"fields\": [\"Category\", \"Features\"]}}]',5,2),(1547,'2022-09-25 11:48:44.169071','374','4210 KALEKIM',2,'[{\"changed\": {\"fields\": [\"Slug\"]}}]',5,2),(1548,'2022-09-25 11:49:42.067183','374','4210 KALEKIM',2,'[]',5,2),(1549,'2022-09-25 11:55:58.358515','313','5125 KALE MATT EXTERIOR',2,'[{\"changed\": {\"fields\": [\"Slug\"]}}]',5,2),(1550,'2022-09-25 11:57:57.301009','315','5311 KALE PRIMER',2,'[{\"changed\": {\"fields\": [\"Slug\"]}}]',5,2),(1551,'2022-09-25 12:07:00.237665','315','5311 KALE PRIMER',2,'[]',5,2),(1552,'2022-09-25 12:09:00.994267','315','5311 KALE PRIMER',2,'[]',5,2),(1553,'2022-09-25 12:30:52.263863','374','4210 GROUTART',2,'[{\"changed\": {\"fields\": [\"Name\", \"Slug\"]}}]',5,2),(1554,'2022-09-27 09:21:02.813794','4','FN-75P',2,'[{\"changed\": {\"fields\": [\"Slug\"]}}]',5,2),(1555,'2022-09-28 10:38:26.849972','363','1951KALEKIM',2,'[{\"changed\": {\"fields\": [\"Image 1\"]}}]',5,2),(1556,'2022-09-28 10:39:02.511166','363','1951KALEKIM',2,'[{\"changed\": {\"fields\": [\"Image 1\"]}}]',5,2),(1557,'2022-09-28 10:40:12.254851','363','1951KALEKIM',2,'[]',5,2),(1558,'2022-09-28 12:51:40.493961','373','T-POL 3600',2,'[]',5,2),(1559,'2022-09-28 20:30:10.971082','383','5181 TAVAN PLASTIGI',1,'[{\"added\": {}}]',5,2),(1560,'2022-09-28 20:34:12.472294','384','5030 DREWA',1,'[{\"added\": {}}]',5,2),(1561,'2022-09-28 20:38:47.466444','385','5035 MIKRO DREWA',1,'[{\"added\": {}}]',5,2),(1562,'2022-09-28 20:42:14.558063','386','5055 RENUTEX PLUS',1,'[{\"added\": {}}]',5,2),(1563,'2022-09-29 08:08:03.905208','387','SB SUPER',1,'[{\"added\": {}}]',5,2),(1564,'2022-09-29 08:12:45.020916','387','SB SUPER COMPONENT',2,'[{\"changed\": {\"fields\": [\"Name\"]}}]',5,2),(1565,'2022-09-29 08:14:10.367997','387','SB SUPER COMPONENT',2,'[{\"changed\": {\"fields\": [\"Slug\"]}}]',5,2),(1566,'2022-09-29 08:27:29.216101','385','5035 MIKRO DREWA',2,'[{\"changed\": {\"fields\": [\"Status\"]}}]',5,2),(1567,'2022-09-29 08:54:51.296491','383','5181 TAVAN (CEILING PAINT)',2,'[{\"changed\": {\"fields\": [\"Name\"]}}]',5,2),(1568,'2022-09-29 08:55:51.180552','383','5181 TAVAN (CEILING PAINT)',2,'[{\"changed\": {\"fields\": [\"Slug\"]}}]',5,2),(1569,'2022-09-29 08:56:10.056087','383','5181 TAVAN (CEILING PAINT)',2,'[{\"changed\": {\"fields\": [\"Packaging\"]}}]',5,2),(1570,'2022-10-01 07:39:54.889079','388','T POX 2800',1,'[{\"added\": {}}]',5,2),(1571,'2022-10-01 07:40:36.546704','8','RAVAGO',1,'[{\"added\": {}}]',1,2),(1572,'2022-10-01 11:43:50.478708','388','T POX 2800',2,'[{\"changed\": {\"fields\": [\"Technical manual\"]}}]',5,2),(1573,'2022-10-02 09:43:57.539598','9','ART FLOOR',1,'[{\"added\": {}}]',1,2),(1574,'2022-10-02 10:30:24.390760','8','RAVAGO',2,'[{\"changed\": {\"fields\": [\"Logo\", \"Logo hover\"]}}]',1,2),(1575,'2022-10-02 10:50:22.941604','8','RAVAGO',2,'[{\"changed\": {\"fields\": [\"Image 1\"]}}]',1,2),(1576,'2022-10-02 11:01:32.506752','10','KALE PAINT',1,'[{\"added\": {}}]',1,2),(1577,'2022-10-02 11:02:50.844078','10','KALE PAINT',2,'[{\"changed\": {\"fields\": [\"Logo\"]}}]',1,2),(1578,'2022-10-02 11:04:45.647758','10','KALE PAINT',2,'[{\"changed\": {\"fields\": [\"Logo\"]}}]',1,2),(1579,'2022-10-03 12:51:42.665993','7','TESAY',2,'[{\"changed\": {\"fields\": [\"Name\", \"Slug\"]}}]',1,2),(1580,'2022-10-05 18:03:00.219596','313','5125 KALE MATT EXTERIOR',2,'[{\"changed\": {\"fields\": [\"Brand\"]}}]',5,2),(1581,'2022-10-05 18:03:23.288138','314','5188 KALE MATT INTERIOR',2,'[{\"changed\": {\"fields\": [\"Brand\"]}}]',5,2),(1582,'2022-10-05 18:03:48.715775','315','5311 KALE PRIMER',2,'[{\"changed\": {\"fields\": [\"Brand\"]}}]',5,2),(1583,'2022-10-05 18:04:15.003016','290','5120  SILIKONATEX',2,'[{\"changed\": {\"fields\": [\"Brand\"]}}]',5,2),(1584,'2022-10-05 18:04:34.015529','279','5110 PERFORMA+',2,'[{\"changed\": {\"fields\": [\"Brand\"]}}]',5,2),(1585,'2022-10-05 18:05:35.742122','291','5113 PERFORMA NS',2,'[{\"changed\": {\"fields\": [\"Brand\"]}}]',5,2),(1586,'2022-10-05 18:06:00.627382','351','5600 RENKELNDIRICI',2,'[{\"changed\": {\"fields\": [\"Brand\"]}}]',5,2),(1587,'2022-10-05 18:06:34.519996','287','5041 BETONART',2,'[{\"changed\": {\"fields\": [\"Brand\"]}}]',5,2),(1588,'2022-10-05 18:07:13.229827','352','5320 S7ANBUL SEDEF',2,'[{\"changed\": {\"fields\": [\"Brand\"]}}]',5,2),(1589,'2022-10-05 18:07:37.081529','284','5326 S7ANBUL  STUCCO SATINE',2,'[{\"changed\": {\"fields\": [\"Brand\"]}}]',5,2),(1590,'2022-10-05 18:07:58.842175','283','5321 S7ANBUL METALIK',2,'[{\"changed\": {\"fields\": [\"Brand\"]}}]',5,2),(1591,'2022-10-05 18:08:21.597128','286','5324 S7ANBUL ANTIQUE COAT',2,'[{\"changed\": {\"fields\": [\"Brand\"]}}]',5,2),(1592,'2022-10-05 18:08:48.257883','288','5028 GLASS PLASTER',2,'[{\"changed\": {\"fields\": [\"Brand\"]}}]',5,2),(1593,'2022-10-05 18:10:43.795864','353','5322 S7ANBUL REFLEKTE',2,'[{\"changed\": {\"fields\": [\"Brand\"]}}]',5,2),(1594,'2022-10-10 12:47:24.707470','9','ART FLOOR',2,'[{\"changed\": {\"fields\": [\"Image 1\"]}}]',1,2),(1595,'2022-10-10 13:15:51.280236','10','KALE PAINT',2,'[{\"changed\": {\"fields\": [\"Image 1\"]}}]',1,2),(1596,'2022-10-15 10:49:06.366754','1','theme_1',2,'[{\"changed\": {\"fields\": [\"Our category text\"]}}]',7,2),(1597,'2022-10-15 11:00:49.161999','1','Dastayofki',2,'[{\"changed\": {\"fields\": [\"Active\"]}}]',6,2),(1598,'2022-10-15 11:01:25.509642','1','Dastayofki',2,'[{\"changed\": {\"fields\": [\"Active\"]}}]',6,2),(1599,'2022-10-15 11:23:08.417792','3','Khawnakan',3,'',8,2),(1600,'2022-10-15 11:53:06.878334','1','Dania City',2,'[{\"changed\": {\"fields\": [\"Products\"]}}]',8,1),(1601,'2022-10-15 11:53:31.318552','1','Dania City',2,'[{\"changed\": {\"fields\": [\"Products\"]}}]',8,1),(1602,'2022-10-15 13:26:34.255147','355','1051 KALEKIM',2,'[{\"changed\": {\"fields\": [\"Image 2\"]}}]',5,1),(1603,'2022-10-15 14:12:12.464996','1','Dastayofki',2,'[{\"changed\": {\"fields\": [\"Active\"]}}]',6,1),(1604,'2022-10-15 14:12:44.954481','1','Dastayofki',2,'[{\"changed\": {\"fields\": [\"Active\"]}}]',6,1),(1605,'2022-10-18 08:31:24.267603','1','theme_1',2,'[{\"changed\": {\"fields\": [\"About us text\"]}}]',7,2),(1606,'2022-10-18 09:00:30.596393','389','EXTERNAL WALL THERMAL INSULATION STONE WOOL BOARD',1,'[{\"added\": {}}]',5,2),(1607,'2022-10-18 09:03:27.916531','390','PARTITION BOARD',1,'[{\"added\": {}}]',5,2),(1608,'2022-10-18 09:05:49.735923','391','ROOF MATTRESS',1,'[{\"added\": {}}]',5,2),(1609,'2022-10-18 09:07:35.634463','392','PREFABRICATED PIPE',1,'[{\"added\": {}}]',5,2),(1610,'2022-10-18 09:10:37.059935','393','CERAMIC FIBER',1,'[{\"added\": {}}]',5,2),(1611,'2022-10-19 10:55:21.877764','2','Izocam',2,'[{\"changed\": {\"fields\": [\"Company bio\"]}}]',1,2),(1612,'2022-10-19 10:56:56.869263','8','RAVAGO',2,'[{\"changed\": {\"fields\": [\"Company bio\"]}}]',1,2),(1613,'2022-10-21 09:16:45.710293','127','80x80 CORE GREY MAT',2,'[{\"changed\": {\"fields\": [\"Packaging\"]}}]',5,1),(1614,'2022-10-21 09:18:27.051917','127','80x80 CORE GREY MAT',2,'[{\"changed\": {\"fields\": [\"Packaging\"]}}]',5,1),(1615,'2022-10-23 06:42:18.141959','308','LIQUID GLASS',2,'[{\"changed\": {\"fields\": [\"Application\"]}}]',5,1),(1616,'2022-10-23 06:42:52.968905','308','LIQUID GLASS',2,'[{\"changed\": {\"fields\": [\"Application\"]}}]',5,1),(1617,'2022-10-23 06:45:06.408487','1','Dastayofki',2,'[{\"changed\": {\"fields\": [\"Active\"]}}]',6,1),(1618,'2022-10-23 06:45:41.137428','1','Dastayofki',2,'[{\"changed\": {\"fields\": [\"Active\"]}}]',6,1),(1619,'2022-10-25 12:38:04.693408','8','RAVAGO',2,'[{\"changed\": {\"fields\": [\"Company bio\"]}}]',1,2),(1620,'2022-10-29 12:05:16.297525','355','1051 KALEKIM',2,'[{\"changed\": {\"fields\": [\"Description\"]}}]',5,1),(1621,'2022-10-29 12:05:43.710192','355','1051 KALEKIM',2,'[{\"changed\": {\"fields\": [\"Description\"]}}]',5,1),(1622,'2022-10-29 12:05:54.796682','355','1051 KALEKIM',2,'[{\"changed\": {\"fields\": [\"Description\"]}}]',5,1),(1623,'2022-10-29 12:06:46.499568','355','1051 KALEKIM',2,'[{\"changed\": {\"fields\": [\"Description\"]}}]',5,1),(1624,'2022-10-29 12:16:09.467890','355','1051 KALEKIM',2,'[{\"changed\": {\"fields\": [\"Description\"]}}]',5,1),(1625,'2022-10-29 12:21:24.634234','355','1051 KALEKIM',2,'[{\"changed\": {\"fields\": [\"Description\"]}}]',5,1),(1626,'2022-10-29 12:23:05.430048','355','1051 KALEKIM',2,'[{\"changed\": {\"fields\": [\"Description\"]}}]',5,1),(1627,'2022-10-29 12:24:00.243449','139','1058 TECHNOBLOCK',2,'[{\"changed\": {\"fields\": [\"Description\"]}}]',5,1),(1628,'2022-10-29 12:24:33.053461','139','1058 TECHNOBLOCK',2,'[{\"changed\": {\"fields\": [\"Description\"]}}]',5,1),(1629,'2022-10-30 09:07:14.566211','4','FN-75P',2,'[{\"changed\": {\"fields\": [\"Type\", \"Weight\", \"Consumption\", \"Application tools\", \"Mixing ratio\"]}}]',5,2),(1630,'2022-10-30 09:11:56.974161','3','FN-50',2,'[{\"changed\": {\"fields\": [\"Technical manual\", \"Type\", \"Weight\", \"Consumption\", \"Application tools\", \"Application area\", \"Mixing ratio\", \"Color\"]}}]',5,2),(1631,'2022-10-30 09:12:35.221195','3','FN-50',2,'[{\"changed\": {\"fields\": [\"Technical manual\"]}}]',5,2),(1632,'2022-10-30 09:13:17.917079','169','fn-50',2,'[{\"changed\": {\"fields\": [\"Technical manual\"]}}]',5,2),(1633,'2022-10-30 09:15:09.440697','169','fn-50',2,'[{\"changed\": {\"fields\": [\"Technical manual\", \"Features\", \"Type\", \"Weight\", \"Consumption\", \"Application area\", \"Mixing ratio\", \"Color\"]}}]',5,2),(1634,'2022-10-30 09:15:25.289568','3','FN-50',2,'[{\"changed\": {\"fields\": [\"Mixing ratio\"]}}]',5,2),(1635,'2022-10-30 09:32:12.536493','1','Mr. Bruce Wayne',3,'',3,2),(1636,'2022-10-30 09:32:20.136323','2','Mrs. Sara Becker',3,'',3,2),(1637,'2022-10-30 09:49:20.640804','355','1051 KALEKIM',2,'[{\"changed\": {\"fields\": [\"Weight\", \"Color\"]}}]',5,2),(1638,'2022-10-30 13:16:31.762364','2','Empire Tower',2,'[{\"changed\": {\"fields\": [\"Image 1\"]}}]',8,1),(1639,'2022-10-30 13:19:46.227460','2','Empire Tower',2,'[{\"changed\": {\"fields\": [\"Image 1\"]}}]',8,1),(1640,'2022-10-30 13:19:55.770720','2','Empire Tower',2,'[{\"changed\": {\"fields\": [\"Image 1\"]}}]',8,1),(1641,'2022-10-30 13:58:17.563682','1','Dania City',2,'[{\"changed\": {\"fields\": [\"City\"]}}]',8,1),(1642,'2022-10-30 13:58:37.121290','1','Dania City',2,'[{\"changed\": {\"fields\": [\"City\"]}}]',8,1),(1643,'2022-10-30 14:02:50.180471','2','Empire Tower',2,'[{\"changed\": {\"fields\": [\"City\"]}}]',8,1),(1644,'2022-10-30 18:31:08.904267','1','Dania City',2,'[{\"changed\": {\"fields\": [\"City\"]}}]',8,1),(1645,'2022-10-30 18:49:16.566771','1','Dania City',2,'[{\"changed\": {\"fields\": [\"City\"]}}]',8,1),(1646,'2022-10-30 18:50:55.995640','1','Dania City',2,'[{\"changed\": {\"fields\": [\"City\"]}}]',8,1),(1647,'2022-10-31 11:37:18.063114','1','Dania City',3,'',8,2),(1648,'2022-10-31 11:37:25.301748','2','Empire Tower',3,'',8,2),(1649,'2022-10-31 11:43:00.987140','4','Miran city',1,'[{\"added\": {}}]',8,2),(1650,'2022-10-31 11:44:05.194648','4','Miran city',2,'[{\"changed\": {\"fields\": [\"Image 1\"]}}]',8,2),(1651,'2022-11-01 06:34:31.862775','5','Dania City',1,'[{\"added\": {}}]',8,2),(1652,'2022-11-01 06:43:31.064394','6','Empire Tower',1,'[{\"added\": {}}]',8,2),(1653,'2022-11-01 06:43:49.377951','6','Empire Tower',2,'[{\"changed\": {\"fields\": [\"Image 1\"]}}]',8,2),(1654,'2022-11-01 06:43:56.915372','4','Miran city',2,'[]',8,2),(1655,'2022-11-01 06:47:26.868594','7','Noble Tower',1,'[{\"added\": {}}]',8,2),(1656,'2022-11-01 06:50:14.065370','8','White Tower',1,'[{\"added\": {}}]',8,2),(1657,'2022-11-01 06:53:24.736504','9','Shahan Tower',1,'[{\"added\": {}}]',8,2),(1658,'2022-11-01 06:55:53.741993','10','Shari Bashur',1,'[{\"added\": {}}]',8,2),(1659,'2022-11-01 06:56:47.386250','8','White Tower',2,'[{\"changed\": {\"fields\": [\"Order\"]}}]',8,2),(1660,'2022-11-01 17:07:18.320406','5','Dania City',2,'[{\"changed\": {\"fields\": [\"City\"]}}]',8,1),(1661,'2022-11-01 17:07:50.803144','6','Empire Tower',2,'[{\"changed\": {\"fields\": [\"City\"]}}]',8,1),(1662,'2022-11-01 17:08:04.615616','4','Miran city',2,'[{\"changed\": {\"fields\": [\"City\"]}}]',8,1),(1663,'2022-11-01 17:08:19.115866','7','Noble Tower',2,'[{\"changed\": {\"fields\": [\"City\"]}}]',8,1),(1664,'2022-11-01 17:08:33.104366','9','Shahan Tower',2,'[{\"changed\": {\"fields\": [\"City\"]}}]',8,1),(1665,'2022-11-01 17:08:47.098321','10','Shari Bashur',2,'[{\"changed\": {\"fields\": [\"City\"]}}]',8,1),(1666,'2022-11-01 17:09:04.873852','8','White Tower',2,'[{\"changed\": {\"fields\": [\"City\"]}}]',8,1),(1667,'2022-11-01 18:01:52.031960','5','Dania City',2,'[{\"changed\": {\"fields\": [\"City\"]}}]',8,1),(1668,'2022-11-01 18:02:03.513553','6','Empire Tower',2,'[{\"changed\": {\"fields\": [\"City\"]}}]',8,1),(1669,'2022-11-01 18:03:00.911390','4','Miran city',2,'[{\"changed\": {\"fields\": [\"City\"]}}]',8,1),(1670,'2022-11-01 18:03:14.730633','7','Noble Tower',2,'[{\"changed\": {\"fields\": [\"City\"]}}]',8,1),(1671,'2022-11-01 18:03:27.031600','9','Shahan Tower',2,'[{\"changed\": {\"fields\": [\"City\"]}}]',8,1),(1672,'2022-11-01 18:03:40.299563','10','Shari Bashur',2,'[{\"changed\": {\"fields\": [\"City\"]}}]',8,1),(1673,'2022-11-01 18:04:52.352334','8','White Tower',2,'[{\"changed\": {\"fields\": [\"City\"]}}]',8,1),(1674,'2022-11-02 07:10:07.246617','105','60x120 ATLANTIC',2,'[]',5,2),(1675,'2022-11-02 15:43:52.336426','6','Empire Tower',2,'[{\"changed\": {\"fields\": [\"Challenge\"]}}]',8,1),(1676,'2022-11-02 15:46:56.609445','6','Empire Tower',2,'[{\"changed\": {\"fields\": [\"Description 1\"]}}]',8,1),(1677,'2022-11-02 15:48:16.825674','6','Empire Tower',2,'[{\"changed\": {\"fields\": [\"Description 1\"]}}]',8,1),(1678,'2022-11-02 15:48:30.882474','6','Empire Tower',2,'[{\"changed\": {\"fields\": [\"Challenge\"]}}]',8,1),(1679,'2022-11-05 16:10:46.077160','355','1051 KALEKIM',2,'[{\"changed\": {\"fields\": [\"Product manual\"]}}]',5,1),(1680,'2022-11-05 16:11:08.708176','355','1051 KALEKIM',2,'[{\"changed\": {\"fields\": [\"Product manual\"]}}]',5,1),(1681,'2022-11-05 16:11:30.877946','355','1051 KALEKIM',2,'[{\"changed\": {\"fields\": [\"Product manual\"]}}]',5,1),(1682,'2022-12-21 15:07:51.368636','2','zaid',2,'[{\"changed\": {\"fields\": [\"User permissions\"]}}]',13,1),(1683,'2022-12-21 15:14:32.685726','1','1051-Manual_01',1,'[{\"added\": {}}]',17,1),(1684,'2022-12-21 15:16:15.359351','2','Catalog Final WEB DOCUMENT',1,'[{\"added\": {}}]',17,1),(1685,'2022-12-21 15:18:00.748069','1','Insulation - U-STUCCO Presentation',1,'[{\"added\": {}}]',18,1),(1686,'2022-12-21 15:19:09.243739','2','Catalog Final_WEB_DOCUMENT',1,'[{\"added\": {}}]',18,1),(1687,'2022-12-21 15:19:15.072554','2','Catalog Final_WEB_DOCUMENT',2,'[]',18,1),(1688,'2022-12-21 15:19:29.629994','2','Catalog Final_WEB_DOCUMENT',2,'[{\"changed\": {\"fields\": [\"Pdf type\"]}}]',18,1),(1689,'2022-12-21 15:20:45.502555','3','1051-Manual_01',1,'[{\"added\": {}}]',18,1),(1690,'2022-12-21 15:23:47.155110','2','zaid',2,'[{\"changed\": {\"fields\": [\"User permissions\"]}}]',13,1),(1691,'2022-12-21 15:25:04.474618','2','Catalog Final WEB DOCUMENT',3,'',17,1),(1692,'2022-12-21 15:25:04.482464','1','1051-Manual_01',3,'',17,1),(1693,'2022-12-21 15:27:01.786250','3','1051-Manual_01',1,'[{\"added\": {}}]',17,1),(1694,'2022-12-21 15:27:38.264933','4','Catalog Final WEB DOCUMENT',1,'[{\"added\": {}}]',17,1),(1695,'2022-12-21 15:28:17.740859','4','Catalog Final WEB DOCUMENT',3,'',17,1),(1696,'2022-12-21 15:28:17.747489','3','1051-Manual_01',3,'',17,1),(1697,'2022-12-21 15:30:45.752709','5','Catalog Final WEB DOCUMENT',1,'[{\"added\": {}}]',17,1),(1698,'2022-12-21 15:31:44.941621','6','1051-Manual_01',1,'[{\"added\": {}}]',17,1),(1699,'2022-12-22 12:32:49.680607','3','1051-Manual_01',2,'[{\"changed\": {\"fields\": [\"Pdf type\"]}}]',18,1),(1700,'2022-12-22 12:32:59.567998','2','Catalog Final_WEB_DOCUMENT',2,'[{\"changed\": {\"fields\": [\"Pdf type\"]}}]',18,1),(1701,'2022-12-22 12:33:05.884799','1','Insulation - U-STUCCO Presentation',2,'[{\"changed\": {\"fields\": [\"Pdf type\"]}}]',18,1),(1702,'2022-12-22 12:46:36.334231','1','Insulation - U-STUCCO Presentation',2,'[{\"changed\": {\"fields\": [\"Pdf type\"]}}]',18,1),(1703,'2022-12-22 13:16:27.982288','4','1052',1,'[{\"added\": {}}]',18,1),(1704,'2022-12-22 13:16:32.898432','4','1052',2,'[]',18,1),(1705,'2022-12-22 13:16:50.889410','5','1054',1,'[{\"added\": {}}]',18,1),(1706,'2022-12-22 13:17:07.387083','6','1055',1,'[{\"added\": {}}]',18,1),(1707,'2022-12-22 13:17:24.523819','7','1056',1,'[{\"added\": {}}]',18,1),(1708,'2022-12-22 13:17:41.958629','8','1057',1,'[{\"added\": {}}]',18,1),(1709,'2022-12-22 13:17:58.141236','9','1058',1,'[{\"added\": {}}]',18,1),(1710,'2022-12-22 13:18:13.516931','10','1059',1,'[{\"added\": {}}]',18,1),(1711,'2022-12-22 13:18:31.306458','11','1060',1,'[{\"added\": {}}]',18,1),(1712,'2022-12-22 13:18:49.357128','12','1062',1,'[{\"added\": {}}]',18,1),(1713,'2022-12-22 13:19:12.687054','13','1230',1,'[{\"added\": {}}]',18,1),(1714,'2022-12-22 16:29:07.873123','5','Catalog Final WEB DOCUMENT',2,'[{\"changed\": {\"fields\": [\"Order number\"]}}]',17,1),(1715,'2022-12-22 17:00:40.752652','2','zaid',2,'[{\"changed\": {\"fields\": [\"User permissions\"]}}]',13,1),(1716,'2022-12-23 09:05:28.086827','5','Catalog Final WEB DOCUMENT',3,'',17,2),(1717,'2022-12-23 09:05:40.771009','6','1051-Manual_01',3,'',17,2),(1718,'2022-12-23 09:18:58.550321','1','theme_1',2,'[{\"changed\": {\"fields\": [\"Slyder image 1\", \"Slyder image 2\", \"Slyder image 8\"]}}]',7,1),(1719,'2022-12-23 10:08:55.448700','7','PANY CATALOGUE 2023',1,'[{\"added\": {}}]',17,1),(1720,'2022-12-24 07:22:54.273247','1','theme_1',2,'[{\"changed\": {\"fields\": [\"Slyder image 1\", \"Slyder image 2\", \"Slyder image 8\", \"Slyder title 8\", \"Slyder text 8\"]}}]',7,2),(1721,'2022-12-29 10:44:00.666597','3','dashty',2,'[{\"changed\": {\"fields\": [\"password\"]}}]',13,1),(1722,'2022-12-29 10:47:29.376490','3','dashty',2,'[{\"changed\": {\"fields\": [\"User permissions\"]}}]',13,1),(1723,'2022-12-29 10:47:59.486971','3','dashty',2,'[]',13,1),(1724,'2022-12-29 16:05:44.462136','1','theme_1',2,'[{\"changed\": {\"fields\": [\"Phone number\"]}}]',7,3),(1725,'2022-12-29 16:11:11.429033','1','theme_1',2,'[{\"changed\": {\"fields\": [\"Phone number\"]}}]',7,3),(1726,'2022-12-29 16:11:38.502125','1','theme_1',2,'[{\"changed\": {\"fields\": [\"Phone number\"]}}]',7,3),(1727,'2022-12-29 18:13:15.755811','13','1230',2,'[{\"changed\": {\"fields\": [\"Pagenumforcover\"]}}]',18,1),(1728,'2022-12-29 18:14:12.503377','13','1230',2,'[{\"changed\": {\"fields\": [\"Pagenumforcover\"]}}]',18,1),(1729,'2023-01-02 07:34:46.653540','1','Insulation - U-STUCCO Presentation',3,'',18,2),(1730,'2023-01-02 07:35:37.220957','2','Pany Catalogue',2,'[{\"changed\": {\"fields\": [\"Filename\"]}}]',18,2),(1731,'2023-01-02 07:39:10.263480','2','Pany Catalogue',2,'[{\"changed\": {\"fields\": [\"Pdf\"]}}]',18,2),(1732,'2023-01-02 07:40:25.164352','2','Pany Catalogue',2,'[{\"changed\": {\"fields\": [\"Pdf\"]}}]',18,2),(1733,'2023-01-02 08:25:44.006860','2','Pany Catalogue',2,'[{\"changed\": {\"fields\": [\"Pagenumforcover\"]}}]',18,1),(1734,'2023-01-02 08:25:58.646434','2','Pany Catalogue',2,'[{\"changed\": {\"fields\": [\"Pagenumforcover\"]}}]',18,1),(1735,'2023-01-02 08:26:51.965920','2','Pany Catalogue',2,'[{\"changed\": {\"fields\": [\"Pagenumforcover\"]}}]',18,1),(1736,'2023-01-02 08:26:54.369184','2','Pany Catalogue',2,'[]',18,1),(1737,'2023-01-02 08:28:35.354600','2','Pany Catalogue',2,'[{\"changed\": {\"fields\": [\"Pagenumforcover\"]}}]',18,1),(1738,'2023-01-02 10:33:28.812027','3','1051-Manual_01',3,'',18,2),(1739,'2023-01-02 11:16:36.603203','11','naz city',1,'[{\"added\": {}}]',8,2),(1740,'2023-01-02 11:19:20.127516','11','naz city',2,'[{\"changed\": {\"fields\": [\"Image 1\"]}}]',8,2),(1741,'2023-01-03 06:38:07.335973','11','Naz City',2,'[{\"changed\": {\"fields\": [\"Name\"]}}]',8,2),(1742,'2023-01-03 06:51:56.269504','394','joker plus ext 2',1,'[{\"added\": {}}]',5,2),(1743,'2023-01-03 07:11:50.252643','11','Naz City',2,'[{\"changed\": {\"fields\": [\"Products\"]}}]',8,2),(1744,'2023-01-03 07:16:23.377338','394','joker plus ext 2',3,'',5,2),(1745,'2023-01-03 07:17:58.168021','11','Naz City',2,'[{\"changed\": {\"fields\": [\"Products\"]}}]',8,2),(1746,'2023-01-03 07:18:22.740760','11','Naz City',2,'[]',8,2),(1747,'2023-01-03 07:21:52.997406','12','Naz City 2018',1,'[{\"added\": {}}]',8,2),(1748,'2023-01-03 07:29:17.919839','13','Empire World',1,'[{\"added\": {}}]',8,2),(1749,'2023-01-03 07:30:29.493025','13','Empire World',2,'[{\"changed\": {\"fields\": [\"Image 1\"]}}]',8,2),(1750,'2023-01-03 10:48:03.098416','13','Empire World',2,'[{\"changed\": {\"fields\": [\"Image 1\"]}}]',8,2),(1751,'2023-01-06 13:02:08.707046','5','1054',3,'',18,2),(1752,'2023-01-06 15:32:16.377111','8','1057',3,'',18,2),(1753,'2023-01-06 15:35:00.981524','14','Kalekim Manual',1,'[{\"added\": {}}]',18,2),(1754,'2023-01-06 15:35:30.232632','4','1052',3,'',18,2),(1755,'2023-01-06 15:35:37.958378','6','1055',3,'',18,2),(1756,'2023-01-06 15:35:47.102219','7','1056',3,'',18,2),(1757,'2023-01-06 15:35:54.319382','9','1058',3,'',18,2),(1758,'2023-01-06 15:44:57.858531','15','MOMENTUM Catalog',1,'[{\"added\": {}}]',18,2),(1759,'2023-01-06 15:46:27.494550','13','1230',3,'',18,2),(1760,'2023-01-06 15:46:50.650331','12','1062',3,'',18,2),(1761,'2023-01-06 15:47:03.805208','11','1060',3,'',18,2),(1762,'2023-01-06 15:47:15.856679','10','1059',3,'',18,2),(1763,'2023-01-06 15:48:55.656425','16','Yurtbay Catalog',1,'[{\"added\": {}}]',18,2),(1764,'2023-01-06 15:50:29.511651','17','TESAY Catalog',1,'[{\"added\": {}}]',18,2),(1765,'2023-01-06 15:53:25.218659','18','MOSSAICA Catalog',1,'[{\"added\": {}}]',18,2),(1766,'2023-01-06 15:58:18.435617','19','FN-50 Brochure',1,'[{\"added\": {}}]',18,2),(1767,'2023-01-07 08:28:06.159720','16','Yurtbay Catalog',3,'',18,2),(1768,'2023-01-07 08:29:42.024584','20','Yurtbay Catalog',1,'[{\"added\": {}}]',18,2),(1769,'2023-06-18 10:05:19.335058','13','CONCRETE CORSE PRIMER',2,'[]',5,1);
/*!40000 ALTER TABLE `django_admin_log` ENABLE KEYS */;
UNLOCK TABLES;

--
-- Table structure for table `django_content_type`
--

DROP TABLE IF EXISTS `django_content_type`;
/*!40101 SET @saved_cs_client     = @@character_set_client */;
/*!40101 SET character_set_client = utf8 */;
CREATE TABLE `django_content_type` (
  `id` int(11) NOT NULL AUTO_INCREMENT,
  `app_label` varchar(100) NOT NULL,
  `model` varchar(100) NOT NULL,
  PRIMARY KEY (`id`),
  UNIQUE KEY `django_content_type_app_label_model_76bd3d3b_uniq` (`app_label`,`model`)
) ENGINE=InnoDB AUTO_INCREMENT=19 DEFAULT CHARSET=utf8;
/*!40101 SET character_set_client = @saved_cs_client */;

--
-- Dumping data for table `django_content_type`
--

LOCK TABLES `django_content_type` WRITE;
/*!40000 ALTER TABLE `django_content_type` DISABLE KEYS */;
INSERT INTO `django_content_type` VALUES (10,'admin','logentry'),(9,'admin_interface','theme'),(12,'auth','group'),(11,'auth','permission'),(13,'auth','user'),(14,'contenttypes','contenttype'),(17,'library','annualcatalogue'),(18,'library','pdffile'),(15,'sessions','session'),(16,'sites','site'),(1,'website','brand'),(2,'website','category'),(3,'website','customertestimonial'),(4,'website','expert'),(5,'website','product'),(8,'website','project'),(6,'website','salepoint'),(7,'website','theme');
/*!40000 ALTER TABLE `django_content_type` ENABLE KEYS */;
UNLOCK TABLES;

--
-- Table structure for table `django_migrations`
--

DROP TABLE IF EXISTS `django_migrations`;
/*!40101 SET @saved_cs_client     = @@character_set_client */;
/*!40101 SET character_set_client = utf8 */;
CREATE TABLE `django_migrations` (
  `id` int(11) NOT NULL AUTO_INCREMENT,
  `app` varchar(255) NOT NULL,
  `name` varchar(255) NOT NULL,
  `applied` datetime(6) NOT NULL,
  PRIMARY KEY (`id`)
) ENGINE=InnoDB AUTO_INCREMENT=72 DEFAULT CHARSET=utf8;
/*!40101 SET character_set_client = @saved_cs_client */;

--
-- Dumping data for table `django_migrations`
--

LOCK TABLES `django_migrations` WRITE;
/*!40000 ALTER TABLE `django_migrations` DISABLE KEYS */;
INSERT INTO `django_migrations` VALUES (1,'contenttypes','0001_initial','2021-04-27 19:02:56.969838'),(2,'auth','0001_initial','2021-04-27 19:03:32.959160'),(3,'admin','0001_initial','2021-04-27 19:03:43.668884'),(4,'admin','0002_logentry_remove_auto_add','2021-04-27 19:03:43.684282'),(5,'admin','0003_logentry_add_action_flag_choices','2021-04-27 19:03:43.703488'),(6,'admin_interface','0001_initial','2021-04-27 19:04:20.231759'),(7,'admin_interface','0002_add_related_modal','2021-04-27 19:04:25.783738'),(8,'admin_interface','0003_add_logo_color','2021-04-27 19:04:28.499960'),(9,'admin_interface','0004_rename_title_color','2021-04-27 19:04:28.521612'),(10,'admin_interface','0005_add_recent_actions_visible','2021-04-27 19:04:29.885311'),(11,'admin_interface','0006_bytes_to_str','2021-04-27 19:04:29.953245'),(12,'admin_interface','0007_add_favicon','2021-04-27 19:04:31.441941'),(13,'admin_interface','0008_change_related_modal_background_opacity_type','2021-04-27 19:04:32.824265'),(14,'admin_interface','0009_add_enviroment','2021-04-27 19:04:35.475953'),(15,'admin_interface','0010_add_localization','2021-04-27 19:04:35.501543'),(16,'admin_interface','0011_add_environment_options','2021-04-27 19:04:38.119797'),(17,'admin_interface','0012_update_verbose_names','2021-04-27 19:04:38.132160'),(18,'admin_interface','0013_add_related_modal_close_button','2021-04-27 19:04:39.492050'),(19,'admin_interface','0014_name_unique','2021-04-27 19:04:39.535718'),(20,'admin_interface','0015_add_language_chooser_active','2021-04-27 19:04:40.874316'),(21,'admin_interface','0016_add_language_chooser_display','2021-04-27 19:04:42.161162'),(22,'admin_interface','0017_change_list_filter_dropdown','2021-04-27 19:04:42.183763'),(23,'admin_interface','0018_theme_list_filter_sticky','2021-04-27 19:04:43.547907'),(24,'admin_interface','0019_add_form_sticky','2021-04-27 19:04:46.032305'),(25,'admin_interface','0020_module_selected_colors','2021-04-27 19:04:49.025302'),(26,'admin_interface','0021_auto_20210424_1440','2021-04-27 19:04:49.037002'),(27,'contenttypes','0002_remove_content_type_name','2021-04-27 19:04:49.137083'),(28,'auth','0002_alter_permission_name_max_length','2021-04-27 19:04:49.213426'),(29,'auth','0003_alter_user_email_max_length','2021-04-27 19:04:49.275276'),(30,'auth','0004_alter_user_username_opts','2021-04-27 19:04:49.287381'),(31,'auth','0005_alter_user_last_login_null','2021-04-27 19:04:49.336152'),(32,'auth','0006_require_contenttypes_0002','2021-04-27 19:04:49.342492'),(33,'auth','0007_alter_validators_add_error_messages','2021-04-27 19:04:49.354299'),(34,'auth','0008_alter_user_username_max_length','2021-04-27 19:04:49.413147'),(35,'auth','0009_alter_user_last_name_max_length','2021-04-27 19:04:49.472620'),(36,'auth','0010_alter_group_name_max_length','2021-04-27 19:04:49.536599'),(37,'auth','0011_update_proxy_permissions','2021-04-27 19:04:49.554301'),(38,'auth','0012_alter_user_first_name_max_length','2021-04-27 19:04:49.608687'),(39,'sessions','0001_initial','2021-04-27 19:04:53.456522'),(40,'sites','0001_initial','2021-04-27 19:04:57.228913'),(41,'sites','0002_alter_domain_unique','2021-04-27 19:04:57.259423'),(42,'website','0001_initial','2021-04-27 19:07:31.579060'),(43,'website','0002_remove_product_packaging','2021-04-27 19:07:31.636939'),(44,'website','0003_product_packaging','2021-04-27 19:07:32.918165'),(45,'admin_interface','0021_file_extension_validator','2021-04-29 14:54:16.364133'),(46,'admin_interface','0022_merge_20210429_1454','2021-04-29 14:54:16.371173'),(47,'website','0004_alter_product_product_manual','2021-04-29 14:59:22.451957'),(48,'website','0005_auto_20210429_1622','2021-04-29 16:23:02.886776'),(49,'website','0006_auto_20210504_2018','2021-05-04 20:18:25.414728'),(50,'website','0007_auto_20210505_1320','2021-05-05 13:21:15.450456'),(51,'website','0008_category_image_1','2021-05-18 17:24:46.512880'),(52,'website','0009_alter_category_slug','2021-05-18 17:59:49.170633'),(53,'website','0010_product_application','2022-10-21 09:24:53.487933'),(54,'website','0011_auto_20221028_1221','2022-10-28 12:24:44.105890'),(55,'website','0012_alter_product_slug','2022-10-28 12:33:05.214773'),(56,'website','0013_alter_product_description','2022-10-29 11:56:12.124284'),(57,'website','0014_alter_product_description','2022-10-29 12:20:42.743682'),(58,'website','0015_alter_product_description','2022-10-29 12:26:25.557608'),(59,'website','0016_alter_product_description','2022-10-29 12:27:58.761858'),(60,'website','0017_auto_20221030_1236','2022-10-30 12:36:29.818581'),(61,'website','0018_auto_20221030_1357','2022-10-30 13:57:36.324779'),(62,'website','0019_alter_project_city','2022-11-01 17:58:22.323238'),(63,'library','0001_initial','2022-12-21 15:01:21.166729'),(64,'library','0002_alter_annualcatalogue_catalogue_pdf','2022-12-21 15:30:01.581977'),(65,'library','0003_alter_pdffile_pdf_type','2022-12-22 11:52:58.541055'),(66,'library','0004_alter_pdffile_pdf_type','2022-12-22 12:46:03.520022'),(67,'library','0005_auto_20221222_1632','2022-12-22 16:33:17.714660'),(68,'library','0006_alter_pdffile_filename','2022-12-22 16:36:29.859854'),(69,'website','0020_theme_header_background_document','2022-12-29 08:54:14.720334'),(70,'website','0021_theme_phone_number','2022-12-29 15:58:36.280832'),(71,'website','0022_alter_theme_phone_number','2022-12-29 16:20:29.582706');
/*!40000 ALTER TABLE `django_migrations` ENABLE KEYS */;
UNLOCK TABLES;

--
-- Table structure for table `django_session`
--

DROP TABLE IF EXISTS `django_session`;
/*!40101 SET @saved_cs_client     = @@character_set_client */;
/*!40101 SET character_set_client = utf8 */;
CREATE TABLE `django_session` (
  `session_key` varchar(40) NOT NULL,
  `session_data` longtext NOT NULL,
  `expire_date` datetime(6) NOT NULL,
  PRIMARY KEY (`session_key`),
  KEY `django_session_expire_date_a5c62663` (`expire_date`)
) ENGINE=InnoDB DEFAULT CHARSET=utf8;
/*!40101 SET character_set_client = @saved_cs_client */;

--
-- Dumping data for table `django_session`
--

LOCK TABLES `django_session` WRITE;
/*!40000 ALTER TABLE `django_session` DISABLE KEYS */;
INSERT INTO `django_session` VALUES ('0n6euxdri517rgat7161j8crcs04yhny','.eJxVjEsOwjAMBe-SNYoIqR2HJfueoXIclxZQIvWzQtydVuoCtjPz3tt0vC5Dt846dWM2V-PN6ZcllqeWXeQHl3u1UssyjcnuiT3sbNua9XU72r-DgedhWzsSjBISIoJwA-iR9ExMqi5F2AhckqdIHnrpg1PJIXATKTuIfUbz-QLSZDej:1ljeIU:FIkmAKJCDhqZW8glIRSsE9zBE3Y6V8HPqK_bQideLUU','2021-06-03 08:44:50.930864'),('0oelzs3fr119o86a9nvm9vhq6heoxcn5','.eJxVjEEOwiAQRe_C2hBoGWRcuu8ZmmGGStVAUtqV8e7apAvd_vfef6mRtjWPW0vLOIu6qE6dfrdI_EhlB3Kncquaa1mXOepd0QdteqiSntfD_TvI1PK37hMGjwmSBWHbeYpT8DGAITY9gDFCaNAxOrReIEzsIGC0QIRnFlLvD9bBN7M:1lcl39:jjL5QBebFwYaNzu4gEafDjg3KkKKXf2f5ImTQTkktyQ','2021-05-15 08:32:31.534354'),('0pyh5qgcyxu1gv4gs1b6b3emmiipbpsd','.eJxVjEEOwiAQRe_C2hBoGWRcuu8ZmmGGStVAUtqV8e7apAvd_vfef6mRtjWPW0vLOIu6qE6dfrdI_EhlB3Kncquaa1mXOepd0QdteqiSntfD_TvI1PK37hMGjwmSBWHbeYpT8DGAITY9gDFCaNAxOrReIEzsIGC0QIRnFlLvD9bBN7M:1pkOfL:9W8ZrE8XRNZE4COr7qE7TcEYfLCPlQQGMtFfE3uwAn4','2023-04-20 12:24:35.610382'),('0w1fw4dda22zbvvqb0c6oiod4d452zxb','.eJxVjEEOwiAQRe_C2hBoCwwu3XsGMsOAVA0kpV0Z765NutDtf-_9lwi4rSVsPS1hZnEWWpx-N8L4SHUHfMd6azK2ui4zyV2RB-3y2jg9L4f7d1Cwl2-ds_UaCNzoLCefhjxMGgA0sFGcIwJCdAmZlLVKW03jRMYrS84b70i8P-DBN5M:1lkiJH:jIYKfWyksb_RYGRZmyTSEfWS_SRGwm-9ol5Od1Bxyh4','2021-06-06 07:14:03.044283'),('11tt9q7nn1eurc94e5rcilzi3zabqnan','.eJxVjEEOwiAQRe_C2hBoCwwu3XsGMsOAVA0kpV0Z765NutDtf-_9lwi4rSVsPS1hZnEWWpx-N8L4SHUHfMd6azK2ui4zyV2RB-3y2jg9L4f7d1Cwl2-ds_UaCNzoLCefhjxMGgA0sFGcIwJCdAmZlLVKW03jRMYrS84b70i8P-DBN5M:1oZuMr:_QJDkdocznEU8QoBwAyBy7h4VKv3Oby2m2ANCSCuofg','2022-10-02 13:29:53.136517'),('1xvr4zed4puc1crafhrolvgkpe979jv7','.eJxVjEEOwiAQRe_C2hBoGWRcuu8ZmmGGStVAUtqV8e7apAvd_vfef6mRtjWPW0vLOIu6qE6dfrdI_EhlB3Kncquaa1mXOepd0QdteqiSntfD_TvI1PK37hMGjwmSBWHbeYpT8DGAITY9gDFCaNAxOrReIEzsIGC0QIRnFlLvD9bBN7M:1oXf74:4sZVHWtYKJwBbPbeBE0sziNehVgo7il10ccr_AZj3Nw','2022-09-26 08:48:18.906274'),('2vinx61wvwqjnkol1dj6izsckux7d2pw','.eJxVjEsOwjAMBe-SNYoIqR2HJfueoXIclxZQIvWzQtydVuoCtjPz3tt0vC5Dt846dWM2V-PN6ZcllqeWXeQHl3u1UssyjcnuiT3sbNua9XU72r-DgedhWzsSjBISIoJwA-iR9ExMqi5F2AhckqdIHnrpg1PJIXATKTuIfUbz-QLSZDej:1ld6VG:ObDfvt4m34G91f94yngKN3LCeA7Unrfr66dhfgF51nI','2021-05-16 07:26:58.295759'),('3019rv110n7ubbc9xl0kt7nbtqmgx1ov','.eJxVjEEOwiAQRe_C2hBoCwwu3XsGMsOAVA0kpV0Z765NutDtf-_9lwi4rSVsPS1hZnEWWpx-N8L4SHUHfMd6azK2ui4zyV2RB-3y2jg9L4f7d1Cwl2-ds_UaCNzoLCefhjxMGgA0sFGcIwJCdAmZlLVKW03jRMYrS84b70i8P-DBN5M:1pAxMM:BtXMcxX2fA9knJzzz7QdgmPX9xoaQfgkyfr7pmZSXOA','2023-01-12 18:10:30.421972'),('41aw9nyb4riw0dbbzjxjbncons9uhnpr','.eJxVjEEOwiAQRe_C2hBoGWRcuu8ZmmGGStVAUtqV8e7apAvd_vfef6mRtjWPW0vLOIu6qE6dfrdI_EhlB3Kncquaa1mXOepd0QdteqiSntfD_TvI1PK37hMGjwmSBWHbeYpT8DGAITY9gDFCaNAxOrReIEzsIGC0QIRnFlLvD9bBN7M:1p8ylC:YQRDFZ1hqdqDvbb-yiAQX2pqfsKpOwMnvRjN29ROA7A','2023-01-07 07:15:58.005847'),('4312casxuzqok0xw839y5q7nlrffqm3c','.eJxVjEEOwiAQRe_C2hBoGWRcuu8ZmmGGStVAUtqV8e7apAvd_vfef6mRtjWPW0vLOIu6qE6dfrdI_EhlB3Kncquaa1mXOepd0QdteqiSntfD_TvI1PK37hMGjwmSBWHbeYpT8DGAITY9gDFCaNAxOrReIEzsIGC0QIRnFlLvD9bBN7M:1p8dn5:6RpkNYZSJHVN3mMIqaqTdWZB9gRZWqT7_gf3HG1l7dc','2023-01-06 08:52:31.703956'),('43nn2ywyy74e2ogn6m7xeh4yahc8ixjj','.eJxVjEEOwiAQRe_C2hDKUFpcuvcMZJiZStVAUtqV8e7apAvd_vfef6mI25rj1mSJM6uzcur0uyWkh5Qd8B3LrWqqZV3mpHdFH7Tpa2V5Xg737yBjy9-6Q4sCHQ2pZ09A_QjJTwGtg8QgiEKjAWBIQZyFMJDxYI1xQGCDn9T7A_WCN7s:1no5xl:VAzCfVMUIfbnDkvOczHu_qFbJvT5mrCxjh-XZhX0r6A','2022-05-23 16:10:21.589196'),('43zx98965jjswr9z4gwnm1ys4xo0idw0','.eJxVjEEOwiAQRe_C2hBoGWRcuu8ZmmGGStVAUtqV8e7apAvd_vfef6mRtjWPW0vLOIu6qE6dfrdI_EhlB3Kncquaa1mXOepd0QdteqiSntfD_TvI1PK37hMGjwmSBWHbeYpT8DGAITY9gDFCaNAxOrReIEzsIGC0QIRnFlLvD9bBN7M:1pCI6U:CyZFzEqBxz7CwAWsoMOvkmhOqAiUz27MyN9965x-NmQ','2023-01-16 10:31:38.645032'),('4k390u4dlr0haz9ws5g4g1t4a0l0otd1','.eJxVjEEOwiAQRe_C2hBoCwwu3XsGMsOAVA0kpV0Z765NutDtf-_9lwi4rSVsPS1hZnEWWpx-N8L4SHUHfMd6azK2ui4zyV2RB-3y2jg9L4f7d1Cwl2-ds_UaCNzoLCefhjxMGgA0sFGcIwJCdAmZlLVKW03jRMYrS84b70i8P-DBN5M:1mr38n:D8JMgjkSfb0TK2ZNfT5lRueJQc_dI9cEAImdlQHJXrw','2021-12-11 19:13:41.564379'),('5w7k9ow8cfkt57uiq5yhf99191i6axsl','.eJxVjEEOwiAQRe_C2hBoGWRcuu8ZmmGGStVAUtqV8e7apAvd_vfef6mRtjWPW0vLOIu6qE6dfrdI_EhlB3Kncquaa1mXOepd0QdteqiSntfD_TvI1PK37hMGjwmSBWHbeYpT8DGAITY9gDFCaNAxOrReIEzsIGC0QIRnFlLvD9bBN7M:1ojeey:8eU46fNAl57T31cBTtBatQNFLrmtEtm0prIZcLOwzzs','2022-10-29 10:44:52.551814'),('65e4t33lcf52dqajpf9unz9his4iye1m','.eJxVjEEOwiAQRe_C2hBoGWRcuu8ZmmGGStVAUtqV8e7apAvd_vfef6mRtjWPW0vLOIu6qE6dfrdI_EhlB3Kncquaa1mXOepd0QdteqiSntfD_TvI1PK37hMGjwmSBWHbeYpT8DGAITY9gDFCaNAxOrReIEzsIGC0QIRnFlLvD9bBN7M:1ohsBD:kOwGZgbZULW2TFhP4oWNKWHGLWbiHp68Ked0mYUU9eg','2022-10-24 12:46:47.769483'),('6p4hpayewtt57c082zf55u9lbrli6pi1','.eJxVjEsOwjAMBe-SNYoIqR2HJfueoXIclxZQIvWzQtydVuoCtjPz3tt0vC5Dt846dWM2V-PN6ZcllqeWXeQHl3u1UssyjcnuiT3sbNua9XU72r-DgedhWzsSjBISIoJwA-iR9ExMqi5F2AhckqdIHnrpg1PJIXATKTuIfUbz-QLSZDej:1ljGqD:0jB_UOLPRE7O7DdYkGigcgN93YO9a9mYybCOD9QDsQg','2021-06-02 07:42:05.169758'),('6rnrikt9ne1qh0zvus66k48fhz3s88xr','.eJxVjEEOwiAQRe_C2hBoCwwu3XsGMsOAVA0kpV0Z765NutDtf-_9lwi4rSVsPS1hZnEWWpx-N8L4SHUHfMd6azK2ui4zyV2RB-3y2jg9L4f7d1Cwl2-ds_UaCNzoLCefhjxMGgA0sFGcIwJCdAmZlLVKW03jRMYrS84b70i8P-DBN5M:1lc7NG:XlbWp54Brn2klOMoLDzZ-N7bVa8xLtlFvi4ABrP9Wz8','2021-05-13 14:10:38.191353'),('7vuhvj48sgjj3yxn3eo742rbrss740ej','.eJxVjEEOwiAQRe_C2hBoCwwu3XsGMsOAVA0kpV0Z765NutDtf-_9lwi4rSVsPS1hZnEWWpx-N8L4SHUHfMd6azK2ui4zyV2RB-3y2jg9L4f7d1Cwl2-ds_UaCNzoLCefhjxMGgA0sFGcIwJCdAmZlLVKW03jRMYrS84b70i8P-DBN5M:1okp3Q:8i6FgzgkbDF7JmRdiybE4zxM17MlXnzQMK_kav2KqEM','2022-11-01 16:02:56.547509'),('8f6pr6ynd848h1im2ypcs0yu502prp3y','.eJxVjEEOwiAQRe_C2hBoCwwu3XsGMsOAVA0kpV0Z765NutDtf-_9lwi4rSVsPS1hZnEWWpx-N8L4SHUHfMd6azK2ui4zyV2RB-3y2jg9L4f7d1Cwl2-ds_UaCNzoLCefhjxMGgA0sFGcIwJCdAmZlLVKW03jRMYrS84b70i8P-DBN5M:1lpvNl:YIu6DWSaOmzVoA_3gEBK-tcnZtV2o7yo_-bJc8IAIBU','2021-06-20 16:12:13.492039'),('8xzyemlem9omncqefqa03teoy9as3qxx','.eJxVjEEOwiAQRe_C2hBoCwwu3XsGMsOAVA0kpV0Z765NutDtf-_9lwi4rSVsPS1hZnEWWpx-N8L4SHUHfMd6azK2ui4zyV2RB-3y2jg9L4f7d1Cwl2-ds_UaCNzoLCefhjxMGgA0sFGcIwJCdAmZlLVKW03jRMYrS84b70i8P-DBN5M:1lj62B:0OpPcQJGBF74nTpMm66Xp-51YXNcjPVafSgzpeQIv-I','2021-06-01 20:09:43.757248'),('93ni5j8dye2f1nfrd7zpk0jht9foybet','.eJxVjEEOwiAQRe_C2hBoGWRcuu8ZmmGGStVAUtqV8e7apAvd_vfef6mRtjWPW0vLOIu6qE6dfrdI_EhlB3Kncquaa1mXOepd0QdteqiSntfD_TvI1PK37hMGjwmSBWHbeYpT8DGAITY9gDFCaNAxOrReIEzsIGC0QIRnFlLvD9bBN7M:1pE4YK:6LH3LgfT5gzPAOl9XFvIzSXz7Bq3xdPiHLQnwMtsiI0','2023-01-21 08:27:44.857916'),('9737kwenro48mmr3muyeefqq5wgp0i5w','.eJxVjEEOwiAQRe_C2hBoCwwu3XsGMsOAVA0kpV0Z765NutDtf-_9lwi4rSVsPS1hZnEWWpx-N8L4SHUHfMd6azK2ui4zyV2RB-3y2jg9L4f7d1Cwl2-ds_UaCNzoLCefhjxMGgA0sFGcIwJCdAmZlLVKW03jRMYrS84b70i8P-DBN5M:1oXnDu:cVEuN9B3YLLFGbSMMhob97M7VTKWrF8IYvPR2huup8c','2022-09-26 17:27:54.736422'),('9hlvqn6gw1ct1ijqw1153y8o3ob1q4dx','.eJxVjEEOwiAQRe_C2hBoGWRcuu8ZmmGGStVAUtqV8e7apAvd_vfef6mRtjWPW0vLOIu6qE6dfrdI_EhlB3Kncquaa1mXOepd0QdteqiSntfD_TvI1PK37hMGjwmSBWHbeYpT8DGAITY9gDFCaNAxOrReIEzsIGC0QIRnFlLvD9bBN7M:1pA7Q1:Ni3R3PkhFcswqPSLrUcTjtKfNB992z7yyN8UPC30YhQ','2023-01-10 10:42:49.278502'),('9l5ytpw19ktto8bdgatt018t260y5vzi','.eJxVjEEOwiAQRe_C2hBoGWRcuu8ZmmGGStVAUtqV8e7apAvd_vfef6mRtjWPW0vLOIu6qE6dfrdI_EhlB3Kncquaa1mXOepd0QdteqiSntfD_TvI1PK37hMGjwmSBWHbeYpT8DGAITY9gDFCaNAxOrReIEzsIGC0QIRnFlLvD9bBN7M:1nvzqN:mzFQDVlNLz04K4jdNyAEXOU-Ibd6t3Lco33mqoS-FO8','2022-06-14 11:15:23.132163'),('a3yqkfky72i9edwye0d67qtxxkde4ltu','.eJxVjEEOwiAQRe_C2hBoCwwu3XsGMsOAVA0kpV0Z765NutDtf-_9lwi4rSVsPS1hZnEWWpx-N8L4SHUHfMd6azK2ui4zyV2RB-3y2jg9L4f7d1Cwl2-ds_UaCNzoLCefhjxMGgA0sFGcIwJCdAmZlLVKW03jRMYrS84b70i8P-DBN5M:1oXz6Z:zJp3Si-fseU4iaAYR4wC_H5ys2NsZ1mGl2Hludjs6f4','2022-09-27 06:09:07.694702'),('ajpi6fz6diocd75g83kxbnwbnw9yz1lz','.eJxVjEEOwiAQRe_C2hBoCwwu3XsGMsOAVA0kpV0Z765NutDtf-_9lwi4rSVsPS1hZnEWWpx-N8L4SHUHfMd6azK2ui4zyV2RB-3y2jg9L4f7d1Cwl2-ds_UaCNzoLCefhjxMGgA0sFGcIwJCdAmZlLVKW03jRMYrS84b70i8P-DBN5M:1oWjjG:0SpgNwaaRO06OawzGoTLsCuTWpQSKLyF9MvjQ5e1QMM','2022-09-23 19:31:54.567630'),('axs5m9ghsqao9pwtpe0eo7qh54yxk3r5','e30:1lckh4:ohXYvXD3r7L9rUxw7cchUJU1ZhEvwqW_C1scA0nrGLY','2021-05-15 08:09:42.962197'),('cleiwhfzr92j5a4ppbv7so3j0dmb5v9p','.eJxVjEEOwiAQRe_C2hBoGWRcuu8ZmmGGStVAUtqV8e7apAvd_vfef6mRtjWPW0vLOIu6qE6dfrdI_EhlB3Kncquaa1mXOepd0QdteqiSntfD_TvI1PK37hMGjwmSBWHbeYpT8DGAITY9gDFCaNAxOrReIEzsIGC0QIRnFlLvD9bBN7M:1niWmZ:XY1QxKKUOzCnhB6ZVHUkYtwtfpi8DNoGoPU8inNicII','2022-05-08 07:35:47.990313'),('dnkjyglbag1m2vb43wii82kxwnedyphj','.eJxVjEEOwiAQRe_C2hBoGWRcuu8ZmmGGStVAUtqV8e7apAvd_vfef6mRtjWPW0vLOIu6qE6dfrdI_EhlB3Kncquaa1mXOepd0QdteqiSntfD_TvI1PK37hMGjwmSBWHbeYpT8DGAITY9gDFCaNAxOrReIEzsIGC0QIRnFlLvD9bBN7M:1nRslN:UtXbJH0gV0GH2XKcCxhR-aqOno9Z8FypN5XfV7dQZi0','2022-03-23 09:37:45.811773'),('ds2w8zqp7iimyewsisburq5k6dj82pdu','.eJxVjEEOwiAQRe_C2hBoCwwu3XsGMsOAVA0kpV0Z765NutDtf-_9lwi4rSVsPS1hZnEWWpx-N8L4SHUHfMd6azK2ui4zyV2RB-3y2jg9L4f7d1Cwl2-ds_UaCNzoLCefhjxMGgA0sFGcIwJCdAmZlLVKW03jRMYrS84b70i8P-DBN5M:1qOz8f:MtqWxzwoq9pPGySjWeLiUEA4RhRgUq6qVGBeZKhrwOY','2023-08-10 11:26:37.982739'),('e8o30ogow67ie5rbj0qd2e58c5q0cjpo','.eJxVjEEOwiAQRe_C2hBoGWRcuu8ZmmGGStVAUtqV8e7apAvd_vfef6mRtjWPW0vLOIu6qE6dfrdI_EhlB3Kncquaa1mXOepd0QdteqiSntfD_TvI1PK37hMGjwmSBWHbeYpT8DGAITY9gDFCaNAxOrReIEzsIGC0QIRnFlLvD9bBN7M:1ohrnt:OVWKRt7bRGuv_h__Fr_dZKbGn7o9pcVUZR_037KH5iY','2022-10-24 12:22:41.939899'),('ec92xp0lu73keenot5ah2zpoa7kto7dd','.eJxVjEEOwiAQRe_C2hBoCwwu3XsGMsOAVA0kpV0Z765NutDtf-_9lwi4rSVsPS1hZnEWWpx-N8L4SHUHfMd6azK2ui4zyV2RB-3y2jg9L4f7d1Cwl2-ds_UaCNzoLCefhjxMGgA0sFGcIwJCdAmZlLVKW03jRMYrS84b70i8P-DBN5M:1oWjEF:cfsbtXLJB5BCiZwcR88FW_touGnYBz0fZ9swkkAbdxI','2022-09-23 18:59:51.275962'),('ekfwrt3xiy2lq6fhsvg45vwmzzohu0i1','.eJxVjEEOwiAQRe_C2hBoGWRcuu8ZmmGGStVAUtqV8e7apAvd_vfef6mRtjWPW0vLOIu6qE6dfrdI_EhlB3Kncquaa1mXOepd0QdteqiSntfD_TvI1PK37hMGjwmSBWHbeYpT8DGAITY9gDFCaNAxOrReIEzsIGC0QIRnFlLvD9bBN7M:1ndRz2:MM-rtOGq5jgG90LDD3OG-oQ-SCnKG_HckAOAoz4jyGI','2022-04-24 07:27:40.117776'),('evt4gxh4o0e3juku8lj5hzzpjvfzjgfl','.eJxVjEEOwiAQRe_C2hBoGWRcuu8ZmmGGStVAUtqV8e7apAvd_vfef6mRtjWPW0vLOIu6qE6dfrdI_EhlB3Kncquaa1mXOepd0QdteqiSntfD_TvI1PK37hMGjwmSBWHbeYpT8DGAITY9gDFCaNAxOrReIEzsIGC0QIRnFlLvD9bBN7M:1oRveL:IilF0ouiIXFuas3Qc0-egLN2WV5CvWYQ4AtPfuz1YSs','2022-09-10 13:14:57.159268'),('fmgvffl7ydejo3ceuk3vlvbavhaeoc48','e30:1lckiM:DJIKIz7MeRE5fpQc0pGZfAXisDvkW3FzFOoZR39s7gc','2021-05-15 08:11:02.021247'),('fyv4xftde9gx77ir7jb6ad09wvm2o1rc','.eJxVjEEOwiAQRe_C2hBoCwwu3XsGMsOAVA0kpV0Z765NutDtf-_9lwi4rSVsPS1hZnEWWpx-N8L4SHUHfMd6azK2ui4zyV2RB-3y2jg9L4f7d1Cwl2-ds_UaCNzoLCefhjxMGgA0sFGcIwJCdAmZlLVKW03jRMYrS84b70i8P-DBN5M:1ovEby:t5FiF8kYLZ3CvOsxpQ4z9FZJDo9nvZWuoULu41akTRY','2022-11-30 09:21:38.578349'),('gdoeyu5s962oixrwbgqenvzjcw54vrsi','.eJxVjEEOwiAQRe_C2hBoCwwu3XsGMsOAVA0kpV0Z765NutDtf-_9lwi4rSVsPS1hZnEWWpx-N8L4SHUHfMd6azK2ui4zyV2RB-3y2jg9L4f7d1Cwl2-ds_UaCNzoLCefhjxMGgA0sFGcIwJCdAmZlLVKW03jRMYrS84b70i8P-DBN5M:1ojfi5:MqWpVqcH4q9txpxmIl_Yl95qhI4GNtDMaCFCz_8klTc','2022-10-29 11:52:09.895259'),('gf9vdxtlvdumut48q40ounidhv3uzx87','.eJxVjEEOwiAQRe_C2hBoGWRcuu8ZmmGGStVAUtqV8e7apAvd_vfef6mRtjWPW0vLOIu6qE6dfrdI_EhlB3Kncquaa1mXOepd0QdteqiSntfD_TvI1PK37hMGjwmSBWHbeYpT8DGAITY9gDFCaNAxOrReIEzsIGC0QIRnFlLvD9bBN7M:1oclSA:gIOYYuXc5NS5cTAG_wzxN_KRJJ9EQxDo1Z9J8qDEdrM','2022-10-10 10:35:10.389158'),('gs9fpaeewaceokn79jehpu72lqoddbya','.eJxVjEEOwiAQRe_C2hBoCwwu3XsGMsOAVA0kpV0Z765NutDtf-_9lwi4rSVsPS1hZnEWWpx-N8L4SHUHfMd6azK2ui4zyV2RB-3y2jg9L4f7d1Cwl2-ds_UaCNzoLCefhjxMGgA0sFGcIwJCdAmZlLVKW03jRMYrS84b70i8P-DBN5M:1opvX8:SLAXyy3-0R5LrDtMhAsb7C9PHYCWnefh4TISVR81zvc','2022-11-15 17:58:42.077046'),('gujrzs0ynuo1d08om24ty4cgyh1ozj3u','.eJxVjEEOwiAQRe_C2hBoGWRcuu8ZmmGGStVAUtqV8e7apAvd_vfef6mRtjWPW0vLOIu6qE6dfrdI_EhlB3Kncquaa1mXOepd0QdteqiSntfD_TvI1PK37hMGjwmSBWHbeYpT8DGAITY9gDFCaNAxOrReIEzsIGC0QIRnFlLvD9bBN7M:1mg2rR:eL3WKSvlQj3WUq0KTjKl9TZqTUCH8wr1xmNT5NdIKUM','2021-11-11 10:42:17.919895'),('gvc9wfgkfqq2fk2ue968m76olprlya4g','.eJxVjEEOwiAQRe_C2hBoGWRcuu8ZmmGGStVAUtqV8e7apAvd_vfef6mRtjWPW0vLOIu6qE6dfrdI_EhlB3Kncquaa1mXOepd0QdteqiSntfD_TvI1PK37hMGjwmSBWHbeYpT8DGAITY9gDFCaNAxOrReIEzsIGC0QIRnFlLvD9bBN7M:1ldV15:qfS_usODzrSx_qYFPOJ2Ivtq32_w3_ciy-bXP148D7Q','2021-05-17 09:37:27.739180'),('h8ahb1ngbo6b29yd8npsds073w5k0ga7','.eJxVjEEOwiAQRe_C2hBoCwwu3XsGMsOAVA0kpV0Z765NutDtf-_9lwi4rSVsPS1hZnEWWpx-N8L4SHUHfMd6azK2ui4zyV2RB-3y2jg9L4f7d1Cwl2-ds_UaCNzoLCefhjxMGgA0sFGcIwJCdAmZlLVKW03jRMYrS84b70i8P-DBN5M:1p8KkM:8MMt5ncJUvAaN9dtNmMrFt8vMMVZUd4Be1i5ukY8-4Y','2023-01-05 12:32:26.161410'),('iqjxvhq7mbzaycdptfsxx5bohb8jklzh','.eJxVjEEOwiAQRe_C2hBoGWRcuu8ZmmGGStVAUtqV8e7apAvd_vfef6mRtjWPW0vLOIu6qE6dfrdI_EhlB3Kncquaa1mXOepd0QdteqiSntfD_TvI1PK37hMGjwmSBWHbeYpT8DGAITY9gDFCaNAxOrReIEzsIGC0QIRnFlLvD9bBN7M:1oRq2q:hZInDmlx-XjniZix1xu8VEAJ_FwLPhsfxKoKbO2A-1Q','2022-09-10 07:15:52.113411'),('irtho47rr9e2t9pmbwbihlvpayv71l8t','.eJxVjEEOwiAQRe_C2hBoGWRcuu8ZmmGGStVAUtqV8e7apAvd_vfef6mRtjWPW0vLOIu6qE6dfrdI_EhlB3Kncquaa1mXOepd0QdteqiSntfD_TvI1PK37hMGjwmSBWHbeYpT8DGAITY9gDFCaNAxOrReIEzsIGC0QIRnFlLvD9bBN7M:1nSxQX:_1-8KAkjGBc4qdzkX34g8YeFZ0muDhtfGKGf_OgcjLc','2022-03-26 08:48:41.817807'),('j95xirjhtv4982nwr7pa3pnaq3ucx8t9','.eJxVjEEOwiAQRe_C2hBoCwwu3XsGMsOAVA0kpV0Z765NutDtf-_9lwi4rSVsPS1hZnEWWpx-N8L4SHUHfMd6azK2ui4zyV2RB-3y2jg9L4f7d1Cwl2-ds_UaCNzoLCefhjxMGgA0sFGcIwJCdAmZlLVKW03jRMYrS84b70i8P-DBN5M:1lbT5X:SPtBDhzanXG-1_8PbeGjfgk3A7unJrUj2yj3MB_CQMw','2021-05-11 19:09:39.411748'),('jdjwtdxubws7qk223ieftogug9xq3939','.eJxVjEEOwiAQRe_C2hBoGWRcuu8ZmmGGStVAUtqV8e7apAvd_vfef6mRtjWPW0vLOIu6qE6dfrdI_EhlB3Kncquaa1mXOepd0QdteqiSntfD_TvI1PK37hMGjwmSBWHbeYpT8DGAITY9gDFCaNAxOrReIEzsIGC0QIRnFlLvD9bBN7M:1op4CU:gqdA_QNX7xRe9u4Far2tXEutrGX2_IWAWc_0t29rkGc','2022-11-13 09:01:50.101428'),('jfin924vhzhd4well5olb57r2ttku9y1','.eJxVjEEOwiAQRe_C2hBoGWRcuu8ZmmGGStVAUtqV8e7apAvd_vfef6mRtjWPW0vLOIu6qE6dfrdI_EhlB3Kncquaa1mXOepd0QdteqiSntfD_TvI1PK37hMGjwmSBWHbeYpT8DGAITY9gDFCaNAxOrReIEzsIGC0QIRnFlLvD9bBN7M:1pDmFl:QW1sbQavCuGtvX6cWscdCDmsbmm0KMEcx79FI45O4iY','2023-01-20 12:55:21.347512'),('keyrjq6w973bc2t0j9at3yof9q9vcujz','.eJxVjEEOwiAQRe_C2hBoCwwu3XsGMsOAVA0kpV0Z765NutDtf-_9lwi4rSVsPS1hZnEWWpx-N8L4SHUHfMd6azK2ui4zyV2RB-3y2jg9L4f7d1Cwl2-ds_UaCNzoLCefhjxMGgA0sFGcIwJCdAmZlLVKW03jRMYrS84b70i8P-DBN5M:1pCG83:x91rddXvKAgh5QnS5_udKIGiXVszSEZNbDJpYlgHYyI','2023-01-16 08:25:07.850964'),('mwndhz5fxnf3159e4rgkgidotvh2y721','.eJxVjEEOwiAQRe_C2hBoGWRcuu8ZmmGGStVAUtqV8e7apAvd_vfef6mRtjWPW0vLOIu6qE6dfrdI_EhlB3Kncquaa1mXOepd0QdteqiSntfD_TvI1PK37hMGjwmSBWHbeYpT8DGAITY9gDFCaNAxOrReIEzsIGC0QIRnFlLvD9bBN7M:1nYNIX:X7lYH8ZxIbqr9lILGZgPudlpQ5vNOULv75rmkxg6r7Y','2022-04-10 07:26:49.954902'),('n721ta1x2mf7kgraxjdvhv2x6ex4hs6e','.eJxVjEEOwiAQRe_C2hBoCwwu3XsGMsOAVA0kpV0Z765NutDtf-_9lwi4rSVsPS1hZnEWWpx-N8L4SHUHfMd6azK2ui4zyV2RB-3y2jg9L4f7d1Cwl2-ds_UaCNzoLCefhjxMGgA0sFGcIwJCdAmZlLVKW03jRMYrS84b70i8P-DBN5M:1no5vR:vMGvMrlvLeZexRA9zdo6es4VK0U1pJDw0r-9AzfUkAo','2022-05-23 16:07:57.712075'),('n73ppyy0ean0rdaer6a2a3we74uix7eb','.eJxVjEEOwiAQRe_C2hBoGWRcuu8ZmmGGStVAUtqV8e7apAvd_vfef6mRtjWPW0vLOIu6qE6dfrdI_EhlB3Kncquaa1mXOepd0QdteqiSntfD_TvI1PK37hMGjwmSBWHbeYpT8DGAITY9gDFCaNAxOrReIEzsIGC0QIRnFlLvD9bBN7M:1oI4Tn:d7V_jRkaCgJ9XwWd1ZqFVeWvmLlrZrrY5XdwMR_12Mg','2022-08-14 08:39:19.155942'),('os32i5vtcpqelr69vu6adfqgw4cd0qdk','.eJxVjEEOwiAQRe_C2hBoCwwu3XsGMsOAVA0kpV0Z765NutDtf-_9lwi4rSVsPS1hZnEWWpx-N8L4SHUHfMd6azK2ui4zyV2RB-3y2jg9L4f7d1Cwl2-ds_UaCNzoLCefhjxMGgA0sFGcIwJCdAmZlLVKW03jRMYrS84b70i8P-DBN5M:1lc7AX:UjksBfrSsdWANXJX5UK_n2bDBC0nYGYtuZfip1sJqGI','2021-05-13 13:57:29.822412'),('plmx1oo6o5pdhadhtzsvpf4rwkyuvo36','.eJxVjEEOwiAQRe_C2hBoCwwu3XsGMsOAVA0kpV0Z765NutDtf-_9lwi4rSVsPS1hZnEWWpx-N8L4SHUHfMd6azK2ui4zyV2RB-3y2jg9L4f7d1Cwl2-ds_UaCNzoLCefhjxMGgA0sFGcIwJCdAmZlLVKW03jRMYrS84b70i8P-DBN5M:1olnw2:sw25svWFwBEkC0G5Cb5EpvJmlNS3jFrS8EkO3AmnVyQ','2022-11-04 09:03:22.390617'),('prrndurkq239lh7aoc1u4m8yo3yf14vb','.eJxVjEEOwiAQRe_C2hBoGWRcuu8ZmmGGStVAUtqV8e7apAvd_vfef6mRtjWPW0vLOIu6qE6dfrdI_EhlB3Kncquaa1mXOepd0QdteqiSntfD_TvI1PK37hMGjwmSBWHbeYpT8DGAITY9gDFCaNAxOrReIEzsIGC0QIRnFlLvD9bBN7M:1qNBMf:P92sePkzrkzyBBlE1RIzXEGMZcAJIoTr5uqcBRTXz-o','2023-08-05 12:05:37.541351'),('rjhdp9fim6brn6mfhq6vnet2h0jfkd04','.eJxVjEEOwiAQRe_C2hBoCwwu3XsGMsOAVA0kpV0Z765NutDtf-_9lwi4rSVsPS1hZnEWWpx-N8L4SHUHfMd6azK2ui4zyV2RB-3y2jg9L4f7d1Cwl2-ds_UaCNzoLCefhjxMGgA0sFGcIwJCdAmZlLVKW03jRMYrS84b70i8P-DBN5M:1opTVK:soO2Q2pB95BLttgiVj4OJsagW8WxEI38f0Kel-M1qdE','2022-11-14 12:02:58.410824'),('sh6e4ab48i56xlhu9yrqbujb1p57r9rl','.eJxVjEEOwiAQRe_C2hBoCwwu3XsGMsOAVA0kpV0Z765NutDtf-_9lwi4rSVsPS1hZnEWWpx-N8L4SHUHfMd6azK2ui4zyV2RB-3y2jg9L4f7d1Cwl2-ds_UaCNzoLCefhjxMGgA0sFGcIwJCdAmZlLVKW03jRMYrS84b70i8P-DBN5M:1liYc5:KzO2cFMOQumiPYMoK-s3FRSQFVSzo7vuLu0GCzmFEl8','2021-05-31 08:28:33.122371'),('sinaftvzkxmk9v4m5jx7yj2tkht2y63u','.eJxVjEEOwiAQRe_C2hBoGWRcuu8ZmmGGStVAUtqV8e7apAvd_vfef6mRtjWPW0vLOIu6qE6dfrdI_EhlB3Kncquaa1mXOepd0QdteqiSntfD_TvI1PK37hMGjwmSBWHbeYpT8DGAITY9gDFCaNAxOrReIEzsIGC0QIRnFlLvD9bBN7M:1oSGoO:6-TJA_u-mFvbahihAYk0VLzPAQyoSxsiVGuqBfEf-vA','2022-09-11 11:50:44.127338'),('szdgm6eewe2jkg4nk1le8fvkflfzj4wb','.eJxVjEEOwiAQRe_C2hBoGWRcuu8ZmmGGStVAUtqV8e7apAvd_vfef6mRtjWPW0vLOIu6qE6dfrdI_EhlB3Kncquaa1mXOepd0QdteqiSntfD_TvI1PK37hMGjwmSBWHbeYpT8DGAITY9gDFCaNAxOrReIEzsIGC0QIRnFlLvD9bBN7M:1np3ej:kHnkdhQ7ijQIOI553B4uGESsu1AHYWKRVJkEZDgciYc','2022-05-26 07:54:41.500551'),('tfom44vtorhcvz4ypzwr2qzvmgx4cbwy','.eJxVjEEOwiAQRe_C2hBoGWRcuu8ZmmGGStVAUtqV8e7apAvd_vfef6mRtjWPW0vLOIu6qE6dfrdI_EhlB3Kncquaa1mXOepd0QdteqiSntfD_TvI1PK37hMGjwmSBWHbeYpT8DGAITY9gDFCaNAxOrReIEzsIGC0QIRnFlLvD9bBN7M:1owJgw:7FXHHWfmDf0KcNizaIzTo9-yUmlYAh1sSiz_RedkwaU','2022-12-03 08:59:14.638086'),('u9sak23jp3r6zcnp49hpp8rdxrkdz4bx','.eJxVjEEOwiAQRe_C2hBoCwwu3XsGMsOAVA0kpV0Z765NutDtf-_9lwi4rSVsPS1hZnEWWpx-N8L4SHUHfMd6azK2ui4zyV2RB-3y2jg9L4f7d1Cwl2-ds_UaCNzoLCefhjxMGgA0sFGcIwJCdAmZlLVKW03jRMYrS84b70i8P-DBN5M:1qAmoZ:wI2BbWfDpSgSRsZHotO-KCo9dMHV4QVyTUmaSz3vkBk','2023-07-02 07:27:11.633590'),('ua70vs9b2zuuc879qkslqrkh1xyv36lq','.eJxVjEEOwiAQRe_C2hBoGWRcuu8ZmmGGStVAUtqV8e7apAvd_vfef6mRtjWPW0vLOIu6qE6dfrdI_EhlB3Kncquaa1mXOepd0QdteqiSntfD_TvI1PK37hMGjwmSBWHbeYpT8DGAITY9gDFCaNAxOrReIEzsIGC0QIRnFlLvD9bBN7M:1ljeaj:74jDuTnTSarOGh5rTJ-87TnyRtVQ7Gwl6mmXCTrYSko','2021-06-03 09:03:41.977798'),('ukwc1j1succ3j1ak50zj1gltkbruy2c8','.eJxVjEEOwiAQRe_C2hBoCwwu3XsGMsOAVA0kpV0Z765NutDtf-_9lwi4rSVsPS1hZnEWWpx-N8L4SHUHfMd6azK2ui4zyV2RB-3y2jg9L4f7d1Cwl2-ds_UaCNzoLCefhjxMGgA0sFGcIwJCdAmZlLVKW03jRMYrS84b70i8P-DBN5M:1lj2Yl:xOKWRTxUNKYVmI_GA03iT38L0uY2ZT_t5wLmzgUOjQA','2021-06-01 16:27:07.098689'),('urmns7v3a4d2lz86fcwxg9gc54r6wm9o','.eJxVjEEOwiAQRe_C2hBoCwwu3XsGMsOAVA0kpV0Z765NutDtf-_9lwi4rSVsPS1hZnEWWpx-N8L4SHUHfMd6azK2ui4zyV2RB-3y2jg9L4f7d1Cwl2-ds_UaCNzoLCefhjxMGgA0sFGcIwJCdAmZlLVKW03jRMYrS84b70i8P-DBN5M:1ppBn5:5soOaKP6a0mjtNCTh4vF0sCjHdONn8uKR8j6VaPkN9s','2023-05-03 17:40:23.435663'),('wztxo5lpvtsrx81hsry2z3kpkibcfkvj','.eJxVjEEOwiAQRe_C2hBoGWRcuu8ZmmGGStVAUtqV8e7apAvd_vfef6mRtjWPW0vLOIu6qE6dfrdI_EhlB3Kncquaa1mXOepd0QdteqiSntfD_TvI1PK37hMGjwmSBWHbeYpT8DGAITY9gDFCaNAxOrReIEzsIGC0QIRnFlLvD9bBN7M:1oXepC:0bPiUQ1Pqqd2J2--_N0susegty5_RYW62wOShHSV9VE','2022-09-26 08:29:50.761929'),('x5b8hg3i0mulumvf4wd0pffold6mke3y','.eJxVjEEOwiAQRe_C2hBoGWRcuu8ZmmGGStVAUtqV8e7apAvd_vfef6mRtjWPW0vLOIu6qE6dfrdI_EhlB3Kncquaa1mXOepd0QdteqiSntfD_TvI1PK37hMGjwmSBWHbeYpT8DGAITY9gDFCaNAxOrReIEzsIGC0QIRnFlLvD9bBN7M:1liEKB:Hak9V9YqlY0nTcl96l6teMc-TNf83Wkl_78dNjVA5Lk','2021-05-30 10:48:43.001838'),('x5oujq09e39467t4fw4k1lrqhlxgdw88','.eJxVjEEOwiAQRe_C2hBoGWRcuu8ZmmGGStVAUtqV8e7apAvd_vfef6mRtjWPW0vLOIu6qE6dfrdI_EhlB3Kncquaa1mXOepd0QdteqiSntfD_TvI1PK37hMGjwmSBWHbeYpT8DGAITY9gDFCaNAxOrReIEzsIGC0QIRnFlLvD9bBN7M:1p50ED:Suj6FkrG0Fwq_yAInlH2WFwXsyfHY1Jk_3MjCYoVljE','2022-12-27 08:01:29.115437'),('x9kcmf473hbpkftnuooqrfwpl7s76z6v','.eJxVjEEOwiAQRe_C2hBoGWRcuu8ZmmGGStVAUtqV8e7apAvd_vfef6mRtjWPW0vLOIu6qE6dfrdI_EhlB3Kncquaa1mXOepd0QdteqiSntfD_TvI1PK37hMGjwmSBWHbeYpT8DGAITY9gDFCaNAxOrReIEzsIGC0QIRnFlLvD9bBN7M:1onJA9:vCC7dFg7xneopVhiAfM9Ij0wnYZedgdivXvQQFq6cYw','2022-11-08 12:36:09.724157'),('xd30f9ff62zf9gdom6cgfq4475anzxnr','.eJxVjEEOwiAQRe_C2hBoGWRcuu8ZmmGGStVAUtqV8e7apAvd_vfef6mRtjWPW0vLOIu6qE6dfrdI_EhlB3Kncquaa1mXOepd0QdteqiSntfD_TvI1PK37hMGjwmSBWHbeYpT8DGAITY9gDFCaNAxOrReIEzsIGC0QIRnFlLvD9bBN7M:1obLfo:FCM8avRK-4VB5Tj2HmVD_Gl3dYB02gsnyGC4ng7fKQ4','2022-10-06 12:51:24.136737'),('xyo1hgvs7dszchjcmiov0448xxo6c88r','.eJxVjEEOwiAQRe_C2hBoCwwu3XsGMsOAVA0kpV0Z765NutDtf-_9lwi4rSVsPS1hZnEWWpx-N8L4SHUHfMd6azK2ui4zyV2RB-3y2jg9L4f7d1Cwl2-ds_UaCNzoLCefhjxMGgA0sFGcIwJCdAmZlLVKW03jRMYrS84b70i8P-DBN5M:1pbGGF:7e0MZKP-aXvYYOpQ60dsM-Qk8gmGBbRz1Ht5dfdRKxo','2023-03-26 07:36:55.413640');
/*!40000 ALTER TABLE `django_session` ENABLE KEYS */;
UNLOCK TABLES;

--
-- Table structure for table `django_site`
--

DROP TABLE IF EXISTS `django_site`;
/*!40101 SET @saved_cs_client     = @@character_set_client */;
/*!40101 SET character_set_client = utf8 */;
CREATE TABLE `django_site` (
  `id` int(11) NOT NULL AUTO_INCREMENT,
  `domain` varchar(100) NOT NULL,
  `name` varchar(50) NOT NULL,
  PRIMARY KEY (`id`),
  UNIQUE KEY `django_site_domain_a2e37b91_uniq` (`domain`)
) ENGINE=InnoDB AUTO_INCREMENT=2 DEFAULT CHARSET=utf8;
/*!40101 SET character_set_client = @saved_cs_client */;

--
-- Dumping data for table `django_site`
--

LOCK TABLES `django_site` WRITE;
/*!40000 ALTER TABLE `django_site` DISABLE KEYS */;
INSERT INTO `django_site` VALUES (1,'www.panycompany.com','panycompany.com');
/*!40000 ALTER TABLE `django_site` ENABLE KEYS */;
UNLOCK TABLES;

--
-- Table structure for table `library_annualcatalogue`
--

DROP TABLE IF EXISTS `library_annualcatalogue`;
/*!40101 SET @saved_cs_client     = @@character_set_client */;
/*!40101 SET character_set_client = utf8 */;
CREATE TABLE `library_annualcatalogue` (
  `id` bigint(20) NOT NULL AUTO_INCREMENT,
  `filename` varchar(100) NOT NULL,
  `status` varchar(10) NOT NULL,
  `catalogue_pdf` varchar(100) NOT NULL,
  `order_number` int(10) unsigned NOT NULL,
  PRIMARY KEY (`id`)
) ENGINE=InnoDB AUTO_INCREMENT=8 DEFAULT CHARSET=utf8;
/*!40101 SET character_set_client = @saved_cs_client */;

--
-- Dumping data for table `library_annualcatalogue`
--

LOCK TABLES `library_annualcatalogue` WRITE;
/*!40000 ALTER TABLE `library_annualcatalogue` DISABLE KEYS */;
INSERT INTO `library_annualcatalogue` VALUES (7,'PANY CATALOGUE 2023','published','library/YearCatalogueDirectory/PANY_CATALOGUE_2023.pdf',1);
/*!40000 ALTER TABLE `library_annualcatalogue` ENABLE KEYS */;
UNLOCK TABLES;

--
-- Table structure for table `library_pdffile`
--

DROP TABLE IF EXISTS `library_pdffile`;
/*!40101 SET @saved_cs_client     = @@character_set_client */;
/*!40101 SET character_set_client = utf8 */;
CREATE TABLE `library_pdffile` (
  `id` bigint(20) NOT NULL AUTO_INCREMENT,
  `pdf` varchar(100) NOT NULL,
  `filename` varchar(100) NOT NULL,
  `pdf_type` varchar(20) NOT NULL,
  `status` varchar(10) NOT NULL,
  `pagenumforcover` int(10) unsigned NOT NULL,
  `coverpage` varchar(100) NOT NULL,
  PRIMARY KEY (`id`)
) ENGINE=InnoDB AUTO_INCREMENT=21 DEFAULT CHARSET=utf8;
/*!40101 SET character_set_client = @saved_cs_client */;

--
-- Dumping data for table `library_pdffile`
--

LOCK TABLES `library_pdffile` WRITE;
/*!40000 ALTER TABLE `library_pdffile` DISABLE KEYS */;
INSERT INTO `library_pdffile` VALUES (2,'library/pdfdirectory/Pany_Catalogue.pdf','Pany Catalogue','catalogue','published',1,'library/coverdirectory/Pany_Catalogue.jpg'),(14,'library/pdfdirectory/Kalekim_Manual.pdf','Kalekim Manual','manual','published',1,'library/coverdirectory/Kalekim_Manual.jpg'),(15,'library/pdfdirectory/MOMENTUM_Catalog.pdf','MOMENTUM Catalog','catalogue','published',1,'library/coverdirectory/MOMENTUM_Catalog.jpg'),(17,'library/pdfdirectory/TESAY_Catalog.pdf','TESAY Catalog','catalogue','published',1,'library/coverdirectory/TESAY_Catalog.jpg'),(18,'library/pdfdirectory/MOSSAICA_Catalog.pdf','MOSSAICA Catalog','catalogue','published',1,'library/coverdirectory/MOSSAICA_Catalog.jpg'),(19,'library/pdfdirectory/FN-50_Brochure.pdf','FN-50 Brochure','manual','published',1,'library/coverdirectory/FN-50_Brochure.jpg'),(20,'library/pdfdirectory/Yurtbay_Catalog.pdf','Yurtbay Catalog','catalogue','published',1,'library/coverdirectory/Yurtbay_Catalog.jpg');
/*!40000 ALTER TABLE `library_pdffile` ENABLE KEYS */;
UNLOCK TABLES;

--
-- Table structure for table `website_brand`
--

DROP TABLE IF EXISTS `website_brand`;
/*!40101 SET @saved_cs_client     = @@character_set_client */;
/*!40101 SET character_set_client = utf8 */;
CREATE TABLE `website_brand` (
  `id` int(11) NOT NULL AUTO_INCREMENT,
  `name` varchar(100) NOT NULL,
  `slug` varchar(50) NOT NULL,
  `company_bio` longtext,
  `image_1` varchar(100) DEFAULT NULL,
  `logo` varchar(100) DEFAULT NULL,
  `logo_hover` varchar(100) DEFAULT NULL,
  PRIMARY KEY (`id`),
  UNIQUE KEY `slug` (`slug`)
) ENGINE=InnoDB AUTO_INCREMENT=11 DEFAULT CHARSET=utf8;
/*!40101 SET character_set_client = @saved_cs_client */;

--
-- Dumping data for table `website_brand`
--

LOCK TABLES `website_brand` WRITE;
/*!40000 ALTER TABLE `website_brand` DISABLE KEYS */;
INSERT INTO `website_brand` VALUES (1,'Kalekim','kalekim','','images/brands/Kalekim__Edited_2.jpg','images/brands/Partners_foe_slide-08_2.png','images/brands/Partners_foe_slide-07_2.png'),(2,'Izocam','izocam','Izocam foam board is an  extruded polystyrene, used for thermal insulation','images/brands/Isocam__Edited_2.jpg','images/brands/Partners_foe_slide-06_2.png','images/brands/Partners_foe_slide-05_2.png'),(3,'Yurtbay','yurtbay','','images/brands/Yurtbay__Edited_2.jpg','images/brands/Partners_foe_slide-14_2.png','images/brands/Partners_foe_slide-13_2.png'),(4,'Momentum','momentum','Momentum Ecological Building Materials has emerged as the products of 7 years of R&D and teamwork and our company; On this occasion, it was established to serve our customers by protecting its expert staff.','images/brands/Momentum_Edited_2.jpg','images/brands/Partners_foe_slide-10_2.png','images/brands/Partners_foe_slide-09_2.png'),(5,'ISONEM','isonem','','images/brands/Isonem_Edited_2.jpg','images/brands/Partners_foe_slide-04_2.png','images/brands/Partners_foe_slide-03_2.png'),(6,'ALCIBAY','ALCIBAY','','images/brands/Alcibay_Edited_2.jpg','images/brands/Partners_foe_slide-02_2.png','images/brands/Partners_foe_slide-01_2.png'),(7,'TESAY','TESAY','','images/brands/Tessay-2.jpg','images/brands/Partners_foe_slide-12_2.png','images/brands/Partners_foe_slide-11_2.png'),(8,'RAVAGO','ravago','Ravago is the largest producer of stone wool in turkey used for thermal insulation and fire safety.\r\n\r\nceramic fiber which is the thermal  insulation material for high temperature applications .','images/brands/ravago-cover.jpg','images/brands/ravatherm_grey.png','images/brands/ravatherm_blue.png'),(9,'ART FLOOR','art-floor','','images/brands/art_floor_cover.jpg','images/brands/art_floor_grey.png','images/brands/art_floor.png'),(10,'KALE PAINT','kale-paint','','images/brands/kale_paint_cover.jpeg','images/brands/kale_grey_TZCybPr.png','images/brands/kale_color.png');
/*!40000 ALTER TABLE `website_brand` ENABLE KEYS */;
UNLOCK TABLES;

--
-- Table structure for table `website_category`
--

DROP TABLE IF EXISTS `website_category`;
/*!40101 SET @saved_cs_client     = @@character_set_client */;
/*!40101 SET character_set_client = utf8 */;
CREATE TABLE `website_category` (
  `id` int(11) NOT NULL AUTO_INCREMENT,
  `name` varchar(100) NOT NULL,
  `slug` varchar(50) NOT NULL,
  `image_1` varchar(100) DEFAULT NULL,
  PRIMARY KEY (`id`),
  UNIQUE KEY `slug` (`slug`)
) ENGINE=InnoDB AUTO_INCREMENT=15 DEFAULT CHARSET=utf8;
/*!40101 SET character_set_client = @saved_cs_client */;

--
-- Dumping data for table `website_category`
--

LOCK TABLES `website_category` WRITE;
/*!40000 ALTER TABLE `website_category` DISABLE KEYS */;
INSERT INTO `website_category` VALUES (1,'THERMAL INSULATION','thermal-insulation','images/categories/9--Thermal-Insulation.jpg'),(2,'WATERPROOFING','waterproofing','images/categories/14--Waterproofing.jpg'),(3,'FLOORING SOLUTION','FLOORINGSOLUTION','images/categories/4--Flooring-Solutions.jpg'),(4,'EPOXY AND POLYURETHANE','epoxy-and-polyurethane','images/categories/3--Epoxy-and-Polyurthane.jpg'),(5,'PAINTS AND DECORATIVE','paints-and-decorative','images/categories/5--Paint-and-Decoratives.jpg'),(6,'ADHESIVE','ADHESIVE','images/categories/2--Adhesive.jpg'),(7,'TILES','TILES','images/categories/12-_Tiles.jpg'),(8,'SEALANT AND FOAM','sealant-and-foam','images/categories/8--Sealant-and-Foam.jpg'),(9,'REPAIR','repair','images/categories/7--Repair.jpg'),(10,'ADDITIVE','ADDITIVE','images/categories/1--Additive.jpg'),(11,'PLASTER','plaster','images/categories/6--Plaster.jpg'),(12,'BUILDING PROFILES','Building-profiles','images/categories/11--Tile-Profile.jpg'),(13,'TOOLS AND ACCESSORIES','tools-and-accessories','images/categories/13--Tile-Tools.jpg'),(14,'TILE GROUT','tile-grout','images/categories/10--Tile-Grout.jpg');
/*!40000 ALTER TABLE `website_category` ENABLE KEYS */;
UNLOCK TABLES;

--
-- Table structure for table `website_customertestimonial`
--

DROP TABLE IF EXISTS `website_customertestimonial`;
/*!40101 SET @saved_cs_client     = @@character_set_client */;
/*!40101 SET character_set_client = utf8 */;
CREATE TABLE `website_customertestimonial` (
  `id` int(11) NOT NULL AUTO_INCREMENT,
  `name` varchar(100) NOT NULL,
  `slug` varchar(50) NOT NULL,
  `testimonial` longtext NOT NULL,
  `image_1` varchar(100) DEFAULT NULL,
  PRIMARY KEY (`id`),
  UNIQUE KEY `slug` (`slug`)
) ENGINE=InnoDB DEFAULT CHARSET=utf8;
/*!40101 SET character_set_client = @saved_cs_client */;

--
-- Dumping data for table `website_customertestimonial`
--

LOCK TABLES `website_customertestimonial` WRITE;
/*!40000 ALTER TABLE `website_customertestimonial` DISABLE KEYS */;
/*!40000 ALTER TABLE `website_customertestimonial` ENABLE KEYS */;
UNLOCK TABLES;

--
-- Table structure for table `website_expert`
--

DROP TABLE IF EXISTS `website_expert`;
/*!40101 SET @saved_cs_client     = @@character_set_client */;
/*!40101 SET character_set_client = utf8 */;
CREATE TABLE `website_expert` (
  `id` int(11) NOT NULL AUTO_INCREMENT,
  `name` varchar(100) DEFAULT NULL,
  `position` varchar(100) DEFAULT NULL,
  `email` varchar(254) DEFAULT NULL,
  `phone_number` varchar(128) DEFAULT NULL,
  `image` varchar(100) DEFAULT NULL,
  PRIMARY KEY (`id`)
) ENGINE=InnoDB DEFAULT CHARSET=utf8;
/*!40101 SET character_set_client = @saved_cs_client */;

--
-- Dumping data for table `website_expert`
--

LOCK TABLES `website_expert` WRITE;
/*!40000 ALTER TABLE `website_expert` DISABLE KEYS */;
/*!40000 ALTER TABLE `website_expert` ENABLE KEYS */;
UNLOCK TABLES;

--
-- Table structure for table `website_product`
--

DROP TABLE IF EXISTS `website_product`;
/*!40101 SET @saved_cs_client     = @@character_set_client */;
/*!40101 SET character_set_client = utf8 */;
CREATE TABLE `website_product` (
  `id` int(11) NOT NULL AUTO_INCREMENT,
  `name` varchar(250) NOT NULL,
  `features` varchar(100) NOT NULL,
  `slug` varchar(50) NOT NULL,
  `description` longtext NOT NULL,
  `image_1` varchar(100) DEFAULT NULL,
  `image_2` varchar(100) DEFAULT NULL,
  `status` varchar(10) NOT NULL,
  `order` int(11) DEFAULT NULL,
  `technical_manual` varchar(100) DEFAULT NULL,
  `product_manual` varchar(100) DEFAULT NULL,
  `created` datetime(6) NOT NULL,
  `updated` datetime(6) NOT NULL,
  `brand_id` int(11) NOT NULL,
  `category_id` int(11) NOT NULL,
  `packaging` varchar(10) DEFAULT NULL,
  `application` varchar(100) NOT NULL,
  `application_area` varchar(100) NOT NULL,
  `application_temprature` varchar(100) NOT NULL,
  `application_tools` varchar(100) NOT NULL,
  `body` varchar(100) NOT NULL,
  `color` varchar(100) NOT NULL,
  `complete_drying_time` varchar(100) NOT NULL,
  `composition` varchar(100) NOT NULL,
  `compression_resistance` varchar(100) NOT NULL,
  `compression_strength` varchar(100) NOT NULL,
  `consumption` varchar(100) NOT NULL,
  `coverage` varchar(100) NOT NULL,
  `cutting_type` varchar(100) NOT NULL,
  `density` varchar(100) NOT NULL,
  `dimensions` varchar(100) NOT NULL,
  `fire_resistance` varchar(100) NOT NULL,
  `first_component` varchar(100) NOT NULL,
  `length` varchar(100) NOT NULL,
  `mass_per_unit` varchar(100) NOT NULL,
  `mesh_size` varchar(100) NOT NULL,
  `mixing_ratio` varchar(100) NOT NULL,
  `pot_life` varchar(100) NOT NULL,
  `resistance` varchar(100) NOT NULL,
  `resistance_to_acids_and_alkali` varchar(100) NOT NULL,
  `resistance_to_solvents_and_oils` varchar(100) NOT NULL,
  `shelf_life` varchar(100) NOT NULL,
  `second_component` varchar(100) NOT NULL,
  `size` varchar(100) NOT NULL,
  `surface` varchar(100) NOT NULL,
  `surface_temperature` varchar(100) NOT NULL,
  `tack_free_drying_time` varchar(100) NOT NULL,
  `thermal_conductivity` varchar(100) NOT NULL,
  `thickness` varchar(100) NOT NULL,
  `thinner` varchar(100) NOT NULL,
  `third_component` varchar(100) NOT NULL,
  `type` varchar(100) NOT NULL,
  `waiting_time_between_the_coats` varchar(100) NOT NULL,
  `weight` varchar(100) NOT NULL,
  `width` varchar(100) NOT NULL,
  PRIMARY KEY (`id`),
  UNIQUE KEY `slug` (`slug`),
  KEY `website_product_brand_id_52f587ef_fk_website_brand_id` (`brand_id`),
  KEY `website_product_category_id_62edcbd0_fk_website_category_id` (`category_id`),
  CONSTRAINT `website_product_brand_id_52f587ef_fk_website_brand_id` FOREIGN KEY (`brand_id`) REFERENCES `website_brand` (`id`),
  CONSTRAINT `website_product_category_id_62edcbd0_fk_website_category_id` FOREIGN KEY (`category_id`) REFERENCES `website_category` (`id`)
) ENGINE=InnoDB AUTO_INCREMENT=394 DEFAULT CHARSET=utf8;
/*!40101 SET character_set_client = @saved_cs_client */;

--
-- Dumping data for table `website_product`
--

LOCK TABLES `website_product` WRITE;
/*!40000 ALTER TABLE `website_product` DISABLE KEYS */;
INSERT INTO `website_product` VALUES (2,'EPOXY JOINT T-POX 3700','Epoxy intermediate coat','Epoxy-joint-T-POX-3700','T-POX 3700, is a low viscosity, solvent-free, two components, epoxy based preparation and top coat floor coating. \r\n\r\nFields of Application  On concrete and cement based mineral surfaces  Warehousing and storage  Normal up to medium heavy wear e.g. storage and assembly halls, maintenance workshops garages, loading ramps, airplane hangars  Wet process areas in pharmaceutical and other medical or laboratory buildings  Control rooms, thermal and hydroelectric power plants  Supermarkets, shopping centers, garages','images/products/EPOXY_JOINT_T-POX_3700_qQnHjRF.jpg','','published',5,'manuals/products/T-POX_3700____________TWO_COMPONENT_SOLVENT_FREE_EPOXY_BASED_INTERLAYER.pdf','','2021-04-29 16:25:27.429891','2022-09-12 12:07:38.312054',4,4,'20 KG','','','','','','','','','','','','','','','','','','','','','','','','','','','','','','','','','','','','','','',''),(3,'FN-50','Ecological Thermal Insulation Plaster','fn-50','Cement based, expanded glass bead granule filled, polymer reinforced, special ,exterior and interior thermal insulation plaster.','images/products/41v342bLL._SX342_.jpg','','published',10,'manuals/products/MOMENTUM_FN50--.pdf','','2021-05-01 08:37:52.120769','2022-10-30 09:15:25.284733',4,1,'20 KG','','Wall /Floor','','trowel or machine','','White','','','','','5 kg/m2 (1cm thickness)','','','','','','','','','','15-16 lt water','','','','','','','','','','','','','','','Expanded Glass Plaster','','20',''),(4,'FN-75P','Ecological Thermal Insulation Plaster','fn75p','Cement based, perlite granule filled, polymer reinforced, special ,exterior and interior thermal insulation plaster. \r\n\r\nBENEFITS -Class A1 Fireproof\r\n -Good Heat nsulation \r\n -Sound Dampening\r\n -Water Mix Only\r\n -Environmentally Friendly\r\n -It is composed of inorganic and natural material \r\n-Silica Free','images/products/WhatsApp_Image_2022-09-19_at_3.21.41_PM_1.jpeg','','published',2,'manuals/products/MOMENTUM_EKOFILL_W__-_3.pdf','','2021-05-01 08:47:48.086871','2022-10-30 09:07:14.562507',4,1,'15 KG','','','','trowel or machine','','','','','','','5 kg/m2 (1cm)','','','','','','','','','','11-12 lt water','','','','','','','','','','','','','','','Expanded Perlite Plaster','','15 KG',''),(5,'T-POX 3100','Epoxy Self leveling','tpox3100','is a low viscosity, solvent-free, two components, self-leveling, multi-purpose epoxy based coating.','images/products/WhatsApp_Image_2022-09-12_at_4.33.44_PM_Bk4gCCw.jpeg','','published',3,'manuals/products/T-POX_3100______________TWO_COMPONENT_SOLVENT_FREE_EPOXY_BASED_SELF-LEV_2o6kGLz.pdf','','2021-05-01 08:54:43.929414','2022-09-12 13:34:52.053298',4,4,'15 KG','','','','','','','','','','','','','','','','','','','','','','','','','','','','','','','','','','','','','','',''),(6,'T-POX 3300','Epoxy Paint','epoxy-paint-t-pox-3300','is a solvent free, two-part epoxy resin based floor and wall paint and coating.','images/products/WhatsApp_Image_2022-09-12_at_4.41.47_PM_aEjXbik.jpeg','','published',5,'manuals/products/T-POX_3300____________TWO_COMPONENT_SOLVENT_FREE_EPOXY_RESIN_BASED_FLOO_6BR6zTt.pdf','','2021-05-01 08:59:44.279312','2022-09-12 13:43:42.821917',4,4,'20 KG','','','','','','','','','','','','','','','','','','','','','','','','','','','','','','','','','','','','','','',''),(7,'EPOXY PRIEMER  T-POX 2000','Solvent Free Epoxt Primer','epoxy-primer-t-pox-2000','T-POX 2000 , is a low viscosity, solvent free two-part epoxy resin based primer. \r\n \r\nFields of Application  Internal and external substrates  On concrete and cement based mineral surfaces  Normal to strongly absorbent surfaces  Primer for all Momentum Epoxy and polyurethane surfaces  Binder for epoxy based levelling mortars and mortar screeds  With aggregate, it can be used as cast and repair mortar on the surfaces that require repair.','images/products/TPOX-2000.png','','published',2,'manuals/products/T-POX_2000________________TWO_COMPONENT_SOLVENT_FREE_EPOXY_RESIN_BASED_PRIMER.pdf','','2021-05-01 09:25:55.180085','2022-09-12 12:16:06.072929',4,4,'20 KG','','','','','','','','','','','','','','','','','','','','','','','','','','','','','','','','','','','','','','',''),(9,'60x120 INVISIBLE MARBLE','','60x120-invisible-marble','','images/products/WhatsApp_Image_2021-05-20_at_11.53.55_AM_QCBBiiz.jpeg','','published',850,'','','2021-05-20 08:55:56.204177','2022-03-19 10:44:27.425229',3,7,'KG','','','','','','','','','','','','','','','','','','','','','','','','','','','','','','','','','','','','','','',''),(11,'SOLVENT PRIMER  T-POX 2600','Solvent Epoxy Primer','t-pox-2600','is a low viscosity, two-part epoxy resin based primer.','','','published',5,'manuals/products/T-POX_2600_______________TWO_COMPONENT_EPOXY_RESIN_BASED_PRIMER.pdf','','2022-03-12 08:23:13.553254','2022-09-20 07:21:39.870203',4,4,'18 KG','','','','','','','','','','','','','','','','','','','','','','','','','','','','','','','','','','','','','','',''),(12,'ASPHLT  PAINT 2C','floring solution','ashplt-paint-2C','Two component,It is an alkyd-based, air-drying, modified, \r\nmatte, road marking and marking paint with excellent \r\nadhesion.','images/products/ASPHLT_PAINT_2C.jpg','','published',1,'manuals/products/HiTech_ASPHALT_PAINT-2C_1.pdf','','2022-03-12 10:22:20.972474','2022-09-12 11:59:04.898655',4,3,'20KG','','','','','','','','','','','','','','','','','','','','','','','','','','','','','','','','','','','','','','',''),(13,'CONCRETE CORSE PRIMER','Adhesive','concrete-corse-primer','Polymer reinforced resin based plaster\r\na primer. Surface of cement and especially plaster based plasters\r\nincrease adherence, working time and workability..','images/products/CONCRETE_CORSE_PRIMER.jpeg','','draft',100,'manuals/products/MOMENTUM_CORSE_PRIMER.pdf','','2022-03-12 10:38:09.048485','2023-06-18 10:05:19.332538',4,6,'15KG','','','','','','','','','','','','','','','','','','','','','','','','','','','','','','','','','','','','','','',''),(14,'ELAST','waterproofing','elast','Acrylic dispersion based, one component, liquid plastic \r\ncoating and waterproofing material which is highly \r\nelastic, and saves energy by reflecting radiant heat energy \r\non surface of roofs.','images/products/ELAST.jpg','','published',9,'manuals/products/HI-TECH_WP-ELASTICOTE_RC.pdf','','2022-03-12 10:54:39.045448','2022-09-19 12:04:53.151085',4,5,'18.5 KG','','','','','','','','','','','','','','','','','','','','','','','','','','','','','','','','','','','','','','',''),(15,'M SEAL','waterproofing','m-seal','It is a siloxane-based transparent insulation product which \r\nmakes water impermeable without forming a film layer, \r\nwithout damaging view and texture on the absorbent \r\nsurfaces on which it is applied. Because it does not form a \r\nfilm layer on the surface, it does not prevent, diminish or \r\ndistort the breathing capacity of the building or stone. \r\nDoes not make blackening and swelling. Alkali resistance is \r\nvery high and can be applied easily in new or old concretes. \r\nIt is used to prevent the efflorescence and staining due to \r\nthe application of press bricks, natural, artificial stone or \r\nplasters. Because of inhibiting wetting, it prevents the heat \r\ninsulation value of buildings from being lost. It protects the \r\nbuilding from corrosion. Also extends the life of structures','images/products/seal.jpeg','','published',9,'manuals/products/HI-TECH_WP-M_SEAL.pdf','','2022-03-12 11:04:39.741163','2022-09-12 12:28:23.969062',4,2,'3 kG','','','','','','','','','','','','','','','','','','','','','','','','','','','','','','','','','','','','','','',''),(16,'M STAR ASTER','waterproofing','m-Star-aster','A high-quality, acrylic-resin-based, highly alkali-resistant, \r\nwater-based, environmentally friendly primer for interior \r\nand exterior use. Penetrates perfectly into the surface, \r\nspreads homogeneously and reduces consumption of top \r\ncoat paint by 15-20% due to its special formula. Suitable for \r\nuse on interior and exterior surfaces, new cured concrete, \r\nplaster and gypsum boards.','images/products/WhatsApp_Image_2022-09-12_at_3.30.46_PM.jpeg','','published',9,'manuals/products/EXPERT_M-STAR_ASTAR_2.pdf','','2022-03-12 11:20:43.657566','2022-09-12 12:31:43.916459',4,2,'17KG','','','','','','','','','','','','','','','','','','','','','','','','','','','','','','','','','','','','','','',''),(17,'STOP WATER','waterproofing','stop-water','Acrylic dispersion based, one component, liquid plastic \r\ncoating and waterproofing material which is highly \r\nelastic, and saves energy by reflecting radiant heat \r\nenergy on surface of roofs.','images/products/stop_water.jpg','','published',9,'manuals/products/HI-TECH_WP-STOP_WATER_____________________SURME_IZOLASYON_-SLIDING_INSULATION.pdf','','2022-03-12 11:24:08.231847','2022-09-12 13:04:47.367878',4,2,'KG19.5','','','','','','','','','','','','','','','','','','','','','','','','','','','','','','','','','','','','','','',''),(18,'WP-PT9200 UV','waterproofing','wp-pt9200-uv','HI-TECH WP-PT9200 UV is a one component, low \r\nviscosity, polyurethane fluid water proofing material \r\nwhich cures with the humidity in the atmosphere.','images/products/WhatsApp_Image_2022-09-12_at_4.08.09_PM.jpeg','','published',9,'manuals/products/HI-TECH_WP-PT9200_UV________________________SURME_POLIURETAN-POLYURETHA_K9A6BP0.pdf','','2022-03-12 11:50:25.201906','2022-09-12 13:09:24.161079',4,2,'25KG','','','','','','','','','','','','','','','','','','','','','','','','','','','','','','','','','','','','','','',''),(19,'T-POX 2200','epoxy and polyurethane','t-pox-2200','T-POX 2200, is a low viscosity, moisture tolerant, solvent free, two component epoxy resin based primer with high \r\nadhesion capability to moist concrete and mineral substrates.','images/products/WhatsApp_Image_2022-09-12_at_4.29.13_PM_HaZau3R.jpeg','','published',5,'manuals/products/T-POX_2200.pdf','','2022-03-12 12:08:13.374286','2022-09-12 13:31:01.969302',4,4,'20KG','','','','','','','','','','','','','','','','','','','','','','','','','','','','','','','','','','','','','','',''),(20,'T-POX 2400','epoxy and polyurethane','t-pox-2400','T-POX 2400, is a low viscosity, solvent free two part modified epoxy resin based ceramic surface primer.','images/products/WhatsApp_Image_2022-09-12_at_4.36.13_PM.jpeg','','published',5,'manuals/products/T-POX_2400.pdf','','2022-03-12 12:12:52.277192','2022-09-12 13:37:18.332474',4,4,'20KG','','','','','','','','','','','','','','','','','','','','','','','','','','','','','','','','','','','','','','',''),(21,'T-POX  2700','epoxy and polyurethane','t-pox-2700','T-POX 2700 PS , is a low viscosity, two-part epoxy resin based primer.','images/products/WhatsApp_Image_2022-09-12_at_4.16.14_PM.jpeg','','published',5,'manuals/products/T-POX_2700_PS_________TWO_COMPONENT_EPOXY_RESIN_BASED_PRIMER_-_ANTICORROSIVE.pdf','','2022-03-12 12:16:28.594521','2022-09-12 13:18:31.473079',4,4,'20KG','','','','','','','','','','','','','','','','','','','','','','','','','','','','','','','','','','','','','','',''),(22,'T-POX  3350','epoxy and polyurethane','t-pox-3350','T-POX 3350 S, two-part epoxy resin based , floor and wall paint and coating.','images/products/T-POX_3350_S.png','','published',5,'manuals/products/T-POX_3350_S________TWO_COMPONENT_EPOXY_RESIN_BASED-_TOP_COAT_PAINT.pdf','','2022-03-12 12:24:47.853206','2022-03-14 11:34:56.857445',4,4,'20KG','','','','','','','','','','','','','','','','','','','','','','','','','','','','','','','','','','','','','','',''),(23,'T-POX  3400 CR','epoxy and polyurethane','t-pox-3400','T-POX 3400 CR, chemical resistant, solvent-free, two-component epoxy resin.','images/products/WhatsApp_Image_2022-09-12_at_4.11.45_PM_ANl5DtE.jpeg','','published',5,'manuals/products/T-POL_3400.pdf','','2022-03-12 12:30:33.512630','2022-09-12 13:22:53.235972',4,4,'25KG','','','','','','','','','','','','','','','','','','','','','','','','','','','','','','','','','','','','','','',''),(24,'M COAT DECOR','paints and decorative','m-coat-decor','Polymer emulsion based, line textured, trowel applied, \r\ncoarse, ready mixed interior and exterior plaster.','images/products/HiTech_M-COAT-DECOR_fine-Mideum-Corse.jpg','','published',4,'manuals/products/Hitech_M-Coat_-DECOR.pdf','','2022-03-12 12:50:55.128257','2022-03-17 10:45:17.574647',4,5,'20KG','','','','','','','','','','','','','','','','','','','','','','','','','','','','','','','','','','','','','','',''),(25,'M COAT SMOOTY SURFACE','paints and decorative','m-coat-smooty-surface','Acrylic copolymer emulsion based, micronized glass \r\ngranulate filled, flexible, exterior and interior fill and \r\nsurface correction putty.','images/products/HiTech_M-COAT_SMOOTY.jpg','','published',6,'manuals/products/Hitech_M-Coat_-SMOOT_PAST-LF_2.pdf','','2022-03-13 06:45:36.915450','2022-09-12 12:46:56.541534',4,5,'20KG','','','','','','','','','','','','','','','','','','','','','','','','','','','','','','','','','','','','','','',''),(26,'SMOOTY PASTE (POWDER)','paints and decorative','smooty-paste-powder','Cement based, micronized glass granulate filled, \r\nflexible, exterior and interior fill and surface correction \r\nputty.','images/products/WhatsApp_Image_2022-09-12_at_3.36.17_PM_t7axrM8.jpeg','','published',6,'manuals/products/Hitech_M-Coat_-SMOOT_PASTE_-_PF_1.pdf','','2022-03-13 06:49:16.330381','2022-09-12 12:43:13.883091',4,5,'20KG','','','','','','','','','','','','','','','','','','','','','','','','','','','','','','','','','','','','','','',''),(27,'FN-25','thermal insulation','fn-25','Cement based, expanded glass bead granule filled, polymer reinforced, special ,exterior and interior thermal insulation \r\nplaster.','images/products/FN25.jpg','','published',10,'manuals/products/MOMENTUM_FN25.pdf','','2022-03-13 06:58:17.084244','2022-09-23 12:49:59.874105',4,1,'20KG','','','','','','','','','','','','','','','','','','','','','','','','','','','','','','','','','','','','','','',''),(28,'M COAT DECO THERMAL','paints and decorative','m-coat-deco-thermal','An acrylic co-polymer binder-based, water-based, odorless, \r\nbreathable matte smooth decorative expanded glass granulate \r\ncoating which can be easily applied, with high coverage \r\nstrength and colored, leaves no brush traces, non-splashing. \r\nThe coating decorative plaster can be applied to any kind of \r\nplaster, dry wall, and lime surface. Crack, bubble and peel \r\nproof.','images/products/M_COAT_DECO_THERMAL.jpeg','','published',6,'manuals/products/HiTech_DECO_TERMAL_1.pdf','','2022-03-13 09:47:31.366330','2022-09-12 12:12:06.504982',4,5,'15KG','','','','','','','','','','','','','','','','','','','','','','','','','','','','','','','','','','','','','','',''),(31,'15x60  VINTAGE','Tiles','15x60-vintage','','images/products/S16166_1.jpg','','published',150,'','','2022-03-14 12:00:50.339427','2022-03-19 11:24:16.259556',3,7,'KG','','','','','','','','','','','','','','','','','','','','','','','','','','','','','','','','','','','','','','',''),(32,'15X90  BARKWOOD WALNUT','Tiles','15x90-barkwood-walnut','','images/products/S17014_1.jpg','','published',200,'','','2022-03-14 12:04:31.954121','2022-03-19 11:21:54.656980',3,7,'KG','','','','','','','','','','','','','','','','','','','','','','','','','','','','','','','','','','','','','','',''),(33,'15X90 ROSIN BROWN','Tiles','15x90-rosin','','images/products/S16577_2.jpg','','published',200,'','','2022-03-14 12:06:38.006438','2022-09-15 06:44:56.871794',3,7,'KG','','','','','','','','','','','','','','','','','','','','','','','','','','','','','','','','','','','','','','',''),(34,'20x120  LARIX FUME','Tiles','20x120-larix-fume','','images/products/S14515_1.jpg','','published',250,'','','2022-03-14 12:13:02.864268','2022-03-19 11:20:57.205738',3,7,'KG','','','','','','','','','','','','','','','','','','','','','','','','','','','','','','','','','','','','','','',''),(35,'20x120  LARIX iVORY','Tiles','20x120-larix-lvory','','images/products/S14514_1.jpg','','published',250,'','','2022-03-14 12:14:36.017363','2022-09-15 06:43:42.259020',3,7,'KG','','','','','','','','','','','','','','','','','','','','','','','','','','','','','','','','','','','','','','',''),(36,'20x120   MASSIVE WOOD OAK','Tiles','20x120-massive-wood','','images/products/S25006_1.jpg','','published',250,'','','2022-03-14 12:16:39.922825','2022-09-15 06:43:05.979327',3,7,'KG','','','','','','','','','','','','','','','','','','','','','','','','','','','','','','','','','','','','','','',''),(37,'22x85  FUJI AQUA','Tiles','22x85-aqua','','images/products/WhatsApp_Image_2021-03-14_at_4.37.59_PM_3.jpeg','','published',300,'','','2022-03-14 12:22:52.771763','2022-09-15 06:42:07.406359',3,7,'KG','','','','','','','','','','','','','','','','','','','','','','','','','','','','','','','','','','','','','','',''),(38,'22x85  FUJI GOLD','Tiles','22x85-gold','','images/products/WhatsApp_Image_2021-03-14_at_4.38.00_PM.jpeg','','published',300,'','','2022-03-14 12:23:48.836902','2022-09-15 06:42:17.997059',3,7,'KG','','','','','','','','','','','','','','','','','','','','','','','','','','','','','','','','','','','','','','',''),(39,'25X65 MARMO','Tiles','25x65-marmo','','images/products/D10607_1.jpg','','published',350,'','','2022-03-14 12:26:33.798470','2022-03-19 11:19:26.151328',3,7,'KG','','','','','','','','','','','','','','','','','','','','','','','','','','','','','','','','','','','','','','',''),(40,'30x30   CLASSIC CARRARA','Tiles','30x30-classis-carrara','','images/products/S10850_5.jpg','','published',400,'','','2022-03-14 12:29:09.843559','2022-03-19 11:18:55.845788',3,7,'KG','','','','','','','','','','','','','','','','','','','','','','','','','','','','','','','','','','','','','','',''),(41,'30x60 LUPUS','Tiles','30x60-lupus','','images/products/D16330_1.jpg','','published',450,'','','2022-03-14 12:35:50.628112','2022-03-19 11:17:57.463633',3,7,'KG','','','','','','','','','','','','','','','','','','','','','','','','','','','','','','','','','','','','','','',''),(42,'30x60 MIONI MULTI','Tiles','30x60-mioni','','images/products/mioni_multi_decor_30x60_1.jpg','','published',450,'manuals/products/30X60_DK._MIONI_SERIES.pdf','','2022-03-14 12:43:24.217813','2022-09-20 09:47:25.321389',3,7,'KG','','','','','','','','','','','','','','','','','','','','','','','','','','','','','','','','','','','','','','',''),(43,'30x60  MIONI BEIGE','Tiles','30x60-mioni-beige','','images/products/mioni_beige_glossy_30x60_2.jpg','','published',450,'','','2022-03-14 12:44:27.074036','2022-03-19 11:14:49.822042',3,7,'KG','','','','','','','','','','','','','','','','','','','','','','','','','','','','','','','','','','','','','','',''),(44,'30x60  MIONI BONE','Tiles','30x60-mioni-bone','','images/products/D11321_12.jpg','','published',450,'','','2022-03-14 12:46:27.672196','2022-09-12 11:32:38.513133',3,7,'KG','','','','','','','','','','','','','','','','','','','','','','','','','','','','','','','','','','','','','','',''),(45,'30x60   MIONI GREY','Tiles','30x60-mioni-grey','','images/products/mioni_grey_glossy_30x60_1.jpg','','published',450,'','','2022-03-14 12:47:45.149385','2022-03-19 11:14:24.221468',3,7,'KG','','','','','','','','','','','','','','','','','','','','','','','','','','','','','','','','','','','','','','',''),(47,'30x60  POSEIDON GREY','Tiles','30x60-poseidon-grey','','images/products/D16420_6.jpg','','published',450,'','','2022-03-14 12:53:57.585144','2022-03-19 11:16:45.122005',3,7,'KG','','','','','','','','','','','','','','','','','','','','','','','','','','','','','','','','','','','','','','',''),(48,'30x60  POSEIDON IVORY','Tiles','30x60-poseidon-ivory','','images/products/D16422_1.jpg','','published',450,'','','2022-03-14 12:55:21.598475','2022-03-19 11:17:20.212791',3,7,'KG','','','','','','','','','','','','','','','','','','','','','','','','','','','','','','','','','','','','','','',''),(50,'30X60 LIMA FUME','Tiles','lima-grey-fume','','images/products/S10971_1.jpg','','published',450,'','','2022-03-15 06:20:13.744384','2022-09-15 06:40:07.227933',3,7,'KG','','','','','','','','','','','','','','','','','','','','','','','','','','','','','','','','','','','','','','',''),(51,'30x60 KAYAH','Tiles','kayah','','images/products/kayah_autumn_30x60.jpg','','published',450,'','','2022-03-15 06:21:52.122707','2022-09-20 09:32:31.023075',3,7,'KG','','','','','','','','','','','','','','','','','','','','','','','','','','','','','','','','','','','','','','',''),(52,'30x60 INVISBLE MARBLE POLISHED','Tiles','invisble-marble','','images/products/P12100_5.jpg','','published',450,'','','2022-03-15 06:23:06.284067','2022-09-20 09:41:36.483056',3,7,'KG','','','','','','','','','','','','','','','','','','','','','','','','','','','','','','','','','','','','','','',''),(55,'30x90  SAVANA GREY','Tiles','30x90-savana-grey','','images/products/WhatsApp_Image_2022-09-20_at_12.14.35_PM.jpeg','images/products/WhatsApp_Image_2022-09-20_at_12.18.22_PM.jpeg','published',500,'','','2022-03-15 06:31:43.556765','2022-09-20 09:35:38.353213',3,7,'KG','','','','','','','','','','','','','','','','','','','','','','','','','','','','','','','','','','','','','','',''),(56,'30x90 OCEAN WALL TURQUOISE','Tiles','30x90-ocean-wall','','images/products/WhatsApp_Image_2022-09-20_at_12.15.08_PM.jpeg','','published',500,'','','2022-03-15 06:33:10.564155','2022-09-20 09:31:44.393587',3,7,'KG','','','','','','','','','','','','','','','','','','','','','','','','','','','','','','','','','','','','','','',''),(57,'30x90 ESCAPE','Tiles','30x90-escape','','images/products/P17032_1.jpg','','published',500,'','','2022-03-15 06:34:43.823056','2022-03-19 11:06:44.355910',3,7,'KG','','','','','','','','','','','','','','','','','','','','','','','','','','','','','','','','','','','','','','',''),(58,'30x90  MILAS','Tiles','30x90-milas','','images/products/P17041_1.jpg','','published',500,'','','2022-03-15 06:36:14.084693','2022-03-19 11:05:56.602598',3,7,'KG','','','','','','','','','','','','','','','','','','','','','','','','','','','','','','','','','','','','','','',''),(60,'30x90  THE MARBLE SERIES','Tiles','30x90-the-marble','','images/products/P17415_1.jpg','','published',500,'','','2022-03-15 06:38:45.443477','2022-09-15 06:37:33.262469',3,7,'KG','','','','','','','','','','','','','','','','','','','','','','','','','','','','','','','','','','','','','','',''),(61,'33x33  HOME WHITE','Tiles','33x33-home-white','','images/products/S22602_9.jpg','','published',550,'','','2022-03-15 06:48:32.127808','2022-03-19 11:02:40.110164',3,7,'KG','','','','','','','','','','','','','','','','','','','','','','','','','','','','','','','','','','','','','','',''),(63,'33x33  NUANS','Tiles','33x33-nuans','','images/products/Y27162_1.jpg','','published',550,'','','2022-03-15 07:10:14.011744','2022-03-19 11:02:56.221390',3,7,'KG','','','','','','','','','','','','','','','','','','','','','','','','','','','','','','','','','','','','','','',''),(64,'33x33  SATEN WHITE','Tiles','33x33-saten-white','','images/products/S16287_1.jpg','','published',550,'','','2022-03-15 07:11:18.736696','2022-03-19 11:03:10.921228',3,7,'KG','','','','','','','','','','','','','','','','','','','','','','','','','','','','','','','','','','','','','','',''),(65,'33x33 URBAN BEIGE','Tiles','33x33-urban-beige','','images/products/S19642_1.jpg','','published',550,'','','2022-03-15 07:12:23.891919','2022-03-19 11:03:46.676907',3,7,'KG','','','','','','','','','','','','','','','','','','','','','','','','','','','','','','','','','','','','','','',''),(66,'33x33  URBAN GREY','Tiles','33x33-urban-grey','','images/products/S19641_1.jpg','','published',550,'','','2022-03-15 07:13:16.744832','2022-03-19 11:03:31.811778',3,7,'KG','','','','','','','','','','','','','','','','','','','','','','','','','','','','','','','','','','','','','','',''),(67,'40x60  FORMAT','Tiles','40x60-format','','images/products/WhatsApp_Image_2022-09-19_at_3.16.04_PM.jpeg','','published',600,'','','2022-03-15 07:19:19.595943','2022-09-19 12:17:09.709381',3,7,'KG','','','','','','','','','','','','','','','','','','','','','','','','','','','','','','','','','','','','','','',''),(69,'40x60 ALDA GREY','Tiles','40x60-alda-grey','','images/products/S16558_2_AxNyM7v.jpg','','published',600,'','','2022-03-15 07:24:45.751266','2022-09-19 12:14:49.919014',3,7,'KG','','','','','','','','','','','','','','','','','','','','','','','','','','','','','','','','','','','','','','',''),(70,'40x60 ALDA WHITE','Tiles','40x60-alda-white','','images/products/S16559_1.jpg','','published',600,'','','2022-03-15 07:25:59.956382','2022-03-19 10:58:07.880028',3,7,'KG','','','','','','','','','','','','','','','','','','','','','','','','','','','','','','','','','','','','','','',''),(71,'40x60  KEY STONE BLUE','Tiles','40x60-key-stone-blue','','images/products/S11035_1.jpg','','published',600,'','','2022-03-15 07:27:21.238209','2022-03-19 10:57:31.228042',3,7,'KG','','','','','','','','','','','','','','','','','','','','','','','','','','','','','','','','','','','','','','',''),(72,'40x60KEY STONE GREEN','Tiles','40x60-key-stone-green','','images/products/S11247_1.jpg','','published',600,'','','2022-03-15 07:29:26.449982','2022-03-19 10:59:59.447930',3,7,'KG','','','','','','','','','','','','','','','','','','','','','','','','','','','','','','','','','','','','','','',''),(73,'40x60 KEY STONE GREY','Tiles','40x60-key-stone-grey','','images/products/S11033_1.jpg','','published',600,'','','2022-03-15 07:30:47.699297','2022-09-20 08:27:13.588264',3,7,'KG','','','','','','','','','','','','','','','','','','','','','','','','','','','','','','','','','','','','','','',''),(74,'40x60 KEY STONE BROWN','Tiles','40x60-key-stone-brown','','images/products/S11032_1.jpg','','published',600,'','','2022-03-15 07:32:15.964169','2022-03-19 10:58:18.414581',3,7,'KG','','','','','','','','','','','','','','','','','','','','','','','','','','','','','','','','','','','','','','',''),(75,'40x60  MARDIN STONE GREM','Tiles','40x60-mardin-stone-gream','','images/products/S11192_1_NWDVari.jpg','','published',600,'manuals/products/40X60_MARDIN_STONE_CREAM.pdf','','2022-03-15 07:36:56.947537','2022-09-19 12:19:19.429076',3,7,'KG','','','','','','','','','','','','','','','','','','','','','','','','','','','','','','','','','','','','','','',''),(77,'40x60 RAIN STONE GREY','Tiles','40x60-rain-stone-grey','','images/products/S11173_1.jpg','','published',600,'manuals/products/40X60_RAIN_STONE_GREY.pdf','','2022-03-15 07:47:57.655120','2022-03-19 10:58:52.483853',3,7,'KG','','','','','','','','','','','','','','','','','','','','','','','','','','','','','','','','','','','','','','',''),(78,'40x60   RAIN STONE BEIGE','Tiles','40x60-rain-stone-beige','','images/products/S11169_1.jpg','','published',600,'manuals/products/40X60_RAIN_STONE_BEIGE.pdf','','2022-03-15 07:49:31.742764','2022-03-19 10:56:26.114707',3,7,'KG','','','','','','','','','','','','','','','','','','','','','','','','','','','','','','','','','','','','','','',''),(79,'45x45   LIMA GREY','Tiles','45x45-lima-grey','','images/products/S10973_1_yrkqQ8a.jpg','','published',650,'','','2022-03-15 07:54:55.820572','2022-03-19 10:55:00.972454',3,7,'KG','','','','','','','','','','','','','','','','','','','','','','','','','','','','','','','','','','','','','','',''),(80,'45x45  MIONI BEIGE MATTE','Tiles','45x45-mioni-beige-matte','','images/products/mioni_beige_matte_45x45_1.jpg','','published',650,'manuals/products/45X45_MIONI_BEIGE.pdf','','2022-03-15 07:56:29.657909','2022-03-19 10:55:17.543837',3,7,'KG','','','','','','','','','','','','','','','','','','','','','','','','','','','','','','','','','','','','','','',''),(81,'45x45  MIONI BONE MATTE','Tiles','45x45-mioni-bone-matte','','images/products/S19575_7.jpg','','published',650,'manuals/products/45X45_MIONI_BONE.pdf','','2022-03-15 07:59:05.660842','2022-09-12 11:17:00.534938',3,7,'12KG','','','','','','','','','','','','','','','','','','','','','','','','','','','','','','','','','','','','','','',''),(82,'45x45  MIONI GREY MATTE','Tiles','45x45-mioni-grey-matte','','images/products/S19576_1.jpg','','published',650,'manuals/products/45X45_MIONI_GREY.pdf','','2022-03-15 08:15:27.837957','2022-09-12 11:18:52.024438',3,7,'KG','','','','','','','','','','','','','','','','','','','','','','','','','','','','','','','','','','','','','','',''),(83,'45x45 RODOS BIANCO','Tiles','45x45-rodos-bianco','','images/products/S25334_1.jpg','','published',650,'manuals/products/45X45_RODOS_BIANCO.pdf','','2022-03-15 08:18:12.909788','2022-09-20 08:25:21.403254',3,7,'KG','','','','','','','','','','','','','','','','','','','','','','','','','','','','','','','','','','','','','','',''),(84,'45x90  ETNA LAVA','Tiles','45x90','','images/products/LAVA.jpg','','published',700,'','','2022-03-15 08:21:06.392825','2022-09-15 06:33:16.304148',3,7,'KG','','','','','','','','','','','','','','','','','','','','','','','','','','','','','','','','','','','','','','',''),(85,'50x50   MAGMA ANTHRACITE','Tiles','50x50-mamgma-anthracite','','images/products/S11701_1.jpg','','published',750,'','','2022-03-15 08:30:14.152956','2022-03-19 10:53:03.659337',3,7,'KG','','','','','','','','','','','','','','','','','','','','','','','','','','','','','','','','','','','','','','',''),(86,'50x50  MAGMA GREY','Tiles','50x50-mamgma-grey','','images/products/S11703_1.jpg','','published',750,'','','2022-03-15 08:38:02.003894','2022-03-19 10:53:15.065846',3,7,'KG','','','','','','','','','','','','','','','','','','','','','','','','','','','','','','','','','','','','','','',''),(87,'60x60 MARMO','Tiles','60x60','','images/products/S10756_1.jpg','','published',800,'manuals/products/60X60_MARMO_BORGHINI_MATT_BIANCO.pdf','','2022-03-15 11:00:57.885038','2022-03-19 10:50:07.708490',3,7,'KG','','','','','','','','','','','','','','','','','','','','','','','','','','','','','','','','','','','','','','',''),(88,'60x60  RODOS  BIANCO','Tiles','rodos','','images/products/S80016_1.jpg','','published',800,'','','2022-03-15 11:02:49.430959','2022-09-15 06:28:06.682945',3,7,'KG','','','','','','','','','','','','','','','','','','','','','','','','','','','','','','','','','','','','','','',''),(89,'60x60  PRAGA','Tiles','praga','https://yurtbayseramik.com/en/products/praga/s12502/60x60-24x24-praga-grey-matte','images/products/S12502_1.jpg','','published',800,'manuals/products/60x60-24x24-praga-grey-matte.pdf','','2022-03-15 11:04:14.838339','2022-03-19 10:48:02.030861',3,7,'KG','','','','','','','','','','','','','','','','','','','','','','','','','','','','','','','','','','','','','','',''),(90,'60x60 SUITE GREY','Tiles','suite-grey','','images/products/S11189_1.jpg','','published',800,'','','2022-03-15 11:05:50.947860','2022-03-31 08:45:46.102910',3,7,'KG','','','','','','','','','','','','','','','','','','','','','','','','','','','','','','','','','','','','','','',''),(91,'60x60 CORE','Tiles','60x60-core','','images/products/S70055_1.jpg','','published',800,'','','2022-03-15 11:07:45.541184','2022-03-19 10:49:02.542467',3,7,'KG','','','','','','','','','','','','','','','','','','','','','','','','','','','','','','','','','','','','','','',''),(92,'60x60  KRISTAL BONE','Tiles','60x60-kristal-bone','','images/products/S80018_1.jpg','','published',800,'','','2022-03-15 11:09:20.578468','2022-03-19 10:47:37.999638',3,7,'KG','','','','','','','','','','','','','','','','','','','','','','','','','','','','','','','','','','','','','','',''),(94,'60x60 STERLINE MAT LVORY','Tiles','60x60-sterline-mat-lvory','','images/products/P10876_1_eVPc4ng.jpg','','published',800,'','','2022-03-16 06:45:05.704426','2022-03-31 08:45:28.809167',3,7,'KG','','','','','','','','','','','','','','','','','','','','','','','','','','','','','','','','','','','','','','',''),(95,'60x60 STERLINE MAT  GREY','Tiles','60x60-sterline-mat-grey','','images/products/P10883_1.jpg','','published',800,'','','2022-03-16 06:46:34.380940','2022-03-19 10:51:00.223462',3,7,'KG','','','','','','','','','','','','','','','','','','','','','','','','','','','','','','','','','','','','','','',''),(96,'60x60 CUMULUS GREY','Tiles','60x60-cumulus-grey','','images/products/P16503_1_1.jpg','','published',800,'','','2022-03-16 06:47:59.121950','2022-03-31 08:45:12.895338',3,7,'KG','','','','','','','','','','','','','','','','','','','','','','','','','','','','','','','','','','','','','','',''),(97,'60x60 INVISIBLE MARBLE','Tiles','60x60-invisible-marble','','images/products/P11198_3.jpg','','published',800,'','','2022-03-16 06:49:28.484177','2022-03-19 10:49:27.971208',3,7,'KG','','','','','','','','','','','','','','','','','','','','','','','','','','','','','','','','','','','','','','',''),(98,'60x60 PALODA','Tiles','60x60-paloda','','images/products/P17230_1.jpg','','published',800,'','','2022-03-16 06:50:29.318754','2022-03-19 10:50:45.857070',3,7,'KG','','','','','','','','','','','','','','','','','','','','','','','','','','','','','','','','','','','','','','',''),(99,'60x60 MONACO','Tiles','60x60-monaco','','images/products/monaco.jpg','','published',800,'','','2022-03-16 06:52:09.148073','2022-03-19 10:50:17.512485',3,7,'KG','','','','','','','','','','','','','','','','','','','','','','','','','','','','','','','','','','','','','','',''),(100,'60x60 BASALT BEIGE','Tiles','60x60-basalt-beige','','images/products/P72013_1.jpg','','published',800,'','','2022-03-16 06:53:23.621831','2022-03-19 10:48:32.782597',3,7,'KG','','','','','','','','','','','','','','','','','','','','','','','','','','','','','','','','','','','','','','',''),(101,'60x60 BASALT FUME','Tiles','60x60-basalt-fume','','images/products/P72012_1.jpg','','published',800,'','','2022-03-16 06:54:44.815055','2022-03-31 08:44:45.066936',3,7,'KG','','','','','','','','','','','','','','','','','','','','','','','','','','','','','','','','','','','','','','',''),(102,'60x60 MADRA','Tiles','60x60-madra','','images/products/Yurtbay-Seramik-Madra-60x60-cm-Fildisi-S-a419.png','','published',800,'','','2022-03-16 06:56:05.899492','2022-03-19 10:49:39.576022',3,7,'KG','','','','','','','','','','','','','','','','','','','','','','','','','','','','','','','','','','','','','','',''),(103,'60x120 JAVA BLACK','Tiles','60x120-java-black','','images/products/P10853_7.jpg','','published',850,'','','2022-03-16 08:55:15.800136','2022-03-19 10:40:48.702241',3,7,'KG','','','','','','','','','','','','','','','','','','','','','','','','','','','','','','','','','','','','','','',''),(105,'60x120 ATLANTIC','Tiles','60x120-atlantic','','images/products/P19720_1.jpg','','published',850,'','','2022-03-16 08:59:37.101116','2022-11-02 07:10:07.243330',3,7,'KG','','','','','','','','','','','','','','','','','','','','','','','','','','','','','','','','','','','','','','',''),(108,'60x120  ROYAL MARBLE WHITE','Tiles','60x120-royal-marble-white','','images/products/P15006_1.jpg','','published',850,'','','2022-03-16 09:03:24.299955','2022-03-19 10:36:18.460990',3,7,'KG','','','','','','','','','','','','','','','','','','','','','','','','','','','','','','','','','','','','','','',''),(109,'60x120   AMAZON','Tiles','60x120-amazon','','images/products/P10754_1_1.jpg','','published',850,'','','2022-03-16 09:05:25.313307','2022-09-12 10:58:20.935403',3,7,'17.5 KG','','','','','','','','','','','','','','','','','','','','','','','','','','','','','','','','','','','','','','',''),(110,'60x120   PANDA','Tiles','60x120-panda','','images/products/P19707_1_G6eudPn.jpg','','published',850,'','','2022-03-16 09:06:28.936223','2022-03-19 10:34:04.612054',3,7,'KG','','','','','','','','','','','','','','','','','','','','','','','','','','','','','','','','','','','','','','',''),(111,'60x120 CALACATTA AQUA','Tiles','60x120-calacatta-aqua','','images/products/Calacatta_Aqua_alma_Yzeyi_1_kopya_12.jpg','','published',850,'','','2022-03-16 09:08:16.363634','2022-09-20 08:18:50.697027',3,7,'KG','','','','','','','','','','','','','','','','','','','','','','','','','','','','','','','','','','','','','','',''),(112,'60x120   STERLINA SILVER PLSH','Tiles','60x120-sterlina-silver-plsh','','images/products/P19687_1.jpg','','published',850,'','','2022-03-16 09:09:59.970029','2022-03-19 10:34:30.106849',3,7,'KG','','','','','','','','','','','','','','','','','','','','','','','','','','','','','','','','','','','','','','',''),(113,'60x120 UNDERGROUND','Tiles','60x120-underground','','images/products/P19788_1.jpg','','published',851,'','','2022-03-16 09:11:59.079373','2022-09-20 08:11:59.075592',3,7,'KG','','','','','','','','','','','','','','','','','','','','','','','','','','','','','','','','','','','','','','',''),(115,'60x120 STERLINA WHITE MAT','Tiles','60x120-sterlina-white-mat','','images/products/P19695_1.jpg','','published',850,'','','2022-03-16 09:14:44.998708','2022-03-19 10:43:44.671006',3,7,'KG','','','','','','','','','','','','','','','','','','','','','','','','','','','','','','','','','','','','','','',''),(116,'60x120   STERLINA GREY MAT','Tiles','60x120-sterlina-grey-mat','','images/products/P10886_1.jpg','','published',850,'','','2022-03-16 09:16:56.523453','2022-03-19 10:34:15.905578',3,7,'KG','','','','','','','','','','','','','','','','','','','','','','','','','','','','','','','','','','','','','','',''),(117,'60x120 CORE WHITE  MAT','Tiles','60x120-core','','images/products/1core_white.jpg','','published',850,'','','2022-03-16 10:57:04.471661','2022-03-19 10:40:34.756180',3,7,'KG','','','','','','','','','','','','','','','','','','','','','','','','','','','','','','','','','','','','','','',''),(119,'60x120 LIMESTONE','Tiles','60x120-limestone','','images/products/P10761_1.jpg','','published',850,'','','2022-03-16 11:00:10.548175','2022-03-19 10:41:12.669685',3,7,'KG','','','','','','','','','','','','','','','','','','','','','','','','','','','','','','','','','','','','','','',''),(120,'60x120  QUASAR','Tiles','60x120-quasar','','images/products/60x120_quasar_black.jpg','','published',850,'','','2022-03-16 11:01:56.203276','2022-09-20 08:23:34.870776',3,7,'KG','','','','','','','','','','','','','','','','','','','','','','','','','','','','','','','','','','','','','','',''),(121,'80x80 CORE WHITE MAT','Tiles','80x80','','images/products/P70075_1.jpg','','published',900,'','','2022-03-16 11:03:03.436656','2022-03-19 09:42:25.487167',3,7,'KG','','','','','','','','','','','','','','','','','','','','','','','','','','','','','','','','','','','','','','',''),(122,'60x120 BOOK MATCH','Tiles','60x120-book-match','','images/products/96692774_137641674541791_2865706577661263872_n_yfem5sM.jpg','','published',850,'','','2022-03-16 12:24:58.619698','2022-03-19 10:39:35.263742',3,7,'KG','','','','','','','','','','','','','','','','','','','','','','','','','','','','','','','','','','','','','','',''),(123,'45x90 ETNA RUST','Tiles','45x90-rust','','images/products/RUST.jpg','','published',700,'','','2022-03-17 07:26:09.169015','2022-09-15 06:33:27.680097',3,7,'KG','','','','','','','','','','','','','','','','','','','','','','','','','','','','','','','','','','','','','','',''),(124,'30x90 SAVANA BEIGE DECOR','Tiles','30x90-savana-beige-decor','','images/products/WhatsApp_Image_2022-09-20_at_12.14.39_PM.jpeg','images/products/WhatsApp_Image_2022-09-20_at_12.18.21_PM.jpeg','published',501,'','','2022-03-17 08:33:56.171920','2022-09-20 09:28:44.920343',3,7,'KG','','','','','','','','','','','','','','','','','','','','','','','','','','','','','','','','','','','','','','',''),(126,'30x60 LIMA  GREY','Tiles','30x60-lima-grey','','images/products/S10970_1_GBtZJh4.jpg','','published',450,'','','2022-03-17 08:59:16.125933','2022-03-19 11:17:36.613885',3,7,'KG','','','','','','','','','','','','','','','','','','','','','','','','','','','','','','','','','','','','','','',''),(127,'80x80 CORE GREY MAT','','80x80-core-grey-mat','','images/products/CORE_GREY.jpg','','published',900,'','','2022-03-19 09:27:36.247405','2022-10-21 09:18:27.048846',3,7,'KG','','','','','','','','','','','','','','','','','','','','','','','','','','','','','','','','','','','','','','',''),(128,'80x80 CORE BEIGE  MAT','Tiles','80x80-core-beige-mat','','images/products/CORE_BEIGE.jpg','','published',900,'','','2022-03-19 09:29:45.775003','2022-03-19 09:41:50.495608',3,7,'KG','','','','','','','','','','','','','','','','','','','','','','','','','','','','','','','','','','','','','','',''),(129,'60x120  CORE BEIGE MAT','Tiles','60x120-core-beige-mat','','images/products/2core_beige.jpg','','published',850,'','','2022-03-19 09:35:05.728228','2022-03-19 11:28:40.891861',3,7,'KG','','','','','','','','','','','','','','','','','','','','','','','','','','','','','','','','','','','','','','',''),(130,'60x120  CORE GREY MAT','Tiles','60x120-core-grey-mat','','images/products/3core_grey.jpg','','published',850,'','','2022-03-19 09:37:28.176390','2022-03-19 10:35:19.175186',3,7,'KG','','','','','','','','','','','','','','','','','','','','','','','','','','','','','','','','','','','','','','',''),(131,'60x120  CORE FUME MAT','Tiles','60x120-core-fume-mat','','images/products/4core_fume.jpg','','published',850,'','','2022-03-19 09:38:57.734333','2022-03-19 10:35:02.245299',3,7,'KG','','','','','','','','','','','','','','','','','','','','','','','','','','','','','','','','','','','','','','',''),(132,'60x120 CORE ANTRACITE   MAT','Tiles','60x120-core-antracite-mat','','images/products/5core_anthracite.jpg','','published',850,'','','2022-03-19 09:40:09.268150','2022-03-19 10:40:20.160131',3,7,'KG','','','','','','','','','','','','','','','','','','','','','','','','','','','','','','','','','','','','','','',''),(134,'1052 KALEKIM BEYAZ','Adhesive','1052-kalekimbeyaz','Cementitious ceramic tile adhesive with extended open time and reduced slip.','images/products/20210319160624390_1052KalekimBeyaz_370x275_full.jpg','','published',48,'manuals/products/20210319163909918_1052_KalekimBeyaz_TDS_English.pdf','','2022-03-27 08:27:34.940894','2022-09-19 13:07:02.611507',1,6,'25KG','','','','','','','','','','','','','','','','','','','','','','','','','','','','','','','','','','','','','','',''),(135,'1053 KALEKIM','Adhesive','1053-kalekimtozumaz','Dust-free cementitious ceramic tile adhesive with extended open time and reduced slip.','images/products/20210319160652142_1053Kalekimtozumaz_370x275_full.jpg','','published',47,'manuals/products/20210319164000113_1053_KalekimTozumaz_TDS_English.pdf','','2022-03-27 08:35:32.378210','2022-09-19 13:07:17.010700',1,6,'25KG','','','','','','','','','','','','','','','','','','','','','','','','','','','','','','','','','','','','','','',''),(136,'1054 TECHNOFLEX','Adhesive','1054-technoflex','High performance cementitious flexible adhesive with extended open time and reduced slip for ceramic tiles and stones.\r\nThere is a version with Wintertech technology which can be used safely between (-10 C) - (+ 35 C) for continued application in winter conditions.','images/products/1054_kalekim.jpg','','published',46,'manuals/products/20210319164050049_1054_Technoflex_TDS_English.pdf','','2022-03-27 08:44:20.958158','2022-09-19 13:07:41.706321',1,6,'25KG','','','','','','','','','','','','','','','','','','','','','','','','','','','','','','','','','','','','','','',''),(138,'1056 PROFESYONEL','Adhesive','1056-profesyonel','High performance cementitious adhesive.\r\nThere is a version with Wintertech technology which can be used safely between (-10 C) - (+ 35 C) for continued application in winter conditions.','images/products/1056.jpg','','published',44,'manuals/products/20210319164224447_1056_Profesyonel_TDS_English.pdf','','2022-03-27 08:56:34.087000','2022-09-19 13:08:36.637655',1,6,'25KG','','','','','','','','','','','','','','','','','','','','','','','','','','','','','','','','','','','','','','',''),(139,'1058 TECHNOBLOCK','Adhesive','1058-technoblock','Cementitious masonry mortar for bonding high water absorbing construction elements like aerated concrete.\r\n</br>\r\nThere is a version with Wintertech technology which can be used safely between (-10 C) - (+ 35 C) for continued application in winter conditions.','images/products/1058.jpg','','published',42,'manuals/products/20210517142941473_1058_Technoblock_TDS_English.pdf','','2022-03-27 09:02:03.591533','2022-10-29 12:24:33.049394',1,6,'25KG','','','','','','','','','','','','','','','','','','','','','','','','','','','','','','','','','','','','','','',''),(140,'1059 ULTRATECH','Adhesive','1059-ultratech','Two component, high performance cementitiousflexible adhesive with extra fast setting, reduced slipand extended open time for ceramic tiles and stones','images/products/20210319160957594_1059Ultratech_370x275_full_TipVMDv.jpg','','published',41,'manuals/products/20210531160302612_1059_Ultratech_TDS_English.pdf','','2022-03-27 09:09:45.315566','2022-09-19 13:11:38.358253',1,6,'25KG','','','','','','','','','','','','','','','','','','','','','','','','','','','','','','','','','','','','','','',''),(141,'1060 TECHNOMAX30','Adhesive','1060-technomax-30','Two component, high performance cementitious flexible adhesive with reduced slip and extended opentime for ceramic tiles and stones.','images/products/20210812090504375_1060_370x275_full.jpg','','published',40,'manuals/products/20210319164504678_1060_Technomax_30_TDS_English.pdf','','2022-03-27 09:13:24.635614','2022-09-19 13:13:11.940568',1,6,'25KG','','','','','','','','','','','','','','','','','','','','','','','','','','','','','','','','','','','','','','',''),(142,'1062 TECHNOPOOL','Adhesive','1062-technopool','High performance, flexible, water resistant cementitious adhesive with extended open time and reduced slip for ceramic tiles and stones.','images/products/20210319161119548_1062Technopool_370x275_full.jpg','','published',39,'manuals/products/20210526123843679_1062_Technopool_TDS_English.pdf','','2022-03-27 09:19:47.755510','2022-09-19 13:13:40.915245',1,6,'25KG','','','','','','','','','','','','','','','','','','','','','','','','','','','','','','','','','','','','','','',''),(143,'PROFESYONEL FLEX','Adhesive','profesyonel-flex','High performance cementitious adhesive with extended open time and reduced slip.','images/products/20210812090316155_Profesyonel_flex_20kg_beyaz_370x275_full.jpg','','published',1,'manuals/products/20210527094920747_Profesyonel_Flex_TDS_English.pdf','','2022-03-27 09:25:56.538940','2022-09-20 07:19:40.569758',1,6,'25KG','','','','','','','','','','','','','','','','','','','','','','','','','','','','','','','','','','','','','','',''),(144,'FUGA 2000','Tile Grout','fuga2000','Cement based grout for 1 to 6 mm joints. Fields of Application Interior floor and wall grouting of ceramic tiles, marble, natural, stone glass mosaics, for 1-6 mm joints.','images/products/2000fugaset.png','','published',29,'manuals/products/20200824135228717_2000_Fuga_TDS_English.pdf','','2022-03-27 09:41:17.072093','2022-09-20 07:15:39.067848',1,14,'20KG,5KG','','','','','','','','','','','','','','','','','','','','','','','','','','','','','','','','','','','','','','',''),(145,'2200 ULTRAFUGA','Tile Grout','2200-ultrafuga','High performance (high resistance to abrasion and reduced water absorption), cementitious, silicone enhanced, grout for 1 to 6 mm joints.','images/products/2200Ultrafugaset.png','','published',2,'manuals/products/20210531160156758_2200_Ultrafuga_TDS_English.pdf','','2022-03-27 09:48:27.048232','2022-09-19 13:20:53.668721',1,14,'20KG,5KG','','','','','','','','','','','','','','','','','','','','','','','','','','','','','','','','','','','','','','',''),(146,'2300 FUGAFLEX','Tile Grout','2300-fugaflex','High performance (high resistance to abrasion and reduced water absorption), cementitious flexible grout for 1 to 6 mm joints.','images/products/2300Fugaflexset.png','','published',2,'manuals/products/20200922112908211_2300_Fugaflex_TDS_English.pdf','','2022-03-27 09:52:57.759341','2022-09-23 12:35:21.803646',1,14,'20KG','','','','','','','','','','','','','','','','','','','','','','','','','','','','','','','','','','','','','','',''),(147,'2500 ULTRAFUGA FLEX','Tile Grout','2500-ultrafuga-flex','High performance (high resistance to abrasion and reduced water absorption), cementitious, silicone enhanced, grout for 2 to 20 mm joints.','images/products/2500Ultrafugaflex.png','','published',28,'manuals/products/20200824135814030_2500_Ultrafuga_Flex_TDS_English.pdf','','2022-03-27 11:45:10.117238','2022-09-19 19:17:17.226941',1,14,'20KG','','','','','','','','','','','','','','','','','','','','','','','','','','','','','','','','','','','','','','',''),(148,'2600  FUGAFLEX','Tile Grout','2600-fugaflex','High performance (high resistance to abrasion and reduced water absorption), cementitious flexible grout for 6 to 20 mm joints.','images/products/2600Fugaflex.png','','published',2,'manuals/products/20200824135921190_2600_Fugaflex_TDS_English.pdf','','2022-03-27 11:50:19.167629','2022-09-24 20:47:20.058508',1,14,'20KG','','','','','','','','','','','','','','','','','','','','','','','','','','','','','','','','','','','','','','',''),(150,'2700  ULTRAFUGA FLEX TOZUMAZ','Tile Grout','2700-ultrafuga-flex-tozumaz','High performance (high resistance to abrasion and reduced water absorption), dust-free cementitious, silicone enhanced grout for 2 to 20 mm joints.','images/products/20210310105202170_2700UltraFugaflexTozumaz_370x275_full.jpg','','published',2,'manuals/products/20210816113145512_2700_Ultrafuga_Flex_Tozumaz_TDS_English.pdf','','2022-03-27 12:03:33.561511','2022-09-24 20:54:32.935472',1,14,'20KG','','','','','','','','','','','','','','','','','','','','','','','','','','','','','','','','','','','','','','',''),(151,'2900 FUGAPOOL','Tile Grout','2900-fugapool','High performance (high resistance to abrasion and reduced water absorption), cementitious flexible grout for 1 to 6 mm joints.','images/products/2900Fugapool_pLWF5yu.png','','published',27,'manuals/products/2900Fugapool.png','','2022-03-27 12:07:43.256554','2022-09-19 19:25:14.509096',1,14,'20KG','','','','','','','','','','','','','','','','','','','','','','','','','','','','','','','','','','','','','','',''),(152,'2400 FUGAFLEX RAPID','Tile Grout','2400-fugaflex-rapid','High performance, high resistance to abrasion and reduced water absorption, rapid setting cementitious flexible grout for 2 to 20 mm joints.','images/products/20200819162804607_2400_370x275_full.jpg','','published',2,'manuals/products/20200825092314948_2400_Fugaflex_Rapid_TDS_English.pdf','','2022-03-28 08:30:49.130352','2022-09-23 12:35:51.792809',1,14,'5KG','','','','','','','','','','','','','','','','','','','','','','','','','','','','','','','','','','','','','','',''),(153,'2954  EPOTECH +','Tile Grout','2954-epotech','Three-component, solvent-free, epoxy-resin-based, chemical resistant, easy-cleanable grout.','images/products/20191025153734855_epotechplus_370x275_full.jpg','','published',26,'manuals/products/20210518191956173_2954_Epotech_Plus_TDS_English.pdf','','2022-03-28 09:10:24.784888','2022-09-19 19:26:08.772999',1,14,'5KG','','','','','','','','','','','','','','','','','','','','','','','','','','','','','','','','','','','','','','',''),(154,'3001 IZOSTOP','waterproofing','3001-izostop','Sealing mortar containing mineral filling and special cement, applicable as powder and mortar, water resistant, instant dry, actively preventing water leaks.','images/products/20191025150726781_3001izostop5_370x275_full.jpg','','published',60,'manuals/products/20210305191536832_3001_Izostop_TDS_English.pdf','','2022-03-28 09:42:16.949602','2022-09-19 19:27:30.935974',1,2,'5KG','','','','','','','','','','','','','','','','','','','','','','','','','','','','','','','','','','','','','','',''),(155,'3023 IZOLATEX','waterproofing','3023-izolatex','Suitable for use in contact of water according to BS 6920 Description Two component, flexible cementitious waterproofing compound for interior and exterior concrete and masonry structural elements.','images/products/3023izolatexset.png','','published',57,'manuals/products/20210422140612164_3023_Izolatex_TDS_English.pdf','','2022-03-28 10:20:03.591902','2022-09-19 19:35:38.109944',1,2,'20KG,5KG','','','','','','','','','','','','','','','','','','','','','','','','','','','','','','','','','','','','','','',''),(156,'3024 IZOLATEX PLUS','waterproofing','3024-izolatex-plus','Suitable for use in contact of water according to BS 6920 Description Highly flexible waterproofing compound having high resistance to salts for interior and exterior applications, composed of emulsion polymer based liquid and waterproofing, workability improving additives containing cementitious powder components.','images/products/3024izolatexplusset.png','','published',56,'manuals/products/20210305191817385_3024_Izolatex_Plus_TDS_English.pdf','','2022-03-28 10:25:50.779193','2022-09-19 19:36:17.329992',1,2,'20KG 10KG','','','','','','','','','','','','','','','','','','','','','','','','','','','','','','','','','','','','','','',''),(157,'3027 IZOLATEX UV','waterproofing','3027-izolatex-uv','Two component, flexible, effective salt and carbondioxide impermeability providing, UV resistant cementitious waterproofing compound for interior and exterior concrete and masonry structural elements.','images/products/3027izolatexUvset.png','','published',55,'manuals/products/20210305191856478_3027_Izolatex_UV_TDS_English.pdf','','2022-03-28 10:36:10.890088','2022-09-19 19:38:34.831406',1,2,'25KG 8KG','','','','','','','','','','','','','','','','','','','','','','','','','','','','','','','','','','','','','','',''),(158,'3131 ELASTIKOR','waterproofing','3131-elastikor','Acrylic emulsion based, one component, brush or roller applicable, elastic waterproofing material.','images/products/20210812091105270_20190422133837415_3131Elastikor_Urun_370x275_full_370x275_full.jpg','','published',51,'manuals/products/20210305192330684_3131_Elastikor_TDS_English.pdf','','2022-03-28 10:43:02.014529','2022-09-19 19:44:57.888671',1,2,'20KG','','','','','','','','','','','','','','','','','','','','','','','','','','','','','','','','','','','','','','',''),(159,'3151 ELASTICOOL','waterproofing','3151elasticool','Acrylic dispersion based, one component, liquid plastic coating and waterproofing material which is highly elastic, and saves energy by reflecting radial heat energy on surface of roofs.','images/products/3151elasticool.png','','published',50,'','','2022-03-28 10:50:34.937022','2022-09-19 19:46:36.003954',1,2,'20KG','','','','','','','','','','','','','','','','','','','','','','','','','','','','','','','','','','','','','','',''),(160,'3501 KALEKIM WATERPROOFING TAPE','waterproofing','3501-kalekim-waterproofing-tape','Thermoplastic elastomeric waterproofing tape with polyurethane membrane, polyester knit or polyester textile fabric reinforcement, for wall and base connections, expansion and construction joints.','images/products/20191122082647076_tip_3_bah_bant_370x275_full.jpg','','published',40,'manuals/products/20210526123956633_3501_Kalekim_Waterproofing_Tape_TDS_English.pdf','','2022-03-28 11:03:23.795423','2022-09-19 19:54:52.832177',1,2,'60 M','','','','','','','','','','','','','','','','','','','','','','','','','','','','','','','','','','','','','','',''),(161,'3502 KALEKIM WATERPROFING DAPE','waterproofing','3502-kalekimwaterproofingdape','Thermoplastic elastomeric waterproofing tape for wall and base connections, expansion and construction joints.','images/products/3502DilatasyonBandi.png','','published',39,'manuals/products/20210305193212901_3502_Kalekim_Dilatation_Tape_TDS_English.pdf','','2022-03-28 11:08:53.342843','2022-09-19 20:03:39.596897',1,2,'20 M','','','','','','','','','','','','','','','','','','','','','','','','','','','','','','','','','','','','','','',''),(162,'3111 ELASTISER','waterproofing','3111-elastiser','Acrylic emulsion elastomeric resin based, one component, ready to use, elastic and liquid under-tile waterproofing material','images/products/3111elastiser.png','','published',52,'manuals/products/20210305192259034_3111_Elastiser_TDS_English.pdf','','2022-03-28 11:23:01.533272','2022-09-19 19:43:43.581876',1,2,'25KG','','','','','','','','','','','','','','','','','','','','','','','','','','','','','','','','','','','','','','',''),(163,'IZOLINE 100','waterproofing','izoline-100',' 3-layer super-elastic waterproofing membrane consisting of modified polyethylene film laminated in between polypropylene felt of high alkali resistance to be applied prior to the coating of materials, such as tile and natural stone, both in internal and external environments','images/products/20191025152604559_izoline100_370x275_full.jpg','','published',41,'manuals/products/20210305193348600_Izoline_100_TDS_English.pdf','','2022-03-28 11:25:38.357365','2022-09-20 07:16:29.134326',1,2,NULL,'','','','','','','','','','','','','','','','','','','','','','','','','','','','','','','','','','','','','','',''),(164,'3022 IZOLATEX 1K','waterproofing','3022-izolatex-1k',' Izolatex 1K is an one-component, cement based, crack-bridging flexible mortar, wh,ch is modified with waterproofing and workability improving additives used for interior and exterior applications.','images/products/20191230154646663_Izolatex1k_370x275_full.jpg','','published',58,'manuals/products/20210305191748870_3022_Izolatex_1K_TDS_English.pdf','','2022-03-28 11:28:47.586059','2022-09-19 19:33:26.486754',1,2,'20KG','','','','','','','','','','','','','','','','','','','','','','','','','','','','','','','','','','','','','','',''),(165,'3503 IZOSWELL','waterproofing','3503-izoswell','Izoswell is a hdyrophilic swell strip consisting of an acrylate based polymer swelling substance embedded in a butylene copolymer based thermoplastic elastomer.','images/products/20210812090210393_izoswell_370x275_full.jpg','','published',38,'manuals/products/20210305193245577_3503_Izoswell_TDS_English.pdf','','2022-03-28 12:17:07.975547','2022-09-19 19:57:08.593195',1,2,NULL,'','','','','','','','','','','','','','','','','','','','','','','','','','','','','','','','','','','','','','',''),(166,'T-POL 3400','epoxy and polyurethane','t-pol-3400','T-POL 3400, is a low viscosity, solvent-free, two components, liqud, multi-purpose polyurethane based coating and \r\nwaterproofing material.','images/products/WhatsApp_Image_2022-09-12_at_4.11.45_PM.jpeg','','published',4,'manuals/products/T-POL_3400_3uxdaYu.pdf','','2022-03-29 06:47:39.653806','2022-09-12 13:12:59.427949',4,4,'20KG','','','','','','','','','','','','','','','','','','','','','','','','','','','','','','','','','','','','','','',''),(167,'4041 KALEKIM FINISH PLASTER','plaster','4041-kalekim-finish-plaster','Cement based finish plaster mortar developed with special additives that is suitable for manual or mechanical application.','images/products/20210812085731095_4041_ince_siva_370x275_full.jpg','','published',70,'manuals/products/20210517152113266_4041_Kalekim_Ince_Siva_Finish_Plaster_TDS_English.pdf','','2022-03-29 06:56:37.216002','2022-09-23 12:45:25.166447',1,11,'25KG','','','','','','','','','','','','','','','','','','','','','','','','','','','','','','','','','','','','','','',''),(168,'4009  MACUNART','PLASTER','4009-macunart','Cement based, fine, white, surface smoothening putty formulated for smoothing the uneven concrete and mineral surfaces, filling up the hair cracks and for covering interior and exterior surface defects','images/products/20191025160419314_Kalemacunart_370x275_full.jpg','','published',68,'manuals/products/20210122181408329_4009_Macunart_TDS_English.pdf','','2022-03-29 06:59:58.891907','2022-09-23 12:42:12.316182',1,11,'25KG','','','','','','','','','','','','','','','','','','','','','','','','','','','','','','','','','','','','','','',''),(169,'fn-50','Thermal Insulation Plaster','fn50','Cement based, expanded glass bead granule filled, polymer reinforced, special ,exterior and interior thermal insulation\r\nplaster.','images/products/41v342bLL._SX342__zM1cffm.jpg','','published',10,'manuals/products/MOMENTUM_FN50--_jUr3dBz.pdf','','2022-03-29 07:06:52.973051','2022-10-30 09:15:09.436476',4,11,'20KG','','Wall /Floor','','','','White','','','','','5 kg/m2 (1cm thickness)','','','','','','','','','','15-16 lt water','','','','','','','','','','','','','','','Expanded Glass Plaster','','20',''),(170,'FN-25','plaster','FN25-Plaster','Cement based, expanded glass bead granule filled, polymer reinforced, special ,exterior and interior thermal insulation plaster.','images/products/FN25_1QSYKlq.jpg','','published',9,'manuals/products/MOMENTUM_FN25_283g26g.pdf','','2022-03-29 07:49:44.642470','2022-09-23 12:47:36.485416',4,11,'20KG','','','','','','','','','','','','','','','','','','','','','','','','','','','','','','','','','','','','','','',''),(171,'M COAT DECOR','plaster','mcoatdecorPLASTER','Polymer emulsion based, line textured, trowel applied, \r\ncoarse, ready mixed interior and exterior plaster.','images/products/HiTech_M-COAT-DECOR_fine-Mideum-Corse_2mgcwXZ.jpg','','published',3,'manuals/products/Hitech_M-Coat_-DECOR_C7D4okH.pdf','','2022-03-29 07:58:50.274471','2022-09-20 07:17:02.201440',4,11,'20KG','','','','','','','','','','','','','','','','','','','','','','','','','','','','','','','','','','','','','','',''),(172,'4001 TAMIRART 5','Repair','4001Tamirart5','Indoor and outdoor rendering and levelling mortar for walls, floors and ceilings in thickness from 1 to 10 mm.','images/products/4001Tamirart5.png','','published',70,'manuals/products/20210305190210399_4001_Tamirart_5_TDS_English.pdf','','2022-03-29 08:07:03.547126','2022-09-19 19:58:29.671392',1,9,'25KG','','','','','','','','','','','','','','','','','','','','','','','','','','','','','','','','','','','','','','',''),(173,'4004 TAMIRART S40','Repair','4004TamirartS40','Sulphate and chloride resistant, cement based thixotropic structural repair mortar having polymer and fiber addition.','images/products/4004TamirartS40.png','','published',69,'manuals/products/20210305190446544_4004_Tamirart_S40_TDS_English.pdf','','2022-03-29 08:10:58.093205','2022-09-19 20:01:40.988361',1,9,'25KG','','','','','','','','','','','','','','','','','','','','','','','','','','','','','','','','','','','','','','',''),(174,'4201 MASTAR 10','Repair','4201-mastar-10','Self levelling flooring compound smoothing the differences in thicknesses from 2.5 to 10 mm on new and existing interior floors where a high resistance to loads and traffic is required.','images/products/4201Mastar10.png','','published',62,'manuals/products/20210305190701053_4201_Mastar_10_TDS_English.pdf','','2022-03-29 08:16:04.468904','2022-09-19 20:11:27.445595',1,9,'25KG','','','','','','','','','','','','','','','','','','','','','','','','','','','','','','','','','','','','','','',''),(175,'4507 B-TONE','Repair','4507-b-tone','Solvent - free, polymer dispersion based, pigmented, smooth concrete surface primer.','images/products/4507B-tone.png','','published',57,'manuals/products/20210517143105435_4507_B-Tone_TDS_English.pdf','','2022-03-29 08:22:35.372414','2022-09-19 20:17:20.816556',1,9,'25KG','','','','','','','','','','','','','','','','','','','','','','','','','','','','','','','','','','','','','','',''),(176,'4505 KALEIKIM ASTAR','Repair','4505-kalekim-astar','Ready to use acrylic based primer.','images/products/4505AstarBidon.png','','published',59,'manuals/products/20210305190915823_4505_Kalekim_Astar_TDS_English.pdf','','2022-03-29 08:27:55.449125','2022-09-19 20:15:24.761911',1,9,'5lt','','','','','','','','','','','','','','','','','','','','','','','','','','','','','','','','','','','','','','',''),(179,'SMOOTY PASTE POWDER','plaster','smootypastepowder','Cement based, micronized glass granulate filled, \r\nflexible, exterior and interior fill and surface correction \r\nputty.','images/products/WhatsApp_Image_2022-09-12_at_3.36.17_PM.jpeg','','published',4,'','','2022-03-29 08:56:39.847224','2022-09-20 07:20:41.891744',4,11,'20KG','','','','','','','','','','','','','','','','','','','','','','','','','','','','','','','','','','','','','','',''),(180,'M COAT SMOOTY SURFACE','plaster','mcoatsmootysurface','Acrylic copolymer emulsion based, micronized glass granulate filled, flexible, exterior and interior fill and surface correction putty.','images/products/HiTech_M-COAT_SMOOTY_CQDvBzT.jpg','','published',4,'manuals/products/Hitech_M-Coat_-SMOOT_PAST-LF_2_yUEsYFH.pdf','','2022-03-29 09:00:08.548836','2022-09-19 11:08:33.139316',4,11,'20KG','','','','','','','','','','','','','','','','','','','','','','','','','','','','','','','','','','','','','','',''),(181,'TECNICA  32 DS','floring solution','tecnica-32-ds',' Cementitious, quartz aggregate containing, dry shake, ready to use surface hardener for the surfaces exposed to medium-heavy wear.','images/products/Technica32DS.png','','published',59,'manuals/products/20210602154919886_Tecnica_32_DS_TDS_English.pdf','','2022-03-29 11:09:13.467682','2022-09-20 07:23:36.916685',1,3,'25KG','','','','','','','','','','','','','','','','','','','','','','','','','','','','','','','','','','','','','','',''),(182,'TECNICA  34 DS','floring solution','tecnica-34-ds','Cementitious, corundum and specially selected aggregate mix containing, dry shake, ready to use surface hardener for the surfaces exposed to medium-heavy wear.','images/products/Technica34DS.png','','published',58,'manuals/products/20210602154409582_Tecnica_34_DS_TDS_English.pdf','','2022-03-29 11:24:03.708302','2022-09-20 07:24:01.712939',1,3,'25KG','','','','','','','','','','','','','','','','','','','','','','','','','','','','','','','','','','','','','','',''),(183,'TECNICA 132','floring solution','tecnica-132','Two component, low viscosity, solvent free, epoxy based primer','images/products/Tecnica132.png','','published',2,'manuals/products/20210614173732185_Tecnica_132_TDS_English.pdf','','2022-03-29 11:32:30.427779','2022-09-20 07:22:15.051377',1,3,'20KG','','','','','','','','','','','','','','','','','','','','','','','','','','','','','','','','','','','','','','',''),(184,'TECNICA  242 SL','floring solution','tecnica-242-sl','Two component, solvent free, epoxy based self smoothening and broadcast system coating material.','images/products/Tecnica242SL.png','','published',3,'manuals/products/20210305194224962_Tecnica_242_SL_TDS_English.pdf','','2022-03-29 11:39:45.110691','2022-09-20 07:22:51.445026',1,3,'20KG','','','','','','','','','','','','','','','','','','','','','','','','','','','','','','','','','','','','','','',''),(185,'TECNICA  332','floring solution','tecnica-332','Two component, solvent free, epoxy coating applied by roller.','images/products/Tecnica332.png','','published',4,'manuals/products/20210305194253578_Tecnica_332_TDS_English.pdf','','2022-03-29 12:23:38.341639','2022-09-20 07:23:16.690140',1,3,'20KG','','','','','','','','','','','','','','','','','','','','','','','','','','','','','','','','','','','','','','',''),(186,'T-POX 2600','flooring solution','tpox2600','is a low viscosity, two-part epoxy resin based primer.','images/products/WhatsApp_Image_2022-09-12_at_4.17.07_PM.jpeg','','published',1,'manuals/products/T-POX_2600_______________TWO_COMPONENT_EPOXY_RESIN_BASED_PRIMER_F5w3LCS.pdf','','2022-03-30 06:39:08.684635','2022-09-12 13:20:54.040901',4,3,'18KG','','','','','','','','','','','','','','','','','','','','','','','','','','','','','','','','','','','','','','',''),(187,'T-POX 3300','floring solution','t-pox-3300','is a solvent free, two-part epoxy resin based floor and wall paint and coating.','images/products/WhatsApp_Image_2022-09-12_at_4.41.47_PM.jpeg','','published',1,'manuals/products/T-POX_3300_-WT____EPOXY_BASED_HYGIENIC_TOPCOAT_AND_PAINT.pdf','','2022-03-30 06:43:25.222877','2022-09-12 13:43:09.017816',4,3,'20KG','','','','','','','','','','','','','','','','','','','','','','','','','','','','','','','','','','','','','','',''),(188,'T-POX 3100','floring solution','t-pox3100','is a low viscosity, solvent-free, two components, self-leveling, multi-purpose epoxy based coating.','images/products/WhatsApp_Image_2022-09-12_at_4.33.44_PM.jpeg','','published',1,'manuals/products/T-POX_3100______________TWO_COMPONENT_SOLVENT_FREE_EPOXY_BASED_SELF-LEV_MjF5gNn.pdf','','2022-03-30 06:49:30.806919','2022-09-12 13:34:16.290430',4,3,'15KG','','','','','','','','','','','','','','','','','','','','','','','','','','','','','','','','','','','','','','',''),(189,'T-POX  3400 CR','flooring solution','t-pox-3400-cr','T-POX 3400 CR, chemical resistant, solvent-free, two-component epoxy resin','images/products/TPOL-3400_v40JDLF.png','','published',1,'manuals/products/T-POL_3400_JeolCNJ.pdf','','2022-03-30 06:52:49.807643','2022-03-30 06:52:49.807697',4,3,'25KG','','','','','','','','','','','','','','','','','','','','','','','','','','','','','','','','','','','','','','',''),(190,'T-POX 2200','flooring solution','t-pox2200','T-POX 2200, is a low viscosity, moisture tolerant, solvent free, two component epoxy resin based primer with high \r\nadhesion capability to moist concrete and mineral substrates.','images/products/WhatsApp_Image_2022-09-12_at_4.29.13_PM.jpeg','','published',1,'manuals/products/T-POX_2200_USYEpSG.pdf','','2022-03-30 06:55:17.720928','2022-09-12 13:30:18.757688',4,3,'20KG','','','','','','','','','','','','','','','','','','','','','','','','','','','','','','','','','','','','','','',''),(191,'T-POX 2000','flooring solution','tpox2000','T-POX 2000 , is a low viscosity, solvent free two-part epoxy resin based primer.','images/products/WhatsApp_Image_2022-09-12_at_4.25.32_PM.jpeg','','published',1,'','','2022-03-30 07:09:51.840814','2022-09-12 13:26:49.572507',4,3,'20KG','','','','','','','','','','','','','','','','','','','','','','','','','','','','','','','','','','','','','','',''),(192,'EPOXY JOINT T-POX 3700','flooring solution','epoxyjointtpox-3700','T-POX 3700, is a low viscosity, solvent-free, two components, epoxy based preparation and top coat floor coating.','images/products/EPOXY_JOINT_T-POX_3700.jpg','','published',1,'','','2022-03-30 07:11:53.928646','2022-09-12 12:06:19.261859',4,3,'20KG','','','','','','','','','','','','','','','','','','','','','','','','','','','','','','','','','','','','','','',''),(193,'BRCL1010 - SUPER AYNA PASLANMAZ CELIK BORDUR  PROFILER','Tiles profile','brcl10-super-ayna-paslanmaz-celik-bordur-profiller','BRCL1010 - 10 mm Stainless Steel Border (Mirror Mirror)\r\nBRCL1510 - 15 mm Stainless Steel Border (Super Mirror)\r\nBRCL2310 - 23 mm Stainless Steel Border (Super Mirror)\r\nBRCL3010 - 30 mm Stainless Steel Border (Super Mirror)\r\nBRCL4010 - 40 mm Stainless Steel Border (Super Mirror)\r\nBRCL5010 - 50 mm Stainless Steel Border (Super Mirror)','images/products/image5931251b481cd.jpg','','published',500,'','','2022-04-02 08:27:12.333186','2022-09-20 06:44:22.012657',7,12,'10 ad','','','','','','','','','','','','','','','','','','','','','','','','','','','','','','','','','','','','','','',''),(194,'BRCK 3064','tile profile','brck-3064','','images/products/image593133e014806.jpg','','published',490,'','','2022-04-02 09:44:36.337645','2022-04-07 11:52:56.462849',7,12,'30MM','','','','','','','','','','','','','','','','','','','','','','','','','','','','','','','','','','','','','','',''),(195,'BRCK3012','tile profile','brck3012','BRCK3011 30 mm kristal serisi bordr profilleri (sper ayna)\r\nBRCK3021 30 mm kristal serisi bordr profilleri (ayna sar)\r\n\r\nBRCK3061 30 mm kristal serisi bordr profilleri (ayna bakr)','images/products/image593133dfb492d.jpg','','published',490,'','','2022-04-02 11:09:22.725415','2022-04-07 11:53:12.314895',7,12,'30MM','','','','','','','','','','','','','','','','','','','','','','','','','','','','','','','','','','','','','','',''),(196,'BRCK3013','tile profile','brck3013','BRCK3013 - Damla serisi kabartmal bordr profilleri (sper ayna)\r\nBRCK3023 - Damla serisi kabartmal bordr profilleri (ayna sar)\r\nBRCK3063 - Damla serisi kabartmal bordr profilleri (ayna bakr)','images/products/image59316381e2863.jpg','','published',490,'','','2022-04-02 11:18:03.798731','2022-04-07 11:53:27.957981',7,12,'30MM','','','','','','','','','','','','','','','','','','','','','','','','','','','','','','','','','','','','','','',''),(197,'FPSOE1010','tile profile','fcpsoe1010','','images/products/image6086aff3d8df4.jpg','','published',480,'','','2022-04-02 11:49:31.669075','2022-04-07 11:54:27.385019',7,12,'14 MM','','','','','','','','','','','','','','','','','','','','','','','','','','','','','','','','','','','','','','',''),(198,'FPSOE1020','tile profile','fcpsoe1020','FPSOE1020-FPSOE1220-FPSOE1420','images/products/image6086aff1899db.jpg','','published',480,'','','2022-04-02 12:00:43.293356','2022-04-07 11:54:38.128560',7,12,'30MM','','','','','','','','','','','','','','','','','','','','','','','','','','','','','','','','','','','','','','',''),(199,'FPSE-1010','tile profile','fcpse1010','FPSE1010-FPSE1210-FPSE1410','images/products/image60abc5d2e8c9b.jpg','','published',470,'','','2022-04-02 12:43:08.644491','2022-04-07 11:55:47.018668',7,12,'10MM','','','','','','','','','','','','','','','','','','','','','','','','','','','','','','','','','','','','','','',''),(200,'FCPSE1060','tile profile','fcpse1060','FCPSE1260 FCPSE1460','images/products/image60abc5d299c61.jpg','','published',470,'','','2022-04-03 08:28:43.350604','2022-04-07 11:55:59.941278',7,12,'10MM','','','','','','','','','','','','','','','','','','','','','','','','','','','','','','','','','','','','','','',''),(201,'BRDA3010 - 30 mm ALUMINIUM CONVEX BORDER PROFILES','tile profile','brda3010-30-mm-aluminium-convex-border-profiles','BRDA30 50','images/products/image609927454e47b.jpg','','published',440,'','','2022-04-03 09:03:08.529066','2022-09-20 06:45:49.464594',7,12,'30MM','','','','','','','','','','','','','','','','','','','','','','','','','','','','','','','','','','','','','','',''),(202,'FPS1010','tile profile','fcpsi1010','FPS1010-FPS1210-FPS1410','images/products/image608690597d317.jpg','','published',460,'','','2022-04-03 09:59:51.996156','2022-04-07 11:56:31.238799',7,12,'10MM','','','','','','','','','','','','','','','','','','','','','','','','','','','','','','','','','','','','','','',''),(203,'FPS1060','tile profile','fcpsi1060','FPS1060 FPS1260 FPS 1460','images/products/image6086906df162d.jpg','','published',460,'','','2022-04-03 10:05:50.519413','2022-04-07 11:56:41.958641',7,12,'10MM','','','','','','','','','','','','','','','','','','','','','','','','','','','','','','','','','','','','','','',''),(204,'FCDP08','tile profile','fcdp08','FCDP085  FCDP10  FCDP11  FCDP 13','images/products/image611b8f4b402ef.jpg','','published',430,'','','2022-04-03 11:10:10.218178','2022-04-07 12:00:37.361624',7,12,'8MM','','','','','','','','','','','','','','','','','','','','','','','','','','','','','','','','','','','','','','',''),(205,'PSLPR2070','tile profile','pslpr2070','PSLPR 3070 PSLPR 4070 PSLPR 5070','images/products/image611b6966226ab.jpg','','published',450,'','','2022-04-03 11:20:56.850152','2022-04-07 11:58:53.058394',7,12,'30MM','','','','','','','','','','','','','','','','','','','','','','','','','','','','','','','','','','','','','','',''),(206,'DLTA3010','tile profile','dlta3010','','images/products/image6086cc61a1aeb.jpg','','published',320,'','','2022-04-03 11:38:23.328541','2022-09-17 09:22:24.683085',7,12,'30MM','','','','','','','','','','','','','','','','','','','','','','','','','','','','','','','','','','','','','','',''),(207,'DLTA5010','tile profile','dlta5010','','images/products/image6086c90be437f.jpg','','published',320,'','','2022-04-03 11:40:03.514044','2022-04-10 07:18:58.631115',7,12,'30MM','','','','','','','','','','','','','','','','','','','','','','','','','','','','','','','','','','','','','','',''),(208,'DLTA5020','tile profile','dlta5020','','images/products/image6098e3a93fbdb.jpg','','published',320,'','','2022-04-03 11:44:02.962433','2022-04-10 07:19:07.813480',7,12,'30MM','','','','','','','','','','','','','','','','','','','','','','','','','','','','','','','','','','','','','','',''),(209,'DLTU3010','tile profile','dltu3010','','images/products/image6086d235611f3.jpg','','published',320,'','','2022-04-03 11:52:23.512242','2022-04-10 07:13:00.259771',7,12,'30MM','','','','','','','','','','','','','','','','','','','','','','','','','','','','','','','','','','','','','','',''),(210,'DLTU3020','tile profile','dltu3020','','images/products/image6098ef89c0b4f.jpg','','published',320,'','','2022-04-03 11:54:01.656247','2022-04-10 07:13:11.366913',7,12,'30MM','','','','','','','','','','','','','','','','','','','','','','','','','','','','','','','','','','','','','','',''),(211,'GPRO10','tile profile','gpro10','','images/products/image60812dc6482d0.jpg','','published',380,'','','2022-04-04 06:40:40.740336','2022-04-10 07:03:03.423870',7,12,'10MM','','','','','','','','','','','','','','','','','','','','','','','','','','','','','','','','','','','','','','',''),(212,'LKFK10','tile profile','lkfk10','','images/products/image60b4914234cc0.jpg','','published',270,'','','2022-04-04 06:53:07.036231','2022-04-10 07:24:51.446562',7,12,'10MM','','','','','','','','','','','','','','','','','','','','','','','','','','','','','','','','','','','','','','',''),(213,'GNPS12','','gnps12','GNPS14\r\n14mm','images/products/image60ad0c0427660.jpg','','published',360,'','','2022-04-04 07:01:12.385931','2022-04-10 07:05:48.220970',7,12,'12mm','','','','','','','','','','','','','','','','','','','','','','','','','','','','','','','','','','','','','','',''),(214,'BRCL1020','tile profile','brcl1020','BRCL1520 - 15 mm \r\nBRCL2320 - 23 mm\r\nBRCL3020 - 30 mm \r\nBRCL4020 - 40 mm \r\nBRCL5020 - 50 mm','images/products/image5931251b902a3.jpg','','published',500,'','','2022-04-04 07:11:29.704085','2022-04-07 11:51:13.485728',7,12,'10MM','','','','','','','','','','','','','','','','','','','','','','','','','','','','','','','','','','','','','','',''),(215,'BRCL1060','tile profile','brcl1060','BRCL1560 - 15 mm\r\nBRCL2360-  23 mm \r\nBRCL3060 - 30mm\r\nBRCL4060 - 40 mm\r\nBRCL5060 - 50 mm','images/products/image5931251ba2a21.jpg','','published',500,'','','2022-04-04 07:18:14.268420','2022-04-07 11:51:28.920247',7,12,'10MM','','','','','','','','','','','','','','','','','','','','','','','','','','','','','','','','','','','','','','',''),(216,'BRCL1070','tile profile','brcl1070','BRCL1570 15 mm\r\nBRCL2370 23 mm\r\nBRCL3070 30 mm\r\nBRCL4070 40 mm\r\nBRCL5070 50 mm','images/products/image5931251b7df9b.jpg','','published',500,'','','2022-04-04 07:32:31.722623','2022-04-07 11:51:46.875800',7,12,'10MM','','','','','','','','','','','','','','','','','','','','','','','','','','','','','','','','','','','','','','',''),(217,'BAPV - PVC BANTLI BASMAK PROFILE','tile profile','bapv-pvc-bantli-basamak-profili','1- black    2- brown  3- beige  4- gray \r\n\r\n BAPV08-BAPV11-BAPV13\r\n\r\n8 MM- 11 MM- 13 MM\r\n\r\n10 AD','images/products/image60a24c6b0077f.jpg','','published',300,'','','2022-04-04 07:59:56.787179','2022-09-20 06:42:16.976298',7,12,'13mm','','','','','','','','','','','','','','','','','','','','','','','','','','','','','','','','','','','','','','',''),(218,'GPRA50','','gpra50','','images/products/image60a39ad6cd018.jpg','','published',250,'','','2022-04-04 10:13:44.689719','2022-04-10 07:28:43.060063',7,12,'50 MM','','','','','','','','','','','','','','','','','','','','','','','','','','','','','','','','','','','','','','',''),(220,'GPRT25','tile profile','gprt25','','images/products/image602288a826d4d.jpg','','published',240,'','','2022-04-04 10:27:46.454267','2022-04-10 07:29:31.553937',7,12,'25MM','','','','','','','','','','','','','','','','','','','','','','','','','','','','','','','','','','','','','','',''),(221,'GPRTP15','tile profile','gprtp15-','','images/products/image60a3cadce7754_zHhKzXV.jpg','','published',240,'','','2022-04-04 10:32:00.281758','2022-04-10 07:29:47.088578',7,12,'15MM','','','','','','','','','','','','','','','','','','','','','','','','','','','','','','','','','','','','','','',''),(222,'LKFA10','tile profile','lkfa10','','images/products/image60a3623fc8e41.jpg','','published',260,'','','2022-04-04 12:01:25.736693','2022-04-10 07:28:12.161487',7,12,'10MM','','','','','','','','','','','','','','','','','','','','','','','','','','','','','','','','','','','','','','',''),(223,'BRDA3050','tile profile','brda3050','BRDA3050','images/products/image60993a3e3e473.jpg','','published',440,'','','2022-04-05 06:28:33.704778','2022-04-07 11:59:52.352687',7,12,'30MM','','','','','','','','','','','','','','','','','','','','','','','','','','','','','','','','','','','','','','',''),(224,'FPS1020','tile profile','fcps1020','FPS1020-FPS1220-FPS1420\r\n\r\n10 mm-12mm-14mm','images/products/image60715df1cd854.jpg','','published',1,'','','2022-04-05 06:40:35.414309','2022-09-17 09:23:04.152708',7,12,'10MM','','','','','','','','','','','','','','','','','','','','','','','','','','','','','','','','','','','','','','',''),(225,'FPS1070','tile profile','fcps1070','FPS1270 FPS1470 \r\n\r\n10 mm - 12 mm - 14 mm','images/products/image60715df294a2e.jpg','','published',470,'','','2022-04-05 06:43:13.084827','2022-04-10 07:42:11.266718',7,12,'10MM','','','','','','','','','','','','','','','','','','','','','','','','','','','','','','','','','','','','','','',''),(226,'FPSOE1060','tile profile','fcpsoe1060','FPSOE1060-FPSOE1260-FPSOE1460\r\n\r\n10 MM- 12 MM-14 MM','images/products/image6086b2c2d4af0.jpg','','published',480,'','','2022-04-05 06:48:53.527283','2022-04-07 11:54:50.195711',7,12,'10MM','','','','','','','','','','','','','','','','','','','','','','','','','','','','','','','','','','','','','','',''),(227,'FPSOE1070','tile profile','fcpsoe1070','FPSOE1070-FPSOE1270-FPSOE1470\r\n\r\n10 MM-12 MM-14 MM','images/products/image6086aff765ac2.jpg','','published',480,'','','2022-04-05 06:51:09.903155','2022-04-07 11:55:01.310221',7,12,'10MM','','','','','','','','','','','','','','','','','','','','','','','','','','','','','','','','','','','','','','',''),(228,'FA','','fcia','FA10-FA12  FA14 \r\n\r\n10 MM-12MM- 14MM','images/products/image611b942128fea.jpg','','published',410,'','','2022-04-05 07:00:13.364118','2022-04-07 12:02:20.250551',7,12,'10MM','','','','','','','','','','','','','','','','','','','','','','','','','','','','','','','','','','','','','','',''),(229,'FAK','tile profile','fciak','FAK10-FAK12  FAK14','images/products/image611b942167251.jpg','','published',410,'','','2022-04-05 07:03:35.679871','2022-04-07 12:02:31.210837',7,12,'10MM','','','','','','','','','','','','','','','','','','','','','','','','','','','','','','','','','','','','','','',''),(230,'FP12','tile profile','fcip12','01- White 02- Pink 03- Blue 04- Beige 05- Gray 06- Black 07- Coffee 08- Green','images/products/image611b90fd80d4f.jpg','','published',420,'','','2022-04-05 07:07:54.974075','2022-04-07 12:01:21.178878',7,12,'12 MM','','','','','','','','','','','','','','','','','','','','','','','','','','','','','','','','','','','','','','',''),(231,'FBA','tile profile','fcba','FBA4,5-FBA06-FBA08-FBA10-FBA12-FBA14-FBA18-FBA20-FBA30\r\n\r\n4,5 MM-6 MM-8 MM-10 MM-12 MM-14 MM-18 MM-20 MM-30 MM','images/products/image609916e9a33ce.jpg','','published',390,'','','2022-04-05 07:16:19.648386','2022-04-07 12:22:17.307663',7,12,'30MM','','','','','','','','','','','','','','','','','','','','','','','','','','','','','','','','','','','','','','',''),(232,'PSLPR2010','tile profile','pslpr2010','PSLPR2010 - 20x20 Paslanmaz L Profile (sperAyna) \r\nPSLPR3010 - 30x30 Paslanmaz L Profile (sperAyna) \r\nPSLPR4010 - 40x40 Paslanmaz L Profile (sperAyna) \r\nPSLPR5010 - 50x50 Paslanmaz L Profile (sperAyna)','images/products/image611b6966226ab_Oidnv00.jpg','','published',450,'','','2022-04-05 07:34:59.529711','2022-04-07 11:58:04.637585',7,12,'30MM','','','','','','','','','','','','','','','','','','','','','','','','','','','','','','','','','','','','','','',''),(233,'PSLPR2020','tile profile','pslpr2020','PSLPR2010 - 20x20 Stainless L Profile (Mirror Yellow)\r\n PSLPR3010 - 30x30 Stainless L Profile (Mirror Yellow)\r\n PSLPR4010 - 40x40 Stainless L Profile (Mirror Yellow)\r\n PSLPR5010 - 50x50 Stainless L Profile (Mirror Yellow)','images/products/image611b6965b16ef.jpg','','published',450,'','','2022-04-05 07:38:46.185155','2022-04-07 11:58:18.438440',7,12,'30MM','','','','','','','','','','','','','','','','','','','','','','','','','','','','','','','','','','','','','','',''),(234,'PSLPR2030','tile profile','pslpr2030','20X20 - 30X30 - 40X40 - 50X50','images/products/image611b6c199c43d.jpg','','published',450,'','','2022-04-05 07:43:29.445586','2022-04-07 11:58:30.148516',7,12,'30MM','','','','','','','','','','','','','','','','','','','','','','','','','','','','','','','','','','','','','','',''),(235,'PSLPR 2060','tile profile','pslpr-2060','PSLPR2010 - 20x20 Stainless L Profile (Mirror Copper)\r\n PSLPR3010 - 30x30 Stainless L Profile (Mirror Copper)\r\n PSLPR4010 - 40x40 Stainless L Profile (Mirror Copper)\r\n PSLPR5010 - 50x50 Stainless L Profile (Mirror Copper)','images/products/image611b6966ecd53.jpg','','published',450,'','','2022-04-05 07:48:51.169173','2022-04-07 11:58:42.850790',7,12,'30MM','','','','','','','','','','','','','','','','','','','','','','','','','','','','','','','','','','','','','','',''),(236,'FIO10','tile profile','fcio10','FIO10-10 MM ALUMINUM INNER CORNER PROFILE','images/products/image609a5de9e83c5.jpg','','published',400,'','','2022-04-05 08:01:56.891360','2022-04-07 12:04:55.103055',7,12,'10MM','','','','','','','','','','','','','','','','','','','','','','','','','','','','','','','','','','','','','','',''),(237,'FIOK','tile profile','fciok','FIOK10- 10 MM PARLAK ALMNYUM  KE FAYANS PROFL','images/products/image609a5de96e268.jpg','','published',400,'','','2022-04-05 08:07:37.479946','2022-04-07 12:05:05.570665',7,12,'10MM','','','','','','','','','','','','','','','','','','','','','','','','','','','','','','','','','','','','','','',''),(238,'GNPRF','tile profile','gnprf','6MM 7MM 8MM','images/products/image60ad097b4a8b8.jpg','','published',350,'','','2022-04-05 08:27:50.955472','2022-04-10 07:06:28.091444',7,12,'9x8 MM','','','','','','','','','','','','','','','','','','','','','','','','','','','','','','','','','','','','','','',''),(239,'GNALM','tile profile','gnalm','10 mm ALUMINUM EXPANSION PROFILES  \r\n12 mm ALUMINUM EXPANSION PROFILES   \r\n14 mm ALUMINUM EXPANSION PROFILES   \r\n20 mm ALUMINUM EXPANSION PROFILES','images/products/image60375c12aa29e.jpg','','published',370,'','','2022-04-05 08:31:59.867789','2022-04-10 07:04:10.750872',7,12,'20MM','','','','','','','','','','','','','','','','','','','','','','','','','','','','','','','','','','','','','','',''),(240,'MASTANO5','tile profile','mastano5','','images/products/image55645cf9515ea.jpg','','published',230,'','','2022-04-05 08:45:15.877508','2022-04-10 07:30:46.691717',7,12,'5MM','','','','','','','','','','','','','','','','','','','','','','','','','','','','','','','','','','','','','','',''),(241,'MASTANO7','tile profile','mastano7','','images/products/image55645d526e401.jpg','','published',230,'','','2022-04-05 08:48:54.100719','2022-04-10 07:30:54.146948',7,12,'7 MM','','','','','','','','','','','','','','','','','','','','','','','','','','','','','','','','','','','','','','',''),(242,'DLTK50100','tile profile','dltk50100','','images/products/image60a7aaf74791f.jpg','','published',310,'','','2022-04-06 06:45:16.266372','2022-04-10 07:20:31.903470',7,12,'50X100 MM','','','','','','','','','','','','','','','','','','','','','','','','','','','','','','','','','','','','','','',''),(243,'DLTK','tile profile','dltk','DLTK100- DLTK120','images/products/image60a7b02fe70ba.jpg','','published',310,'','','2022-04-06 06:48:16.120690','2022-04-10 07:20:01.802738',7,12,'120 MM','','','','','','','','','','','','','','','','','','','','','','','','','','','','','','','','','','','','','','',''),(244,'FKA','tile profile','fcka','FKA08-FKA10-FKA12','images/products/image609520509ee95.jpg','','published',390,'','','2022-04-06 06:55:18.670624','2022-04-07 12:05:43.215924',7,12,'12 MM','','','','','','','','','','','','','','','','','','','','','','','','','','','','','','','','','','','','','','',''),(245,'ARTI0101','tile profile','arti0101','','images/products/image595668227ebb4.jpg','','published',340,'','','2022-04-06 07:04:38.492528','2022-04-10 07:08:01.848629',7,12,'1MM','','','','','','','','','','','','','','','','','','','','','','','','','','','','','','','','','','','','','','',''),(246,'ARTI0202','tile profile','arti0202','','images/products/image555dd41877798.jpg','','published',340,'','','2022-04-06 07:09:56.262312','2022-04-10 07:08:20.350446',7,12,'2 MM','','','','','','','','','','','','','','','','','','','','','','','','','','','','','','','','','','','','','','',''),(247,'ARTI0201','tile profile','arti0201','','images/products/image555dd38b6acdf.jpg','','published',340,'','','2022-04-06 07:11:36.184034','2022-04-10 07:09:15.432779',7,12,'2 MM','','','','','','','','','','','','','','','','','','','','','','','','','','','','','','','','','','','','','','',''),(248,'ARTI0301','tile profile','arti0301','','images/products/image555dd4b07a039.jpg','','published',340,'','','2022-04-06 07:13:44.782832','2022-04-10 07:09:43.091502',7,12,'3 MM','','','','','','','','','','','','','','','','','','','','','','','','','','','','','','','','','','','','','','',''),(249,'ARTI0401','tile profile','arti0401','','images/products/image555dd555130c2.jpg','','published',340,'','','2022-04-06 07:15:18.116004','2022-04-10 07:09:57.202390',7,12,'4 MM','','','','','','','','','','','','','','','','','','','','','','','','','','','','','','','','','','','','','','',''),(250,'ARTI0501','tile profile','arti0501','','images/products/image555dd5dd60fbf.jpg','','published',340,'','','2022-04-06 07:16:36.483942','2022-04-10 07:10:52.880130',7,12,'5 MM','','','','','','','','','','','','','','','','','','','','','','','','','','','','','','','','','','','','','','',''),(251,'ARTI0801','tile profile','arti0801','','images/products/image555dd6990c2a8.jpg','','published',340,'','','2022-04-06 07:19:21.852852','2022-04-10 07:10:30.640986',7,12,'8 MM','','','','','','','','','','','','','','','','','','','','','','','','','','','','','','','','','','','','','','',''),(252,'ARTI1001','tile profile','arti1001','','images/products/image555dd71bd2b04.jpg','','published',340,'','','2022-04-06 07:21:17.336699','2022-04-10 07:11:03.965441',7,12,'10 MM','','','','','','','','','','','','','','','','','','','','','','','','','','','','','','','','','','','','','','',''),(253,'FTSF01 - FAYANS TESVIYE KLIPSI','tile profile','ftsf01-fayans-tesviye-klipsi','FTSF01-1 - 1 MM TESVYE KLPS\r\nFTSF01-1,5 - 1,5 MM TESVYE KLPS\r\nFTSF01-2 - 2 MM TESVYE KLPS\r\nFTSF01-3 - 3 MM TESVYE KLPS','images/products/image5814799fb08f4.jpg','','published',330,'','','2022-04-06 07:24:24.581004','2022-09-20 07:12:17.776829',7,12,'1MM','','','','','','','','','','','','','','','','','','','','','','','','','','','','','','','','','','','','','','',''),(254,'FTSF02 - FAYANS TESVIYE KAMASI','tile profile','ftsf02-fayans-tesviye-kamasi','','images/products/image5814741243a3c.jpg','','published',330,'','','2022-04-06 07:26:22.172394','2022-09-20 07:14:22.960402',7,12,NULL,'','','','','','','','','','','','','','','','','','','','','','','','','','','','','','','','','','','','','','',''),(255,'FTSF03 - FAYANS TESVIYE PENSESI','tile profile','ftsf03-fayans-tesviye-pensesi','','images/products/image611b5f5c83e2e.jpg','','published',330,'','','2022-04-06 07:28:16.942094','2022-09-20 07:10:54.405122',7,12,NULL,'','','','','','','','','','','','','','','','','','','','','','','','','','','','','','','','','','','','','','',''),(256,'FTTV-TWISTER FAYANS TESVIYE SITEMI','tile profile','fttv-twister-fayans-tesviye-sitemi','FTTV01-1 - 1 MM FAYANS TESVYE VDASI\r\nFTTV01-2 - 2 MM FAYANS TESVYE VDASI\r\nFTTV02-1 - TWSTER TESVYE SIKMA SOMUNU','images/products/image611b5b837b2b5.jpg','','published',330,'','','2022-04-06 07:30:21.374897','2022-09-20 07:15:21.105091',7,12,NULL,'','','','','','','','','','','','','','','','','','','','','','','','','','','','','','','','','','','','','','',''),(257,'DLTU5020','tile profile','dltu5020','','images/products/image6099096fd98b7.jpg','','published',320,'','','2022-04-06 07:42:48.220446','2022-04-10 07:13:19.634043',7,12,'50 MM','','','','','','','','','','','','','','','','','','','','','','','','','','','','','','','','','','','','','','',''),(258,'PVC L PROFILLER','tile profile','pvc-l-profiller','601 - Pear / 602 - White /  603 - Ivory / 604 - Pistachio Green / 605 - Gray / 606 - Coffee / 607 - Beech / 608 - Cherry / 609 - Red / 610 - Navy Blue /  611 - Blue / 612 - Oak / 613 - Pink / 614 - Black / 615 - Coffee with Milk /  616 - be','images/products/image5565b15925bd1.jpg','','published',190,'','','2022-04-06 08:10:00.991060','2022-09-20 07:20:06.063662',7,12,NULL,'','','','','','','','','','','','','','','','','','','','','','','','','','','','','','','','','','','','','','',''),(259,'PVLPRK','tile profile','pvlprk','101 - Beech 102 - Walnut 103 - Maple Tree 105 - Pear 106 - Cherry 107 - Birch 115 - Wenge 116 - Oak 117 - Merbau','images/products/image5565b34bd7a03.jpg','','published',170,'','','2022-04-06 08:31:06.317845','2022-04-10 07:37:41.526380',7,12,'20X20','','','','','','','','','','','','','','','','','','','','','','','','','','','','','','','','','','','','','','',''),(260,'DKPGLV','tile profile','dkpglv','270 CM - 300 CM','images/products/image556440b4a1827.jpg','','published',220,'','','2022-04-06 09:01:45.205024','2022-04-10 07:33:06.485157',7,12,'20X20','','','','','','','','','','','','','','','','','','','','','','','','','','','','','','','','','','','','','','',''),(261,'DKPPVC','tile profile','dkppvc','270 CM','images/products/image556453c4c9151.jpg','','published',220,'','','2022-04-06 09:03:59.318626','2022-04-10 07:46:02.567343',7,12,'23X23','','','','','','','','','','','','','','','','','','','','','','','','','','','','','','','','','','','','','','',''),(262,'PKSK25250','tile profile','pksk25','PKSK25250/ PKSK25270 / PKSK2525300\r\n250CM             270CM              300CM','images/products/image556455971076f.jpg','','published',210,'','','2022-04-06 09:05:58.750374','2022-04-10 07:35:22.305782',7,12,'25X25','','','','','','','','','','','','','','','','','','','','','','','','','','','','','','','','','','','','','','',''),(263,'MAST - ALUMINYUM SIVA MASTARI','tile profile','mast-aluminyum-siva-mastari','MAST6525- MAST7030- MAST7532','images/products/image60ab81f34375d.jpg','','published',230,'','','2022-04-06 09:13:34.719580','2022-09-20 07:18:49.110257',7,12,'75X32','','','','','','','','','','','','','','','','','','','','','','','','','','','','','','','','','','','','','','',''),(264,'MASTBICK','tile profile','mastbick','300 CM - 600 CM','images/products/image5565713ba57e9.jpg','','published',230,'','','2022-04-06 09:17:29.855173','2022-04-10 07:43:41.902546',7,12,NULL,'','','','','','','','','','','','','','','','','','','','','','','','','','','','','','','','','','','','','','',''),(265,'DLTA3020','tile profile','dlta3020','','images/products/image6086cc61a1aeb_3YRCkHS.jpg','','published',320,'','','2022-04-06 09:23:09.811942','2022-04-10 07:18:44.264077',7,12,'30MM','','','','','','','','','','','','','','','','','','','','','','','','','','','','','','','','','','','','','','',''),(267,'BHBP - PVC  BANTLI HALI PARKE BURUNLUGU','tile profile','bhbp-pvc-bantli-hali-parke-burunlugu','BHBP10','images/products/image60a2677975ff1_1.jpg','','published',290,'','','2022-04-07 08:36:43.043696','2022-09-20 06:43:15.086312',7,12,'22X49','','','','','','','','','','','','','','','','','','','','','','','','','','','','','','','','','','','','','','',''),(268,'PKPR50','tile profile','pkpr50','','images/products/image60a27c483d9d4.jpg','','published',280,'','','2022-04-07 08:38:44.842262','2022-04-10 07:24:08.860082',7,12,'50 MM','','','','','','','','','','','','','','','','','','','','','','','','','','','','','','','','','','','','','','',''),(269,'BK2010','tile profile','bk2010','','images/products/image60a79f6a6631d.jpg','','published',260,'','','2022-04-07 08:51:37.080312','2022-04-10 07:25:24.806036',7,12,'20X10MM','','','','','','','','','','','','','','','','','','','','','','','','','','','','','','','','','','','','','','',''),(270,'BK3822','tile profile','bk3822','','images/products/image60a79f474ce87.jpg','','published',260,'','','2022-04-07 08:54:21.040525','2022-04-10 07:25:32.144223',7,12,'38x22MM','','','','','','','','','','','','','','','','','','','','','','','','','','','','','','','','','','','','','','',''),(271,'PVFLK','tile profile','pvflk','PVC=21X21 FLE= 80X80 \r\nALFLK','images/products/image55657291ecdd1.jpg','','published',190,'','','2022-04-10 06:41:43.837926','2022-04-10 07:36:23.437236',7,12,'21X21','','','','','','','','','','','','','','','','','','','','','','','','','','','','','','','','','','','','','','',''),(272,'STDB','tile profile','stdb','STDB1001 10cm Black \r\nSTDB1003 10cm Blue\r\nSTDB1201 12cm Black\r\nSTDB1203  12cm Blue','images/products/image5565790bcac7e.jpg','','published',180,'','','2022-04-10 06:49:09.957157','2022-04-10 07:36:53.919073',7,12,NULL,'','','','','','','','','','','','','','','','','','','','','','','','','','','','','','','','','','','','','','',''),(273,'SVGLV','tile profile','svglv','SIV/AALM-270 30x30','images/products/image55645470ebe37.jpg','','published',200,'','','2022-04-10 07:00:22.008395','2022-04-10 07:35:51.289475',7,12,'42x42','','','','','','','','','','','','','','','','','','','','','','','','','','','','','','','','','','','','','','',''),(274,'DLTU5010','tile profile','dltu5010','','images/products/image6098f87113541.jpg','','published',330,'','','2022-04-10 07:17:36.944132','2022-04-10 07:18:06.091328',7,12,'50 MM','','','','','','','','','','','','','','','','','','','','','','','','','','','','','','','','','','','','','','',''),(275,'EXTRUDED POLYSYRENE (XPS1500)','THERMAL INSULATION','extruded-polysyrene-xps','Extruded polystyrene is produced from polystyrene, by extrusion. It can be manufactured in the form of board in different size, edge and surface shape and with different compressive strength, according to the intented use and the place of use. It is used for thermal insulation.\r\n\r\n High compressive strength\r\n High thermal insulation\r\n Easy to install\r\n Available in different sizes\r\n Lightweight\r\n Water impermeable','images/products/QQQQQQ.jpeg','','published',2,'manuals/products/foamboard-1500-d469_izocam.pdf','','2022-05-14 12:49:57.319213','2022-09-15 12:22:43.159977',2,1,'8KG','','','','','','','','','','','','','','','','','','','','','','','','','','','','','','','','','','','','','','',''),(276,'FOAM BOARD','THERMAL INSULATION','extruded-polysyrene-xps-20003500','Foamboard 2000 D - 2500 D - 3000 D - 3500 D is an extruded polystyrene boards with skin surface. They are used on water proofing membrane for the thermal insulation of flat roofs.\r\n\r\n High compressive strength\r\n High thermal insulation\r\n Easy to install\r\n Available in different sizes\r\n Lightweight\r\n Water impermeable','images/products/323232.jpeg','','published',2,'manuals/products/11111.pdf','','2022-05-14 12:59:18.156134','2022-09-20 06:47:25.697085',2,1,'9KG','','','','','','','','','','','','','','','','','','','','','','','','','','','','','','','','','','','','','','',''),(277,'JOKER PLUS EXT 5122','paints and decorative','joker-plus-ext','Acrylic emulsion based, silicone enhanced, water repellent, long lasting exterior wall paint\r\n 2.5 lt, 7.5 lt and 15 lt pails\r\n 2.5 lt packages packed together in 2s','images/products/20191122134506483_jokerplusext_370x275_full.jpg','','published',15,'manuals/products/20210122110621564_5122_Joker_Plus_Ext_TDS_English.pdf','','2022-05-31 11:21:01.301526','2022-05-31 12:17:35.565432',1,5,'25KG','','','','','','','','','','','','','','','','','','','','','','','','','','','','','','','','','','','','','','',''),(278,'5335 SILASTAR','paints and decorative','5335-silastar','Silicone enhanced, acrylic emulsion based, pigmented primer with a high penetration for priming the surfaces on which any type of water based decorative coating will be applied.','images/products/20191122135541276_silastar_370x275_full.jpg','','published',100,'manuals/products/20210531160338054_5335_Silastar_TDS_English.pdf','','2022-08-28 12:34:13.694530','2022-09-20 06:35:22.479419',1,5,'KG','','','','','','','','','','','','','','','','','','','','','','','','','','','','','','','','','','','','','','',''),(279,'5110 PERFORMA+','paints and decorative','5110-performa','Elastic acrylic emulsion based, extra elastic, long lasting, water impermeable, exterior matt wall paint','images/products/20191128112710469_performaplus_370x275_full_1.jpg','','published',62,'','','2022-08-28 12:38:45.355516','2022-10-05 18:04:34.013753',10,5,'KG','','','','','','','','','','','','','','','','','','','','','','','','','','','','','','','','','','','','','','',''),(280,'5045 CEMENTO','paints and decorative','5045-cemento',' Soft concrete looking decorative coating material with mineral based white and gray color alternatives.','images/products/20201009120738742_Kale_Cemento_370x275_full.jpg','','published',98,'manuals/products/20210122182735305_5045_Cemento_TDS_English.pdf','','2022-08-28 12:43:27.535414','2022-09-20 06:23:28.380127',1,5,'20KG','','','','','','','','','','','','','','','','','','','','','','','','','','','','','','','','','','','','','','',''),(281,'5167  JOKER PLUS IPAK MAT','paints and decorative','5167-joker-plus-ipek-mat','Acrylic emulsion based, silicone enhanced, scrub resistant, easily cleanable, silky matt interior wall paint','images/products/20191122134434465_jokeripek_370x275_full.jpg','','published',98,'manuals/products/20210122181024567_5167_Joker_Plus_Ipek_Mat_TDS_English.pdf','','2022-08-28 12:58:40.683870','2022-09-20 06:29:40.689093',1,5,'KG','','','','','','','','','','','','','','','','','','','','','','','','','','','','','','','','','','','','','','',''),(282,'5169  JOKER PLUS MAT','paints and decorative','5169-joker-plus-mat','Acrylic emulsion based, silicone enhanced, scrub resistant, matt interior wall paint','images/products/5169.jpg','','published',94,'manuals/products/20210122181114011_5169_Joker_Plus_Mat_TDS_English.pdf','','2022-08-29 07:54:26.408733','2022-09-20 06:30:24.777459',1,5,'KG','','','','','','','','','','','','','','','','','','','','','','','','','','','','','','','','','','','','','','',''),(283,'5321 S7ANBUL METALIK','paints and decorative','5321-is7anbul-metalik',' Acrylic emulsion based decorative interior paint with metallic effect','images/products/20191122133928976_is7anbulmetalik_370x275_full.jpg','','published',56,'manuals/products/20210122183536800_5321_IS7ANBUL_Metalik_TDS_English.pdf','','2022-08-29 08:01:36.550971','2022-10-05 18:07:58.839779',10,5,'KG','','','','','','','','','','','','','','','','','','','','','','','','','','','','','','','','','','','','','','',''),(284,'5326 S7ANBUL  STUCCO SATINE','paints and decorative','5326-is7anbul-stucco-satine','Acrylic emulsion based decorative interior paint with marble effect','images/products/20191122134218503_Is7anbulStucco_satine_370x275_full.jpg','','published',57,'manuals/products/20210122183810825_5326_IS7ANBUL_Stucco_Satine_TDS_English.pdf','','2022-08-29 08:04:32.005386','2022-10-05 18:07:37.076256',10,5,'KG','','','','','','','','','','','','','','','','','','','','','','','','','','','','','','','','','','','','','','',''),(285,'5319  IS7ANBUL AURA','paints and decorative','5319-is7anbul-aura','Acrylic emulsion based decorative interior paint with velvet pearl effect','images/products/20191122133637168_is7anbulAura_370x275_full.jpg','','published',89,'manuals/products/20210122183454083_5319_IS7ANBUL_Aura_TDS_English.pdf','','2022-08-29 08:06:44.821960','2022-09-20 06:31:34.880927',1,5,'KG','','','','','','','','','','','','','','','','','','','','','','','','','','','','','','','','','','','','','','',''),(286,'5324 S7ANBUL ANTIQUE COAT','paints and decorative','5324-is7anbul-antique-coat',' Transparent, semi-matt, final coat primer specially designed as the final coat of travertin look mineral based decorative coating, IS7ANBUL ANTIQUE to give rustic effect.','images/products/20191122132941984_antiquecoat_370x275_full.jpg','','published',55,'manuals/products/20210122182837073_5324_IS7ANBUL_Antique_Coat_TDS_English.pdf','','2022-08-29 08:09:01.365543','2022-10-05 18:08:21.593471',10,5,'KG','','','','','','','','','','','','','','','','','','','','','','','','','','','','','','','','','','','','','','',''),(287,'5041 BETONART','paints and decorative','5041-betonart','Acrylic emulsion based, trowel applied, colored, ready mixed decorative interior and exterior plaster with concrete look','images/products/20191122133149461_Betonart_370x275_full.jpg','','published',59,'manuals/products/20200924092227792_Betonart_SDS_English.pdf','','2022-08-29 11:18:27.353119','2022-10-05 18:06:34.518343',10,5,'KG','','','','','','','','','','','','','','','','','','','','','','','','','','','','','','','','','','','','','','',''),(288,'5028 GLASS PLASTER','paints and decorative','5028-glass-plaster','Acrylic emulsion based ready-to-use plaster with glass particles for interior and exterior use which can be applied by a trowel','images/products/20210809112033948_Glass_Plaster_370x275_full.jpg','','published',54,'manuals/products/20210122182234379_5028_Glass_Plaster_TDS_English.pdf','','2022-08-29 11:23:25.617044','2022-10-05 18:08:48.255274',10,5,'KG','','','','','','','','','','','','','','','','','','','','','','','','','','','','','','','','','','','','','','',''),(289,'5319T S7ANBUL AURA (EASY CLEAN)','paints and decorative','5319t-is7anbul-aura-easy-clean','Acrylic emulsion based, cleanable decorative interior paint with velvet pearl effect.','images/products/20211025115232058_Silinebilir_Aura_370x275_full.jpg','','published',85,'manuals/products/20211025115048951_IS7ANBUL_Aura_Easy_Clean_TDS_English.pdf','','2022-08-29 11:26:11.484177','2022-09-20 06:32:21.572415',1,5,'KG','','','','','','','','','','','','','','','','','','','','','','','','','','','','','','','','','','','','','','',''),(290,'5120  SILIKONATEX','paints and decorative','5120-silikonatex','Acrylic emulsion based, water repellent, elastic, non cracking, silicone enhanced, covering the surface defects with its texture and thickness, long lasting, exterior and interior textured coating.','images/products/20191122135643030_silikonatex_370x275_full.jpg','','published',63,'manuals/products/20210122110537404_5120_Silikonatex_TDS_English.pdf','','2022-08-29 11:31:42.145047','2022-10-05 18:04:14.998428',10,5,'KG','','','','','','','','','','','','','','','','','','','','','','','','','','','','','','','','','','','','','','',''),(291,'5113 PERFORMA NS','paints and decorative','5113-performa-ns','Pure acrylic emulsion based, super elastic, fully water impermeable, long lasting, breathable, alkaline resistant, exterior textured wall and semi-matt paint.','images/products/20191122135413473_performans_370x275_full.jpg','','published',61,'manuals/products/20210122105939588_5113_Performa_NS_TDS_English.pdf','','2022-08-29 11:33:14.752216','2022-10-05 18:05:35.739621',10,5,'15lt','','','','','','','','','','','','','','','','','','','','','','','','','','','','','','','','','','','','','','',''),(292,'5006  DEKOR PLUS','paints and decorative','5006-dekor-plus',' Acrylic emulsion based, elastic, line textured, trowel applied, silicone enhanced, coarse, ready mixed interior and exterior plaster','images/products/20191122133406861_Dekorplus_370x275_full.jpg','','published',83,'manuals/products/20210122105414926_5006_Dekor_Plus_TDS_English.pdf','','2022-08-29 11:37:02.896539','2022-09-20 06:21:02.448832',1,5,'KG','','','','','','','','','','','','','','','','','','','','','','','','','','','','','','','','','','','','','','',''),(293,'5026 GRENART MIDI','paints and decorative','5026-grenart-midi','Acrylic emulsion based, silicone and fiber enhanced, elastic, trowel applied, coarse, ready mixed exterior and interior plaster with sprayed texture','images/products/20191122133616151_grenartmidi_370x275_full.jpg','','published',80,'manuals/products/20210122105546239_5026_Grenart_Midi_TDS_English.pdf','','2022-08-29 12:18:19.782706','2022-09-20 06:22:10.936872',1,5,'KG','','','','','','','','','','','','','','','','','','','','','','','','','','','','','','','','','','','','','','',''),(294,'5024 GRENART MICRO','paints and decorative','5024-grenart-micro',' Acrylic emulsion based, sprayed texture, trowel applied, fine, ready mixed exterior and interior plaster','images/products/20191122133546852_grenartmicro_370x275_full.jpg','','published',79,'manuals/products/20210122105502492_5024_Grenart_Micro_TDS_English.pdf','','2022-08-29 12:20:38.796625','2022-09-20 06:21:39.208561',1,5,'KG','','','','','','','','','','','','','','','','','','','','','','','','','','','','','','','','','','','','','','',''),(295,'MS POLYMER','waterproofing','ms-polymer','R is a pure polymer produced using the latest technology and has excellent properties. It is ready to use, UV resistant, glossy, elastic structure. It is used as exterior insulation material on terraces,\r\nroofs, balconies, and wet areas, concrete, screed, plaster, wood, metal surfaces, spray polyurethane heat insulation applied surfaces. It is open to light pedestrian traffic and It has quick workmanship','images/products/isonem-ms-polymer.png','','published',99,'manuals/products/mspolymer.pdf','','2022-09-04 08:51:53.026828','2022-09-04 08:51:53.026909',5,2,'20KG','','','','','','','','','','','','','','','','','','','','','','','','','','','','','','','','','','','','','','',''),(296,'MS 80','waterproofing','ms-80','It is a siloxane-based transparent insulation product that makes surfaces applied water-impermeable preserving its naturalness, does not its appearance and texture without forming a film on the absorbent surfaces on\r\nwhich it is applied. Because it does not form a film layer on the surface, it does not prevent, diminish or distort the breathing capacity of the building or stone. Does not make blackening and embossment. Alkali resistance\r\nis very high and so can be applied easily in new or old concretes. It prevents efflorescence and staining composed by reason of mortar of press bricks, natural, artificial stone, plasters which it is applied. It prevents the\r\nheat insulation value of buildings from being lost since it prevents wetting. Protects the building from corrosion. It also extends the life of structures.','images/products/isonem-ms-80.png','','published',88,'manuals/products/ms80.pdf','','2022-09-04 08:57:29.832499','2022-09-04 08:57:29.832542',5,2,'18','','','','','','','','','','','','','','','','','','','','','','','','','','','','','','','','','','','','','','',''),(297,'M 35','waterproofing','m-35','It is a single component cement-based super crystalline waterproofing product. It provides insulation deeply by way of applying to concrete surfaces from both negative and positive sides. It reacts with lime particles\r\nthanks to inside super gels, produces crystals, and penetrates in-depth to the structure of concrete. It can be applied to new concrete surfaces. It slows down the hydration process on the surface it is applied to and\r\nreduces shrinkage crack formation. In addition to waterproofing, it protects concrete against corrosion and diluted chemicals','images/products/m35.png','','published',95,'manuals/products/m35.pdf','','2022-09-04 09:00:07.761600','2022-09-04 09:00:07.761657',5,2,'20KG','','','','','','','','','','','','','','','','','','','','','','','','','','','','','','','','','','','','','','',''),(298,'MS 20','waterproofing','ms-20','It is a special plaster produced for the improvement of humid and damaged walls. The walls absorb existing water which is loaded various salts like carbonate, sulfate, nitrate from the soil in different\r\nseasons via capillary canals and spaces. Then the water absorbed from the soil evaporates and the moisture trace of water and the salts absorbed from the soil remain back. These salts accumulate in the\r\nwall and the plaster over time, and when they come back in contact with moisture, they come forth from the wall by popping up the paint and even the plaster. In order to solve this problem','images/products/ms20.png','','published',93,'manuals/products/ms20.pdf','','2022-09-04 09:06:43.109064','2022-09-04 09:06:43.109101',5,2,'KG 20','','','','','','','','','','','','','','','','','','','','','','','','','','','','','','','','','','','','','','',''),(299,'M 03','repair','m-03','It is a cement-based repair mortar with high elasticity, tightness, adhesion strength and not cracking. It is modified with polymer and fiber additives. It is an extremely resisting repair mortar in the applications which is internal tension low and thick. It is used in concrete repairs, ground preparation before waterproofing, the filling of holes and for chamfers.','images/products/m03.png','','published',91,'manuals/products/m03.pdf','','2022-09-04 09:12:47.550619','2022-09-19 10:50:28.563583',5,9,'20KG','','','','','','','','','','','','','','','','','','','','','','','','','','','','','','','','','','','','','','',''),(300,'ANTI SOUND PAINT','paints and decorative','anti-sound-paint','it is an acoustical paint for damping and blocking of noise that is designed to absorb and isolate sound in the best way. According to TS 140-4 Standard, in the results of the measurement and analysis, the applied paint, in 1/3 octave frequency in terms of dB, according to 1000 Hz;','images/products/isonem-anti-sound-paint.png','','published',89,'manuals/products/antisoundpaint.pdf','','2022-09-04 12:14:56.887644','2022-09-04 12:14:56.887702',5,5,'KG 20','','','','','','','','','','','','','','','','','','','','','','','','','','','','','','','','','','','','','','',''),(301,'ANTI FIRE PAINT PLUS','paints and decorative','anti-fire-paint-plus','It is a fire-retardant, water based paint that is developed for the protection of the buildings from fire and is fire retardant in the intumescent structure that provides fire insulation via expanding. It forms a seamless layer by drying on the surface on which it is applied. It has excellent flame retardant property, it expands via reacts chemically at the time of the fire and prevents the surface temperature from rising to critical levels. It is water vapor is permeable. Thanks to this feature, it does not prevent the breathing of the surface. It is suitable for use in wood, concrete, prefabricated and steel structures.','images/products/isonem-anti-fire-paint-plus.png','','published',88,'manuals/products/antifirepaintplus.pdf','','2022-09-04 12:17:47.841817','2022-09-04 12:17:47.841878',5,5,'KG 20','','','','','','','','','','','','','','','','','','','','','','','','','','','','','','','','','','','','','','',''),(302,'ANTI-FIRE PAINT','paints and decorative','anti-fire-paint','It is a topcoat paint which is fire retardant, non-flammable, forms a whole layer with drying on the surface on which it is applied. It is flame retardant in direct contact with fire. Resistant to fire. It is water-based and solvent-free. It is elastic, unaffected by movements. It can be easily applied to dry or slightly humid surfaces. It is water-impermeable but water vapor permeable. Thanks to this feature, it does not prevent the breathing of the surface. It doesn\'t keep dirt for long years via its special formula. It is suitable for use in wood, concrete, prefabricated and steel structures.','images/products/isonem-anti-fire-paint.png','','published',86,'manuals/products/antifirepaint.pdf','','2022-09-04 12:22:37.714213','2022-09-04 12:22:37.714292',5,5,'20 KG','','','','','','','','','','','','','','','','','','','','','','','','','','','','','','','','','','','','','','',''),(303,'THERMAL PAINT','thermal insulation','thermal-paint','is an elastomeric resin-based, contains special vacuum microspheres, have vapor-permeability, water-based, a low thermal conductivity, high sunlight absorbency, and high surface heat transmission value. Its activity is scientifically proved special insulating paint which provides the thermal and water insulation in the interior and exterior facades. It provides energy savings to buildings of up to 40% depending on the application layers number in heating and cooling energy costs. When the','images/products/isonem-thermal-paint.png','','published',81,'manuals/products/thermalpaint.pdf','','2022-09-04 12:26:56.916462','2022-09-25 08:27:04.034817',5,1,'20 KG','','','','','','','','','','','','','','','','','','','','','','','','','','','','','','','','','','','','','','',''),(304,'MS 82','paints and decorative','ms-82','It is a very strong synthetic insulation paint which has been modified by special chemicals and polymers to eliminate the moisture and dampness problems in the interior and exterior walls of the buildings because of natural conditions. It can be applied to any kind of humid or dry walls, painted and unpainted surfaces. Thanks to its excellent alkali and moisture resistance, it prevents the formation of moisture on the walls and destroys if there is any. The adhesion strength in all kinds of surfaces is extremely strong, does not swell, high chemical resistance, it is not affected by UV, rain, water or salt. It is used in interior and exterior walls, in basements, in garages or in cellars, in interior walls facing north and in humid areas. It forms a film layer showing excellent moisture resistance on the surface applied. Even if the paint or wall is humid, it adheres very well to the surface. It is not affected by salt water and efflorescence. Thanks to this feature','images/products/isonem-ms-82-2.png','','published',80,'manuals/products/ms82.pdf','','2022-09-04 12:30:44.640243','2022-09-04 12:30:44.640309',5,5,'20 KG','','','','','','','','','','','','','','','','','','','','','','','','','','','','','','','','','','','','','','',''),(305,'POOL','paints and decorative','pool','it is the swimming pool paint which is polyurethane resin based, consisting of two components, blue in color. It is not affected by water and water pressure. ISONEM POOL is particularly very ideal to use in swimming pools, newly made decorative pools in the cases where the ceramic covering will not use. It gives a homogeneous blue appearance on the surface applied. It is elastic, not crack, it is not affected by the UV lights and the swimming pool chemicals. The product has high resistance against alkali and chloride. Its color does not fade in time, not destroyed underwater, abrasion-proofing. The workmanship is very easy and economic.','images/products/isonem-pool1.png','','published',78,'manuals/products/pool.pdf','','2022-09-04 12:35:11.844973','2022-09-04 12:35:11.845014',5,5,'20KG','','','','','','','','','','','','','','','','','','','','','','','','','','','','','','','','','','','','','','',''),(306,'ANTI MOLOTOV','paints and decorative','anti-molotov','A high-grade product developed for extinguishing fires of classes A, B, and C (European Classes) on the purpose of faster, safer and more effectively than its beginning. The only thing the user needs to do is throwing our product into the fire. When ISONEM ANTI MOLOTOV, which is in a special plastic package, is thrown into the fire, the plastic container breaks and extinguishes the fire immediately. It is a liquid extinguishing agent and when thrown into the fire, it releases into the atmosphere. The heat of fire evaporates the extinguishing agent and a chemical reaction starts. By releasing a large amount of carbon dioxide, it chokes the fire, cuts its contact with oxygen and thus extinguishes the fire. In addition, the chemical reaction introduces a cooling agent. In addition, the chemical reaction introduces a cooling agent and this reduces the temperature of the burning material and thus other chemical foams step in and prevent the materials in the area from re-flaring.','images/products/isonem-anti-molotof1.png','','published',76,'manuals/products/antimolotov.pdf','','2022-09-04 12:40:25.732294','2022-09-04 12:40:25.732346',5,5,'20 KG','','','','','','','','','','','','','','','','','','','','','','','','','','','','','','','','','','','','','','',''),(307,'SOIL WATER TRAP','paints and decorative','soil-water-trap','It is easy to use, superb water absorber (can absorb water up to 600 times its volume) soil additive. It is a polymer manufactured especially for frequently irrigated and high water consumption locations, gardens, glasshouses, and landscaping works. With this polymer which holds rain and irrigation waters in its body and absorb 600 times of its volume, the water is held before it drains off the soil and constitutes a natural and long term water tank base for plants and trees.','images/products/isonem-soil-water-trap.png','','published',75,'manuals/products/soiltrapwater.pdf','','2022-09-04 12:42:53.869877','2022-09-04 12:42:53.869963',5,5,'20 KG','','','','','','','','','','','','','','','','','','','','','','','','','','','','','','','','','','','','','','',''),(308,'LIQUID GLASS','waterproofing','liquid-glass','is a two-component product which excellently adheres to surface like glass, mosaic, tile, porcelain, ceramic, marble, granite, natural stone, wood, concrete, screed, galvanized sheet, aluminum etc.. The product which has a high resistance to atmospheric conditions can be used for waterproofing and decorative purposes. Produced in transparent the product has high chemical and physical besides excellent water resistance. It is not affected by U.V and outdoor weather conditions. It does not get yellow, fading or peeling off in time. It is especially applied as a solution to insulation problems arising on the floors such as balconies, terraces, bathrooms easily and without damaging the existing coating.','images/products/isonem-liquid-glass.png','','published',73,'manuals/products/lqudglass.pdf','','2022-09-08 13:20:51.344798','2022-10-23 06:42:52.966612',5,2,'KG 20','','','','','','','','','','','','','','','','','','','','','','','','','','','','','','','','','','','','','','',''),(309,'FLOOR 2K','epoxy and polyurethane','floor-2k','the interior surface coating system which is solvent-free epoxy resin-based, very high chemical, and physical resistance coatings creating and can be applied in the form of thick coats, developed for protection to concrete and metal surfaces against chemical and physical external effects.','images/products/isonem-floor-2k.jpg','','published',71,'manuals/products/floor2k.pdf','','2022-09-08 13:23:05.386290','2022-09-19 10:47:16.866025',5,4,'5 KG','','','','','','','','','','','','','','','','','','','','','','','','','','','','','','','','','','','','','','',''),(310,'SHINE FLOOR','waterproofing','shine-floor','it is a two-component, resin-based, self-leveling solvent-based floor coating. It forms an elastic and unique layer after drying. It is not affected by UV and outdoor weather conditions. It does not make yellowing, fading or peeling off in time. It is resistant to abrasion. It is not affected by pedestrian and vehicle traffic. It is resistant to various chemicals, and acids. Its adherence is perfect. It is polyurethane-based, solvent-based, two components.','images/products/isonem-shine-floor.png','','published',70,'manuals/products/shinefloor.pdf','','2022-09-08 13:24:59.105206','2022-09-08 13:26:47.045136',5,2,'KG 20','','','','','','','','','','','','','','','','','','','','','','','','','','','','','','','','','','','','','','',''),(311,'SS SOIL HARDENER','waterproofing','ss-soil-hardener','It is an ecological solution used for stabilizing, solidification, hardening or anti-dusting all kinds of soils and aggregates. Immediately after application to soil or aggregate, ISONEM SS copolymer molecules form long nanoparticles by forming straight and cross-linking with aggregate or soil. When the water content added during the application evaporates from the soil and aggregate, it forms a long-lasting and water-resistant flexible solid material matrix. After curing, it becomes completely transparent and makes the natural cover look untouched. It is water-based, one component.','images/products/ss-soil-hardener.png','','published',69,'manuals/products/sssolhardaner.pdf','','2022-09-08 13:30:58.464555','2022-09-08 13:30:58.464629',5,2,'KG 20','','','','','','','','','','','','','','','','','','','','','','','','','','','','','','','','','','','','','','',''),(312,'EP PRIMER','epoxy and polyurethane','ep-primer','it is transparent, hygienic primer material. It is easy to apply, it has perfect adherence. It is epoxy resin base, solvent-free, two component. It has very good penetration, low viscosity and moisture tolerance. It increases the concrete strength by filling the capillary cavities of the concrete floors and acts as an adherence bridge for the epoxy or polyurethane topcoat paints and coatings.','images/products/ep-primer.png','','published',68,'manuals/products/epprimer.pdf','','2022-09-08 13:33:19.295238','2022-09-19 10:44:32.747060',5,4,'KG 20','','','','','','','','','','','','','','','','','','','','','','','','','','','','','','','','','','','','','','',''),(313,'5125 KALE MATT EXTERIOR','paints and decorative','5125-kalemattexterior','Acrylic emulsion based, gilicone enhanced, water repellent, matt, long lasting exterior wall paint.','images/products/WhatsApp_Image_2022-09-08_at_4.43.36_PM.jpeg','','published',66,'manuals/products/5125_Kale_Professional_Silikonlu_D_TDS_EN-1.pdf','','2022-09-12 08:58:11.691988','2022-10-05 18:03:00.216883',10,5,'KG 20','','','','','','','','','','','','','','','','','','','','','','','','','','','','','','','','','','','','','','',''),(314,'5188 KALE MATT INTERIOR','paints and decorative','5188','Acrylic emulsion based, gilicone enhanced, water repellent, matt, long lasting exterior wall paint.','images/products/WhatsApp_Image_2022-09-12_at_11.59.56_AM.jpeg','','published',65,'manuals/products/5188_Kale_Professional_Silikonlu_Mat_TDS_EN.pdf','','2022-09-12 09:03:35.664755','2022-10-05 18:03:23.286547',10,5,'KG 20','','','','','','','','','','','','','','','','','','','','','','','','','','','','','','','','','','','','','','',''),(315,'5311 KALE PRIMER','paints and decorative','5311-kaleprimer','Acrylic emulsion based, gilicone enhanced, water repellent, matt, long lasting exterior wall paint.','images/products/WhatsApp_Image_2022-09-12_at_12.04.11_PM.jpeg','','published',64,'manuals/products/5311_Kale_Professional_Astar_TDS_EN.pdf','','2022-09-12 09:06:11.890900','2022-10-05 18:03:48.713578',10,5,'20 KG','','','','','','','','','','','','','','','','','','','','','','','','','','','','','','','','','','','','','','',''),(316,'1411 TECHNOPUR','Adhesive','1411-technopur','Two component, solvent-free polyurethane based multi-purpose adhesive','images/products/1411Technopur.png','','published',30,'manuals/products/20210518192118039_1411_Technopur_TDS_English.pdf','','2022-09-13 12:05:31.475684','2022-09-19 13:16:58.228170',1,6,'7 KG','','','','','','','','','','','','','','','','','','','','','','','','','','','','','','','','','','','','','','',''),(317,'1057 FOAMTECH','Adhesive','1057-foamtech','Cement-based thermal insulation board adhesive mortar.','images/products/1057Foamtech.png','','published',43,'manuals/products/20200820124944772_1057_Foamtech_TDS_English.pdf','','2022-09-13 12:15:01.167216','2022-09-19 13:11:53.425468',1,6,'25KG','','','','','','','','','','','','','','','','','','','','','','','','','','','','','','','','','','','','','','',''),(318,'1230 SUPERTECH','Adhesive','1230-supertech','Ready to use high performance emulsion polymer based tile adhesive with extended open time and reduced slip for ceramic tiles and stones.','images/products/1230Supertech.png','','published',32,'manuals/products/20201119095825695_1230_Supertech_TDS_English.pdf','','2022-09-13 12:34:22.031985','2022-09-19 13:14:12.102899',1,6,'15 KG','','','','','','','','','','','','','','','','','','','','','','','','','','','','','','','','','','','','','','',''),(319,'1302 EPOTECH W','Adhesive','1302-epotech-w','Three-component, solvent-free, epoxy-resin-based, chemical resistant waterproofing tape adhesive.','images/products/EpotechW.png','','published',31,'manuals/products/20210531160424051_1302_Epotech_W_TDS_English.pdf','','2022-09-13 12:38:39.687602','2022-09-19 13:15:06.338168',1,6,'5KG','','','','','','','','','','','','','','','','','','','','','','','','','','','','','','','','','','','','','','',''),(320,'3005  IZOSTOP RAPID','waterproofing','3005-izostop-rapid',' Waterproofing, quick fast setting in contact with water, used in the insulation and repair of water leaks rapid setting mineral fillings and cement based plug mortar.','images/products/20200612133824589_3005_izostop_rapid_370x275_full.jpg','','published',59,'manuals/products/20210305191608999_3005_Izostop_Rapid_TDS_English.pdf','','2022-09-13 12:59:47.909547','2022-09-19 19:29:24.074145',1,2,'5KG','','','','','','','','','','','','','','','','','','','','','','','','','','','','','','','','','','','','','','',''),(321,'3025 ULTRALASTIC','waterproofing','3025-ultralastic','Rapid curing, highly flexible, resistant to sulphate and durable waterproofing and concrete protection mortar for interior and exterior applications, composed of emulsion polymer based liquid component and powder component including waterproofing, and workability improving mineral additives, and special elements.','images/products/20211227181020547_3025_ultralastic__370x275_full.jpg','','published',56,'manuals/products/20211227180900909_3025_Ultralastic_TDS_EN.pdf','','2022-09-13 13:07:36.161086','2022-09-19 19:37:49.207864',1,2,'12KG','','','','','','','','','','','','','','','','','','','','','','','','','','','','','','','','','','','','','','',''),(322,'3029 ULTRALASTIC','waterproofing','3029-ultralastic','Rapid curing, highly flexible and durable waterproofing and concrete protection mortar for interior and exterior applications, composed of emulsion polymer based liquid and waterproofing, workability improving mineral additives and special elements containing powder components.','images/products/3029ultralastic.png','','published',54,'manuals/products/20210305192012455_3029_Ultralastic_TDS_English.pdf','','2022-09-13 13:13:40.816281','2022-09-19 19:40:34.112180',1,2,'25KG','','','','','','','','','','','','','','','','','','','','','','','','','','','','','','','','','','','','','','',''),(323,'3032 SOSEAL 2K+','waterproofing','3032-izoseal-2k','Two component, cementitious elastic waterproofing compound applicable from both inside (negative) and outside (positive) directions for interior and exterior concrete and masonry structural elements','images/products/20200107131415385_3032_izoseal2kplusset_370x275_full.jpg','','published',53,'manuals/products/20201014100816425_3032_Izoseal_2K_Plus_TDS_Turkce.pdf','','2022-09-13 13:28:08.870450','2022-09-25 06:32:30.674099',1,2,'25KG','','','','','','','','','','','','','','','','','','','','','','','','','','','','','','','','','','','','','','',''),(324,'3351 DUREX','waterproofing','3351-durex','Silicone based concentrated impregnation and surface protection material, providing water impermeability without decreasing the water vapor permeability of the surface applied on without giving any color or sheen to it.','images/products/3351durex.png','','published',49,'manuals/products/20210305192436199_3351_Durex_TDS_English.pdf','','2022-09-13 13:32:57.354964','2022-09-19 19:47:31.372891',1,2,'1LT','','','','','','','','','','','','','','','','','','','','','','','','','','','','','','','','','','','','','','',''),(325,'3401 IZOBLOK 2K+','waterproofing','3401-izoblok-2k','Flexible, two component, solvent free, fiber reinforced bitumen rubber based waterproofing material used on the positive side only for protection against water leakage of construction elements under the ground or in the floor level.','images/products/20191025151655945_izoblok2Kplus_370x275_full.jpg','','published',48,'manuals/products/20211007170031308_3401_Izoblok_2K_Plus_TDS_English.pdf','','2022-09-13 13:36:11.951856','2022-09-19 19:49:30.294437',1,2,'30KG','','','','','','','','','','','','','','','','','','','','','','','','','','','','','','','','','','','','','','',''),(326,'3452 IZOPUR P','waterproofing','3452-izopur-p','Polyurethane primer for absorbent surfaces.','images/products/20210812093015906_3452_izopur_P_5_kg_370x275_full.jpg','','published',46,'manuals/products/20210305192657485_3451-3452-3453_Izopur_TDS_English.pdf','','2022-09-13 13:40:03.781840','2022-09-19 19:51:02.955649',1,2,'5KG','','','','','','','','','','','','','','','','','','','','','','','','','','','','','','','','','','','','','','',''),(327,'3451 IZOPUR','waterproofing','3451-izopur',' Extra elastic, one component polyurethane waterproofing material.','images/products/20190809113822535_3451_izopur_25_kg__370x275_full.jpg','','published',47,'manuals/products/20210305192657485_3451-3452-3453_Izopur_TDS_English_84Ukm6F.pdf','','2022-09-13 13:43:15.546979','2022-09-19 19:50:03.761036',1,2,'25KG','','','','','','','','','','','','','','','','','','','','','','','','','','','','','','','','','','','','','','',''),(328,'3453 IZOPUR C','waterproofing','3453-izopur-c','UV-stable, elastic, polyurethane top-coat.','images/products/20210812093441984_3453__izopur_C_5_kg_370x275_full.jpg','','published',45,'manuals/products/20210305192657485_3451-3452-3453_Izopur_TDS_English_KnZeVhr.pdf','','2022-09-13 13:46:54.689999','2022-09-19 19:52:10.800747',1,2,'5KG','','','','','','','','','','','','','','','','','','','','','','','','','','','','','','','','','','','','','','',''),(329,'3455 IZOPUR TRANS P','waterproofing','3455-izopur-trans-p','Adhesion promoter for glass and glazed surfaces.','images/products/20191025152016239_izopurtransP_370x275_full.jpg','','published',43,'manuals/products/20210305192858054_3454-3455_Izopur_Trans_TDS_English.pdf','','2022-09-13 13:52:40.365405','2022-09-19 19:55:56.194433',1,2,'1 KG','','','','','','','','','','','','','','','','','','','','','','','','','','','','','','','','','','','','','','',''),(330,'3454 IZOPUR TRANS','waterproofing','3454-izopur-trans','Transparent, UV-stable, elastic, one component polyurethane waterproofing material.','images/products/20191025152303422_izopurtrans_370x275_full.jpg','','published',44,'manuals/products/20210305192755207_3454-3455_Izopur_Trans_TDS_English.pdf','','2022-09-13 13:55:48.242656','2022-09-19 19:54:07.759116',1,2,'5KG','','','','','','','','','','','','','','','','','','','','','','','','','','','','','','','','','','','','','','',''),(331,'4701 iIZOLINE ASTAR','waterproofing','4701-izoline-astar','Bitumen emulsion based primer.','images/products/izolineastarkovagiydirme.png','','published',42,'manuals/products/20210517143310974_4701_Izoline_Astar_TDS_English.pdf','','2022-09-13 13:59:42.604017','2022-09-20 06:20:31.656115',1,2,'17KG','','','','','','','','','','','','','','','','','','','','','','','','','','','','','','','','','','','','','','',''),(332,'4057  FOAMPLAST','plaster','4057-foamplast','Cement-based thermal insulation board plaster mortar','images/products/4057Foamplast.png','','published',72,'manuals/products/20200820125444708_4057_Foamplast_TDS_English.pdf','','2022-09-14 08:04:33.296706','2022-09-23 12:44:34.166165',1,11,'25 KG','','','','','','','','','','','','','','','','','','','','','','','','','','','','','','','','','','','','','','',''),(333,'4081   MINART SILVER 100','Repair','4081-minart-silver-100','Used on thin plastered, or coarse and smooth plastered surfaces, also as a component of thermal insulation systems.','images/products/20200611110433452_4081_minart_silver_100_370x275_full.jpg','','published',65,'manuals/products/20210608154332997_4081_Minart_Silver_100_TDS_English.pdf','','2022-09-14 08:15:13.477984','2022-09-19 20:07:11.595679',1,9,'25KG','','','','','','','','','','','','','','','','','','','','','','','','','','','','','','','','','','','','','','',''),(334,'4082  MINART SILVER 200','Repair','4082-minart-silver-200','Cement based decorative exterior coating material.','images/products/20200611110613598_4082MinartSilver_370x275_full.jpg','','published',64,'manuals/products/20210608153907585_4082_Minart_Silver_200_TDS_English.pdf','','2022-09-14 08:17:07.698589','2022-09-19 20:08:03.489514',1,9,'25 KG','','','','','','','','','','','','','','','','','','','','','','','','','','','','','','','','','','','','','','',''),(335,'4085  MINART SILVER 300','Repair','4085-minart-silver-300','Cement-based, coarse textured decorative exterior coating','images/products/20200611110823651_4085silver300_370x275_full.jpg','','published',63,'manuals/products/20210608154130235_4085_Minart_Silver_300_TDS_English.pdf','','2022-09-14 08:20:41.956012','2022-09-19 20:08:43.613399',1,9,'25KG','','','','','','','','','','','','','','','','','','','','','','','','','','','','','','','','','','','','','','',''),(336,'4211 GROUTART RAPID','Repair','4211-groutart-rapid',' Cement based, polymer modified, high strength non-shrink, self compacting, one component ultra fast setting grout mortar.','images/products/20200203164129282_4211_Groutart_Rapid_1_370x275_full.jpg','','published',61,'manuals/products/20210819153043945_4211_Groutart_Rapid_TDS_English.pdf','','2022-09-14 08:26:19.485339','2022-09-19 20:13:37.394457',1,9,'KG25','','','','','','','','','','','','','','','','','','','','','','','','','','','','','','','','','','','','','','',''),(337,'4410 TAMIRART  AC','Repair','4410-tamirart-ac','Cementitious, one-component, polymer modified, corrosion inhibitor, adhesion improver coating and primer mortar. .','images/products/4410TamirartAC.png','','published',60,'manuals/products/20210305190842423_4410_Tamirart_AC_TDS_English.pdf','','2022-09-14 08:29:39.143637','2022-09-19 20:14:33.469121',1,9,'25KG','','','','','','','','','','','','','','','','','','','','','','','','','','','','','','','','','','','','','','',''),(338,'4506  KALEKIM DOGULU ASTAR','Repair','4506-kalekim-dolgulu-astar','Solvent-free, polymer dispersion based, pigmented primer','images/products/4506DolguluAstar.png','','published',58,'manuals/products/20210517142722608_4506_Kalekim_Dolgulu_Astar_TDS_English.pdf','','2022-09-14 08:34:22.601104','2022-09-19 20:16:44.016585',1,9,'1KG','','','','','','','','','','','','','','','','','','','','','','','','','','','','','','','','','','','','','','',''),(339,'4510 GYPSASTAR','Repair','4510-gypsastar',' Ready to use synthetic resin emulsion based primer.','images/products/4510Gypsastar.png','','published',56,'manuals/products/20210305191100731_4510_Gypsastar_TDS_English.pdf','','2022-09-14 08:49:28.949516','2022-09-19 20:18:09.780720',1,9,'5lt','','','','','','','','','','','','','','','','','','','','','','','','','','','','','','','','','','','','','','',''),(340,'5005 KALEKIM LATEX','additive','5005-kalekim-latex','Water dispersion of a synthetic elastomer for improving workability and water impermeability when mixed with cementitious mortars like renders, screeds, repair mortars, adhesive slurries.','images/products/5005Latex_d12xDUK.png','','published',54,'manuals/products/20201023113812527_5005_Kalekim_Latex_TDS_English_k9ctgFG.pdf','','2022-09-14 08:58:50.932394','2022-09-19 13:18:00.357678',1,10,'5lt','','','','','','','','','','','','','','','','','','','','','','','','','','','','','','','','','','','','','','',''),(341,'5101 BETOPLUS101','additive','5101-betoplus-101',' BetoPlus 101 is a ready to use waterproofing powder admixture for cement/sand mortars.','images/products/5101Betoplus.png','','published',53,'manuals/products/20201023113909915_5001_Betoplus_101_TDS_English.pdf','','2022-09-14 09:10:22.396349','2022-09-20 06:24:34.361580',1,10,'330g','','','','','','','','','','','','','','','','','','','','','','','','','','','','','','','','','','','','','','',''),(342,'8201 SERACARE','Repair','8201-seracare','Acid based cleaner to quickly remove cement residues without releasing harmful fumes.','images/products/8201SeracarecimentoSokucu.png','','published',53,'manuals/products/20201023114039554_8201_Seracare_Cement_Remover_TDS_English.pdf','','2022-09-14 09:17:26.073918','2022-09-20 06:40:58.007744',1,9,'1lt','','','','','','','','','','','','','','','','','','','','','','','','','','','','','','','','','','','','','','',''),(343,'8251 SERACARE','Repair','8251-seracare','UV resistant, solvent based, ready to use surface protective material with excellent penetrating capacity','images/products/8251SeracareYuzeyKoruyucu.png','','published',52,'manuals/products/20201023114204536_8251_Seracare_Surface_Protector_TDS_English.pdf','','2022-09-14 09:20:09.468983','2022-09-20 06:41:18.321884',1,9,'16 KG','','','','','','','','','','','','','','','','','','','','','','','','','','','','','','','','','','','','','','',''),(344,'8001 KALEMASTIK','sealant and foam','8001-kalemastik',' Paintable elastic acrylic sealant','images/products/8001Kalemastik.png','','published',60,'manuals/products/20201023115539312_8001_Kalemastik_TDS_English.pdf','','2022-09-14 09:33:34.808991','2022-09-20 06:37:49.150796',1,8,'310ml','','','','','','','','','','','','','','','','','','','','','','','','','','','','','','','','','','','','','','',''),(345,'8011-8015 KALESILIKON','sealant and foam','8011-8015-kalesilikon','Moisture curing general purpose silicone sealant.','images/products/8011Kalesilikon.png','','published',59,'manuals/products/20200619173808494_8011-8015_KaleSilikon_TDS_English.pdf','','2022-09-14 09:49:07.859877','2022-09-20 06:38:21.814876',1,8,'280 ml','','','','','','','','','','','','','','','','','','','','','','','','','','','','','','','','','','','','','','',''),(346,'8021  KALEPOLYMAS','Repair','8021-kalepolymas','One-component, highly flexible polyurethane sealant for filling joints.','images/products/8021Kalepolymas.png','','published',58,'manuals/products/20210607112541511_8021_Kalepolymas_TDS_English.pdf','','2022-09-14 09:54:14.710290','2022-09-20 06:39:26.343315',1,8,'30ml','','','','','','','','','','','','','','','','','','','','','','','','','','','','','','','','','','','','','','',''),(347,'1401 TECHNOBOND PU','sealant and foam','1401-technobond-pu',' One component, multi-purpose, elastic polyurethane adhesive and sealant.','images/products/1401Technobond.png','','published',57,'manuals/products/20210607134423430_1401_Technobond_PU_TDS_English.pdf','','2022-09-14 09:58:09.756126','2022-09-19 13:16:14.628319',1,8,'310ml','','','','','','','','','','','','','','','','','','','','','','','','','','','','','','','','','','','','','','',''),(348,'8101 KALEFOAM','sealant and foam','8101-kalefoam','Single component, moisture curing multi purpose polyurethane foam that cures to a semi-rigid structure within 2-4 hours.','images/products/8101Kalefoam.png','','published',56,'manuals/products/20201023115756095_8101_Kalefoam_TDS_English.pdf','','2022-09-14 10:00:42.751611','2022-09-20 06:39:55.274906',1,8,'750ml','','','','','','','','','','','','','','','','','','','','','','','','','','','','','','','','','','','','','','',''),(349,'TECNICA  22 CW','flooring solution','tecnica-22-cw','Acrylic emulsion based, curing material to be applied after concrete, screed and cementitious surface hardener applications which prevents the water evaporation and reduces the risk of shrinkage and crack formation by film formation on the surface.','images/products/Tecnica22CW.png','','published',60,'manuals/products/20210305193908816_Tecnica_22_CW_TDS_English.pdf','','2022-09-14 10:45:49.588607','2022-09-20 07:22:36.009327',1,3,'30kg','','','','','','','','','','','','','','','','','','','','','','','','','','','','','','','','','','','','','','',''),(350,'7201 ANTIASIT','flooring solution','7201-antiasit','Acid-resistant tile suitable for industrial floorings and walls.','images/products/20190510084041220_7201_Antiasit_Urun_370x275_full.jpg','','published',56,'manuals/products/20210305193839929_Antiasit_TDS_English.pdf','','2022-09-14 10:49:15.440073','2022-09-20 06:37:09.276284',1,3,'14 MM','','','','','','','','','','','','','','','','','','','','','','','','','','','','','','','','','','','','','','',''),(351,'5600 RENKELNDIRICI','paints and decorative','5600-renklendirici','Universal concentrated pigment paste with a high degree of resistance to light and changing weather conditions developed to be used in automatic tinting system named RENK BANKASI. Color strength and consistency of RENKLENDRC are adjusted very sensitively.','images/products/20191128105901686_renklendirici_ambalaj_370x275_full.jpg','','published',60,'manuals/products/20210122182022177_5600_Renklendirici_TDS_English.pdf','','2022-09-14 12:48:32.777654','2022-10-05 18:06:00.624976',10,5,'1lt','','','','','','','','','','','','','','','','','','','','','','','','','','','','','','','','','','','','','','',''),(352,'5320 S7ANBUL SEDEF','paints and decorative','5320-is7anbul-sedef',' Acrylic emulsion based decorative interior paint with pearl effect','images/products/20191122134138360_is7anbulsedef_370x275_full.jpg','','published',58,'manuals/products/20210122183619933_5320_IS7ANBUL_Sedef_TDS_English.pdf','','2022-09-14 12:53:10.838071','2022-10-05 18:07:13.226669',10,5,'1kg','','','','','','','','','','','','','','','','','','','','','','','','','','','','','','','','','','','','','','',''),(353,'5322 S7ANBUL REFLEKTE','paints and decorative','5322-is7anbul-reflekte','Acrylic emulsion based decorative interior paint with iridescent effect','images/products/20191122134104623_is7anbulreflekte_370x275_full.jpg','','published',53,'manuals/products/20210122183710436_5322_IS7ANBUL_Reflekte_TDS_English.pdf','','2022-09-14 12:58:10.701945','2022-10-05 18:10:43.793649',10,5,'1kg','','','','','','','','','','','','','','','','','','','','','','','','','','','','','','','','','','','','','','',''),(354,'50x50 VEGA','tiles','50x50-vega','','images/products/50x50_vega.jpg','','published',750,'','','2022-09-15 06:32:48.336082','2022-09-20 06:24:02.880037',3,7,'KG','','','','','','','','','','','','','','','','','','','','','','','','','','','','','','','','','','','','','','',''),(355,'1051 KALEKIM','Adhesive','1051kalekim','cementitious ceramic tile adhesive with extended open time and reduced slip','images/products/1051.jpg','images/products/1051_ouRWGIN.jpg','published',49,'manuals/products/1051.pdf','','2022-09-15 11:20:25.916057','2022-11-05 16:11:30.875033',1,6,'25KG','','','','','','Grey','','','','','','','','','','','','','','','','','','','','','','','','','','','','','','','','25 KG',''),(356,'FAYSER STANDART','Adhesive','FAYSERSTANDART','cementitious ceramic tile adhesive','images/products/10941762404402.jpg','','published',50,'manuals/products/Fayser_Standart_TDS_EN.pdf','','2022-09-15 11:32:36.382871','2022-09-24 09:02:43.855171',1,6,'25 KG','','','','','','','','','','','','','','','','','','','','','','','','','','','','','','','','','','','','','','',''),(357,'1055 KALEKIM','Adhesive','1055-kalerkim','white cementitious ceramic tile adhesive with extanded open  time and reducted slip','images/products/10107048525874.jpg','','published',45,'manuals/products/1055.pdf','','2022-09-15 11:42:17.997245','2022-09-19 13:07:57.576227',1,6,'25KG','','','','','','','','','','','','','','','','','','','','','','','','','','','','','','','','','','','','','','',''),(358,'FAYSER FUGA','Tile Grout','fayser-fuga','cement based grout four 1 to 6 mm hoints','images/products/WhatsApp_Image_2022-09-20_at_11.17.11_AM.jpeg','','published',30,'manuals/products/Fayser_Fuga_TDS_EN.pdf','','2022-09-15 11:53:25.185338','2022-09-20 09:10:12.628871',1,14,'25 KG','','','','','','','','','','','','','','','','','','','','','','','','','','','','','','','','','','','','','','',''),(359,'1919 KALEKIM','Adhesive','1919-kalekim','white colour ,cementitious ceramic tile adhesive with reduced slip','images/products/1919.jpg','','published',33,'manuals/products/1919_KALEKM.pdf','','2022-09-15 11:56:01.923214','2022-09-19 13:18:29.514788',1,6,'25 KG','','','','','','','','','','','','','','','','','','','','','','','','','','','','','','','','','','','','','','',''),(360,'MANTO STONE WOOL R +','thermal insulation','manto-stone-wool-r','It is an unfaced stone wool boards that is produced specially with respect to TS EN 13500 standards. It is utilized at external thermal insulation composite systems for thermal insulation, sound insulation and fire safety purposes.','images/products/manto-stone-wooll-r-2518.jpg','','published',1,'manuals/products/manto-stone-wooll-r-739.pdf','','2022-09-15 12:17:28.193996','2022-09-20 07:18:10.187924',2,1,'KG','','','','','','','','','','','','','','','','','','','','','','','','','','','','','','','','','','','','','','',''),(363,'1951KALEKIM','Adhesive','1951-kalekim','cementitious ceramic tile adhesive with extanded open time and reduced slip','images/products/WhatsApp_Image_2022-09-28_at_1.12.19_PM.jpeg','','published',38,'manuals/products/1951_Kalekim_TDS_EN.pdf','','2022-09-17 06:33:05.699566','2022-09-28 10:40:12.250799',1,6,'25KG','','','','','','','','','','','','','','','','','','','','','','','','','','','','','','','','','','','','','','',''),(364,'1952 KALEKIM','Adhesive','1952-kalekim','white colour cementitious ceramic tile adhesive with reduced slip','images/products/1952.jpeg','','published',37,'manuals/products/1952_TDS_ING_0085.docx','','2022-09-17 06:37:07.986650','2022-09-20 07:33:17.025553',1,6,'25 KG','','','','','','','','','','','','','','','','','','','','','','','','','','','','','','','','','','','','','','',''),(365,'1953 KALEKIM','Adhesive','1953-kalekim','white colour ;cementitious ceramic tile adhesive','images/products/WhatsApp_Image_2022-09-20_at_11.16.55_AM.jpeg','','published',36,'manuals/products/1953_Profesyonel_Ceramic_2020_TDS_EN.pdf','','2022-09-17 07:00:27.443127','2022-09-20 08:22:57.317905',1,6,'25 KG','','','','','','','','','','','','','','','','','','','','','','','','','','','','','','','','','','','','','','',''),(366,'1954 KALEKIM','Adhesive','1954','high performance cementitious flexible adhesive with extanded open time and no verical slip ceramic tiles and stone','images/products/54.jpg','','published',35,'manuals/products/1954_Profesyonel_Marble_TDS_EN.pdf','','2022-09-17 07:08:53.060292','2022-09-19 13:20:01.414010',1,6,'25KG','','','','','','','','','','','','','','','','','','','','','','','','','','','','','','','','','','','','','','',''),(367,'1955 KALEKIM','Adhesive','1955-kalekim','high perfomance cementitious adhesive with reduced slip and extanded open time','images/products/1955.jpg','','published',34,'manuals/products/1955_Profesyonel_Porcelain_TDS_EN.pdf','','2022-09-17 07:13:06.018294','2022-09-19 13:20:27.717917',1,6,'25 KG','','','','','','','','','','','','','','','','','','','','','','','','','','','','','','','','','','','','','','',''),(368,'MS RUBBER','waterproofing','ms-rubber','It is an elastic, modified bitumen additive, single component waterproofing material based on bitumen modified pure polymer, produced with the latest technology, with excellent properties. It forms a seamless and waterproof coating after drying on the applied surfaces. Thanks to its structure, it has elastic and crack closure feature. It is suitable for use in the insulation of old or new roofs by covering and underground. It is not affected by groundwater. It adheres strongly to many dry or slightly damp surfaces, does not swell or separate over time. It is resistant to plant roots. It is suitable for use in gardens and terraces.','images/products/ms-rubber.png','','published',91,'manuals/products/ms-rubber-tds.pdf','','2022-09-17 07:25:23.052757','2022-09-17 07:25:23.052831',5,2,'5KG','','','','','','','','','','','','','','','','','','','','','','','','','','','','','','','','','','','','','','',''),(369,'NANO-CLEAN','waterproofing','nano-clean','It is a general-purpose cleaner developed for cleaning and removing the joint remnants on tiles rapidly and effectively in all kinds of ceramic applications.','images/products/nano-clean.png','','published',90,'manuals/products/TDS_EN_-_ISONEM_NANO-CLEAN_1.pdf','','2022-09-17 07:30:41.838156','2022-09-17 07:30:41.838231',5,2,'5 KG','','','','','','','','','','','','','','','','','','','','','','','','','','','','','','','','','','','','','','',''),(370,'33x33 YUKSEL','Tiles','33x33-yuksel','','images/products/WhatsApp_Image_2022-05-14_at_9.19.46_AM_5.jpeg','','published',140,'manuals/products/yuksel.pdf','','2022-09-17 12:18:21.891807','2022-09-19 19:48:21.301859',3,7,'10 KG','','','','','','','','','','','','','','','','','','','','','','','','','','','','','','','','','','','','','','',''),(371,'MOSSAICA','Tiles','mossaica','MOSSAICA glass mosaics are manufactured by casting molten glass at 950oC into molds. The raw materials are entirely recycled high quality glass. As part of the manufacturing process all mosaics are fully annealed to enhance durability.','images/products/WhatsApp_Image_2022-05-14_at_9.21.25_AM.jpeg','images/products/WhatsApp_Image_2022-05-14_at_9.19.46_AM_10.jpeg','published',140,'manuals/products/MOSAAICA.pdf','','2022-09-17 12:29:51.930525','2022-09-17 12:29:51.930590',3,7,'10KG','','','','','','','','','','','','','','','','','','','','','','','','','','','','','','','','','','','','','','',''),(372,'12x24.5 KALE','Tiles','12x245-kale','','images/products/WhatsApp_Image_2022-05-14_at_9.19.46_AM_2.jpeg','','published',140,'manuals/products/kalleee.pdf','','2022-09-17 12:36:08.551538','2022-09-19 13:14:34.662821',3,7,'8 KG','','','','','','','','','','','','','','','','','','','','','','','','','','','','','','','','','','','','','','',''),(373,'T-POL 3600','epoxy and polyurethane','t-pol-3600','This is a top coat paint of two components, based on polyurethane/acrylic-isocyanate. Its most significant properties are glossiness, long-lasting glossy state, and high resistance to solvents and scratches.','images/products/WhatsApp_Image_2022-09-18_at_9.23.48_AM7777777.jpeg','','published',5,'manuals/products/tpol3600.pdf','','2022-09-18 06:24:35.004970','2022-09-28 12:51:40.478242',4,4,'20KG','','','','','','','','','','','','','','','','','','','','','','','','','','','','','','','','','','','','','','',''),(374,'4210 GROUTART','Repair','4210groutart','cement based ,polyumer modified ,non-shrink ,high fluid,single , component grout mortar','images/products/4210Groutart.png','','published',1,'manuals/products/20210305190736288_4210_Groutart_TDS_English_2.pdf','','2022-09-19 06:31:37.462781','2022-09-25 12:30:52.261280',1,9,'25 KG','','','','','','','','','','','','','','','','','','','','','','','','','','','','','','','','','','','','','','',''),(375,'4003 TAMIRART W','Repair','4003TAMIRARTW','cementitious,polymer reinforced filling and repair rendering for smoothing surface prior to painting','images/products/4005TamirartW.png','','published',1,'manuals/products/20210517151609099_4003_Tamirart_W_TDS_English.pdf','','2022-09-19 06:35:13.980401','2022-09-19 20:00:18.879923',1,9,'25 KG','','','','','','','','','','','','','','','','','','','','','','','','','','','','','','','','','','','','','','',''),(376,'3028 KALEKIM','waterproofing','3028-kalekim','Flexible waterproofin\r\notection mortar corsistina of emission\r\nSad ligid component and cement-based powder component conte nina\r\nchem cal Sadi wes thst increase water impermesory and workably.','images/products/WhatsApp_Image_2022-09-19_at_9.38.24_AM.jpeg','','published',1,'manuals/products/WhatsApp_Image_2022-09-19_at_9.02.22_AM.jpeg','','2022-09-19 06:40:58.909241','2022-09-19 19:40:04.013528',1,2,'25KG','','','','','','','','','','','','','','','','','','','','','','','','','','','','','','','','','','','','','','',''),(377,'5004 KALEKIM LATEX SBR','Additive','5004-kalekim-latex-sbr','Water dispersion of a synthetic elastomer (BR based) for improving workability and water impermeability when\r\nmixed with cementitious mortars like renders, screeds, repair mortars, adhesive slurries','images/products/lateksnaja-dobavka-kalekim-latex-5004-4-l.jpg','','published',55,'manuals/products/5004_Latex_SBR_TDS_EN_3.pdf','','2022-09-19 13:06:03.892542','2022-09-25 08:11:42.467374',1,10,'5LT','','','','','','','','','','','','','','','','','','','','','','','','','','','','','','','','','','','','','','',''),(378,'60x120 UNDERGROUND DECOR','Tiles','60x120underground','','images/products/P19824_1.jpg','','published',851,'','','2022-09-20 08:07:46.717530','2022-09-20 08:11:48.637224',3,7,'KG','','','','','','','','','','','','','','','','','','','','','','','','','','','','','','','','','','','','','','',''),(379,'DOLPHEN','Tiles','dolphen','','images/products/WhatsApp_Image_2022-09-20_at_12.42.50_PM.jpeg','','published',1,'','','2022-09-20 09:44:02.069337','2022-09-20 09:44:02.069473',3,7,'KG','','','','','','','','','','','','','','','','','','','','','','','','','','','','','','','','','','','','','','',''),(380,'GIPS HAND PLASTER','plaster','gips-hand-plaster','Its mixed with a constant amount of water to get a homogeneous mixture. This mixture is used for plastering concrete, brick and brick light surfaces.','images/products/WhatsApp_Image_2022-09-20_at_2.07.33_PM.jpeg','','published',5,'manuals/products/Gips_Hand_Plaster_MSDS_.pdf','','2022-09-20 10:55:57.267557','2022-09-24 06:10:57.174483',6,11,'30 KG','','','','','','','','','','','','','','','','','','','','','','','','','','','','','','','','','','','','','','',''),(381,'GIPS SATIN','plaster','gips-satin','Its mixed with a constant amount of water to get a homogeneous mixture. This mixture is used for plastering concrete, brick and brick light surfaces.','images/products/WhatsApp_Image_2022-09-20_at_2.08.34_PM.jpeg','','published',4,'manuals/products/Gips_Satin_Surface_Finishin_Plaster_MSDS.pdf','','2022-09-20 11:02:44.375458','2022-09-24 06:10:39.621566',6,11,'25 KG','','','','','','','','','','','','','','','','','','','','','','','','','','','','','','','','','','','','','','',''),(382,'GIPS SPRAY','plaster','gips-spray','Its mixed with a constant amount of water to get a homogeneous mixture. This mixture is used for plastering concrete, brick and brick light surfaces.','images/products/WhatsApp_Image_2022-09-20_at_2.06.02_PM.jpeg','','published',5,'manuals/products/Gips_Spray_Plaster_MSDS.pdf','','2022-09-20 11:06:32.850384','2022-09-24 06:11:30.116274',6,11,'35 KG','','','','','','','','','','','','','','','','','','','','','','','','','','','','','','','','','','','','','','',''),(383,'5181 TAVAN (CEILING PAINT)','paints and decorative','5181-tavan-ceiling-paint',' Acrylic emulsion based ceiling paint','images/products/20191122135748456_tavanplastik_370x275_full.jpg','','published',1,'manuals/products/20210122181306234_5181_Tavan_Plastigi_TDS_English.pdf','','2022-09-28 20:30:10.966624','2022-09-29 08:56:10.051745',1,5,'20KG','','','','','','','','','','','','','','','','','','','','','','','','','','','','','','','','','','','','','','',''),(384,'5030 DREWA','plaster','5030-drewa','Acrylic emulsion based, trowel applied, coarse, ready mixed, interior and exterior, natural colored marble chip plaster','images/products/20191122133432097_drewa_370x275_full.jpg','','published',1,'manuals/products/20210122105633524_5030_Drewa_TDS_English.pdf','','2022-09-28 20:34:12.467724','2022-09-28 20:34:12.467800',1,11,'25 KG','','','','','','','','','','','','','','','','','','','','','','','','','','','','','','','','','','','','','','',''),(385,'5035 MIKRO DREWA','plaster','5035-mikro-drewa','Acrylic emulsion based, trowel applied, fine, ready mixed, interior and exterior surfaces natural colored marble chip plaster','images/products/20191122135237623_mikrodrewa_370x275_full.jpg','','published',1,'manuals/products/20210122105724623_5035_Mikro_Drewa_TDS_English.pdf','','2022-09-28 20:38:47.461459','2022-09-29 08:27:29.213957',1,11,'25KG','','','','','','','','','','','','','','','','','','','','','','','','','','','','','','','','','','','','','','',''),(386,'5055 RENUTEX PLUS','plaster','5055-renutex-plus','Acrylic emulsion based, roller applied, fine, siliconeen hanced, exterior and interior ready mixed plasterthat can be applied in different thicknesses and textures by the use of a trowel or roller.','images/products/20191122135515839_Renotexplus_370x275_full.jpg','','published',1,'manuals/products/20210122105828028_5055_Renotex_Plus_TDS_English.pdf','','2022-09-28 20:42:14.553611','2022-09-28 20:42:14.553705',1,11,'25KG','','','','','','','','','','','','','','','','','','','','','','','','','','','','','','','','','','','','','','',''),(387,'SB SUPER COMPONENT','waterproofing','sb-supercomponent','It is a highly resistant insulating coating with strong adhesion, excellent water resistance and UV resistance, consisting of a special mineral filler and polymer components. ISONEM SB does not wear due to its structure, unlike other insulation materials. Therefore, it is very suitable for use on concrete roofs, terraces, walkways, asphalt pavements, tennis courts, and sports areas. The product is not affected by UV, snow, rain, water. If required, all kinds of ceramic, marble and similar coating can be applied on it. Economical and long lasting. No harm to human health.','images/products/SB-EN.png','','published',1,'manuals/products/isonem-sb.pdf','','2022-09-29 08:08:03.902879','2022-09-29 08:14:10.366242',5,2,'20KG','','','','','','','','','','','','','','','','','','','','','','','','','','','','','','','','','','','','','','',''),(388,'T POX 2800','epoxy and polyurethane','t-pox-2800','','','','published',1,'manuals/products/T-POX_2800_ZR____________TWO_COMPONENT_EPOXY_RESIN_BASED_PRIMER_-_ZINC__87fEGnO.pdf','','2022-10-01 07:39:54.883956','2022-10-01 11:43:50.468729',4,4,'20 KG','','','','','','','','','','','','','','','','','','','','','','','','','','','','','','','','','','','','','','',''),(389,'EXTERNAL WALL THERMAL INSULATION STONE WOOL BOARD','thermal insulation','external-wall-thermal-insulation-stone-wool-board','By interlocking the fibers in stone wool board to form a complex fiber structure, resistance to withstand high pressure at lower densities is created. Braid\r\nfiber structure makes the sheathing implementation on the stone wool surface stronger. In this way, physical load carrying rate on the structure is being increased.\r\n Used for thermal and sound insulation and fire safety on external facades.','images/products/WhatsApp_Image_2022-10-17_at_10.29.08_AM.jpeg','','published',1,'manuals/products/150_100.pdf','','2022-10-18 09:00:30.594096','2022-10-18 09:00:30.594163',8,1,'KG','','','','','','','','','','','','','','','','','','','','','','','','','','','','','','','','','','','','','','',''),(390,'PARTITION BOARD','thermal insulation','partition-board','Mineral wool - Thermal insulation material formed by melting of basalt stone at\r\n1350C-1400C into fiber -For thermal, sound and fire insulation\r\nUsed for thermal, sound and fire insulation for partition walls','images/products/WhatsApp_Image_2022-10-17_at_10.36.38_AM.jpeg','','published',1,'manuals/products/70_50.pdf','','2022-10-18 09:03:27.915010','2022-10-18 09:03:27.915066',8,1,'KG','','','','','','','','','','','','','','','','','','','','','','','','','','','','','','','','','','','','','','',''),(391,'ROOF MATTRESS','thermal insulation','roof-mattress',' Roof mattress, unfaced, one or both sides covered with aluminum foil.\r\nUSAGE AREAS\r\n Roof surfaces,\r\n Between the purlin spacings.','images/products/WhatsApp_Image_2022-10-17_at_10.40.55_AM.jpeg','','published',1,'manuals/products/40_50.pdf','','2022-10-18 09:05:49.731171','2022-10-18 09:05:49.731238',8,1,'KG','','','','','','','','','','','','','','','','','','','','','','','','','','','','','','','','','','','','','','',''),(392,'PREFABRICATED PIPE','thermal insulation','prefabricated-pipe','Non-coated or aluminum foil coated stone wool pipe used in mechanical installation insulations.\r\n Launched to the market in boxes.\r\nUSAGE AREAS\r\n Used for thermal saving and fire insulation in high temperature industrial and installation pipes.\r\n Used for sound and vibration insulation in process equipment.\r\nIMPLEMENTATION\r\n It is implemented noncoated or covered with aluminum foil depending on the area of use. After the prefabricated pipe, joints are fixed with screws, rivets, clamping or bonding method, with a special tape in aluminum foil.','images/products/WhatsApp_Image_2022-10-17_at_10.44.46_AM.jpeg','','published',1,'','','2022-10-18 09:07:35.632482','2022-10-18 09:07:35.632547',8,1,'KG','','','','','','','','','','','','','','','','','','','','','','','','','','','','','','','','','','','','','','',''),(393,'CERAMIC FIBER','thermal insulation','ceramic-fiber','Ravatherm Ceramic Fiber is an insulating material that is used for applications in between 750C and 1430C thermal insulation needed, which is consist of (spun technology) long, flexible and combined woven fibers. Ceramic fiber consists three elements basicly; silica, alumina and zirconium and it is a thermal insulation material for high temperature. Ravatherm Ceramic Fiber blanket is used in the industrial furnace insulation, boiler, pipe and chimneys insulation and it also used in all technical insulations, which requires high temperature.','','','published',1,'','','2022-10-18 09:10:37.058477','2022-10-18 09:10:37.058510',8,1,'KG','','','','','','','','','','','','','','','','','','','','','','','','','','','','','','','','','','','','','','','');
/*!40000 ALTER TABLE `website_product` ENABLE KEYS */;
UNLOCK TABLES;

--
-- Table structure for table `website_project`
--

DROP TABLE IF EXISTS `website_project`;
/*!40101 SET @saved_cs_client     = @@character_set_client */;
/*!40101 SET character_set_client = utf8 */;
CREATE TABLE `website_project` (
  `id` int(11) NOT NULL AUTO_INCREMENT,
  `name` varchar(100) NOT NULL,
  `slug` varchar(50) NOT NULL,
  `challenge` longtext NOT NULL,
  `description_1` longtext NOT NULL,
  `image_1` varchar(100) DEFAULT NULL,
  `order` int(11) DEFAULT NULL,
  `city` varchar(20) NOT NULL,
  PRIMARY KEY (`id`),
  UNIQUE KEY `slug` (`slug`)
) ENGINE=InnoDB AUTO_INCREMENT=14 DEFAULT CHARSET=utf8;
/*!40101 SET character_set_client = @saved_cs_client */;

--
-- Dumping data for table `website_project`
--

LOCK TABLES `website_project` WRITE;
/*!40000 ALTER TABLE `website_project` DISABLE KEYS */;
INSERT INTO `website_project` VALUES (4,'Miran city','miran-city','','','images/projects/312090983_183309164210310_1688447852785011218_n.jpg',1,'sulaimanya'),(5,'Dania City','dania-city','','','images/projects/Dania_city.jpeg',1,'sulaimanya'),(6,'Empire Tower','empire-tower','','','images/projects/_.jpg',1,'sulaimanya'),(7,'Noble Tower','noble-tower','','','images/projects/_.jpg',1,'erbil'),(8,'White Tower','white-tower','','','images/projects/_.jpg',2,'erbil'),(9,'Shahan Tower','shahan-tower','','','images/projects/Shahan_Tower.jpg',1,'duhok'),(10,'Shari Bashur','shari-bashur','','','images/projects/_.jpg',1,'sulaimanya'),(11,'Naz City','naz-city','','','images/projects/Untitled_design1.jpg',1,'erbil'),(12,'Naz City 2018','naz-city-2018','','','images/projects/naz-city.jpg',1,'erbil'),(13,'Empire World','empire-world','','','images/projects/Untitled_design2.jpg',1,'erbil');
/*!40000 ALTER TABLE `website_project` ENABLE KEYS */;
UNLOCK TABLES;

--
-- Table structure for table `website_project_categories`
--

DROP TABLE IF EXISTS `website_project_categories`;
/*!40101 SET @saved_cs_client     = @@character_set_client */;
/*!40101 SET character_set_client = utf8 */;
CREATE TABLE `website_project_categories` (
  `id` int(11) NOT NULL AUTO_INCREMENT,
  `project_id` int(11) NOT NULL,
  `category_id` int(11) NOT NULL,
  PRIMARY KEY (`id`),
  UNIQUE KEY `website_project_categories_project_id_category_id_5b386107_uniq` (`project_id`,`category_id`),
  KEY `website_project_cate_category_id_a5eb79df_fk_website_c` (`category_id`),
  CONSTRAINT `website_project_cate_category_id_a5eb79df_fk_website_c` FOREIGN KEY (`category_id`) REFERENCES `website_category` (`id`),
  CONSTRAINT `website_project_cate_project_id_84e482d2_fk_website_p` FOREIGN KEY (`project_id`) REFERENCES `website_project` (`id`)
) ENGINE=InnoDB AUTO_INCREMENT=23 DEFAULT CHARSET=utf8;
/*!40101 SET character_set_client = @saved_cs_client */;

--
-- Dumping data for table `website_project_categories`
--

LOCK TABLES `website_project_categories` WRITE;
/*!40000 ALTER TABLE `website_project_categories` DISABLE KEYS */;
INSERT INTO `website_project_categories` VALUES (12,4,1),(13,5,1),(14,6,1),(15,7,1),(16,8,1),(17,9,1),(18,10,1),(19,11,5),(20,12,5),(21,13,2),(22,13,5);
/*!40000 ALTER TABLE `website_project_categories` ENABLE KEYS */;
UNLOCK TABLES;

--
-- Table structure for table `website_project_products`
--

DROP TABLE IF EXISTS `website_project_products`;
/*!40101 SET @saved_cs_client     = @@character_set_client */;
/*!40101 SET character_set_client = utf8 */;
CREATE TABLE `website_project_products` (
  `id` int(11) NOT NULL AUTO_INCREMENT,
  `project_id` int(11) NOT NULL,
  `product_id` int(11) NOT NULL,
  PRIMARY KEY (`id`),
  UNIQUE KEY `website_project_products_project_id_product_id_4d83aecb_uniq` (`project_id`,`product_id`),
  KEY `website_project_prod_product_id_7e9140e4_fk_website_p` (`product_id`),
  CONSTRAINT `website_project_prod_product_id_7e9140e4_fk_website_p` FOREIGN KEY (`product_id`) REFERENCES `website_product` (`id`),
  CONSTRAINT `website_project_prod_project_id_45056659_fk_website_p` FOREIGN KEY (`project_id`) REFERENCES `website_project` (`id`)
) ENGINE=InnoDB AUTO_INCREMENT=31 DEFAULT CHARSET=utf8;
/*!40101 SET character_set_client = @saved_cs_client */;

--
-- Dumping data for table `website_project_products`
--

LOCK TABLES `website_project_products` WRITE;
/*!40000 ALTER TABLE `website_project_products` DISABLE KEYS */;
INSERT INTO `website_project_products` VALUES (13,4,27),(14,5,3),(15,5,27),(16,6,3),(17,6,28),(18,6,171),(19,7,3),(20,8,3),(21,9,3),(22,10,3),(24,11,277),(25,11,278),(26,12,277),(27,12,278),(29,13,277),(30,13,278),(28,13,282);
/*!40000 ALTER TABLE `website_project_products` ENABLE KEYS */;
UNLOCK TABLES;

--
-- Table structure for table `website_salepoint`
--

DROP TABLE IF EXISTS `website_salepoint`;
/*!40101 SET @saved_cs_client     = @@character_set_client */;
/*!40101 SET character_set_client = utf8 */;
CREATE TABLE `website_salepoint` (
  `id` int(11) NOT NULL AUTO_INCREMENT,
  `name` varchar(100) DEFAULT NULL,
  `address` varchar(100) DEFAULT NULL,
  `city` varchar(100) DEFAULT NULL,
  `phone_number` varchar(128) DEFAULT NULL,
  `email` varchar(254) NOT NULL,
  `active` tinyint(1) NOT NULL,
  PRIMARY KEY (`id`)
) ENGINE=InnoDB AUTO_INCREMENT=2 DEFAULT CHARSET=utf8;
/*!40101 SET character_set_client = @saved_cs_client */;

--
-- Dumping data for table `website_salepoint`
--

LOCK TABLES `website_salepoint` WRITE;
/*!40000 ALTER TABLE `website_salepoint` DISABLE KEYS */;
INSERT INTO `website_salepoint` VALUES (1,'Dastayofki','100 m','erbil','+9647504939563','mmajid@bis-kurdistan.co.uk',0);
/*!40000 ALTER TABLE `website_salepoint` ENABLE KEYS */;
UNLOCK TABLES;

--
-- Table structure for table `website_theme`
--

DROP TABLE IF EXISTS `website_theme`;
/*!40101 SET @saved_cs_client     = @@character_set_client */;
/*!40101 SET character_set_client = utf8 */;
CREATE TABLE `website_theme` (
  `id` int(11) NOT NULL AUTO_INCREMENT,
  `name` varchar(10) DEFAULT NULL,
  `default_theme` tinyint(1) NOT NULL,
  `pany_logo` varchar(100) DEFAULT NULL,
  `pany_logo_retina` varchar(100) DEFAULT NULL,
  `header_background_brand` varchar(100) DEFAULT NULL,
  `header_background_category` varchar(100) DEFAULT NULL,
  `header_background_project` varchar(100) DEFAULT NULL,
  `header_background_product` varchar(100) DEFAULT NULL,
  `header_background_about_us` varchar(100) DEFAULT NULL,
  `header_background_contact_us` varchar(100) DEFAULT NULL,
  `slyder_image_1` varchar(100) DEFAULT NULL,
  `slyder_title_1` varchar(100) DEFAULT NULL,
  `slyder_text_1` varchar(200) DEFAULT NULL,
  `slyder_image_2` varchar(100) DEFAULT NULL,
  `slyder_title_2` varchar(100) DEFAULT NULL,
  `slyder_text_2` varchar(200) DEFAULT NULL,
  `slyder_image_3` varchar(100) DEFAULT NULL,
  `slyder_title_3` varchar(100) DEFAULT NULL,
  `slyder_text_3` varchar(200) DEFAULT NULL,
  `slyder_image_4` varchar(100) DEFAULT NULL,
  `slyder_title_4` varchar(100) DEFAULT NULL,
  `slyder_text_4` varchar(200) DEFAULT NULL,
  `slyder_image_5` varchar(100) DEFAULT NULL,
  `slyder_title_5` varchar(100) DEFAULT NULL,
  `slyder_text_5` varchar(200) DEFAULT NULL,
  `slyder_image_6` varchar(100) DEFAULT NULL,
  `slyder_title_6` varchar(100) DEFAULT NULL,
  `slyder_text_6` varchar(200) DEFAULT NULL,
  `quote_title` varchar(100) NOT NULL,
  `quote_text` varchar(100) NOT NULL,
  `intro_title` varchar(100) NOT NULL,
  `intro_description` longtext NOT NULL,
  `sale_points` int(11) DEFAULT NULL,
  `products` int(11) DEFAULT NULL,
  `trucks_per_year` int(11) DEFAULT NULL,
  `projects_supplied` int(11) DEFAULT NULL,
  `experience_years` int(11) DEFAULT NULL,
  `experience_years_image` varchar(100) DEFAULT NULL,
  `about_us_text` longtext NOT NULL,
  `about_us_signature` varchar(100) DEFAULT NULL,
  `about_us_name` varchar(100) NOT NULL,
  `about_us_position` varchar(100) NOT NULL,
  `about_us_image` varchar(100) DEFAULT NULL,
  `our_category_text` longtext NOT NULL,
  `why_choose_use_1_title` varchar(100) NOT NULL,
  `why_choose_use_1_text` varchar(200) NOT NULL,
  `why_choose_use_2_title` varchar(100) NOT NULL,
  `why_choose_use_2_text` varchar(200) NOT NULL,
  `why_choose_use_3_title` varchar(100) NOT NULL,
  `why_choose_use_3_text` varchar(200) NOT NULL,
  `why_choose_use_image` varchar(100) DEFAULT NULL,
  `background_categories` varchar(100) DEFAULT NULL,
  `background_contact_us` varchar(100) DEFAULT NULL,
  `footer_image` varchar(100) DEFAULT NULL,
  `slyder_image_7` varchar(100) DEFAULT NULL,
  `slyder_image_8` varchar(100) DEFAULT NULL,
  `slyder_text_7` varchar(200) DEFAULT NULL,
  `slyder_text_8` varchar(200) DEFAULT NULL,
  `slyder_title_7` varchar(100) DEFAULT NULL,
  `slyder_title_8` varchar(100) DEFAULT NULL,
  `header_background_document` varchar(100) DEFAULT NULL,
  `phone_number` varchar(21) NOT NULL,
  PRIMARY KEY (`id`)
) ENGINE=InnoDB AUTO_INCREMENT=2 DEFAULT CHARSET=utf8;
/*!40101 SET character_set_client = @saved_cs_client */;

--
-- Dumping data for table `website_theme`
--

LOCK TABLES `website_theme` WRITE;
/*!40000 ALTER TABLE `website_theme` DISABLE KEYS */;
INSERT INTO `website_theme` VALUES (1,'theme_1',1,'images/themes/Logo.png','images/themes/Logo_ZKEpZYs.png','images/themes/Brands_Header.jpg','','images/themes/Projects_Header.jpg','images/themes/Products_Header.jpg','images/themes/About-Us_Header.jpg','images/themes/Contact-us_Header.jpg','images/themes/Kalekim_1954.jpg','1954 PROFESYONEL MARBLE','High performance cementitious flexible adhesive with extended open time and reduced slip for ceramic tiles and stones.','images/themes/FN50.jpg','Thermal Insulation Plaster MOMENTUM FN-50','Cement based, expanded glass bead granule filled, polymer reinforced, special ,exterior and interior thermal insulation plaster.','images/themes/3.jpg','YURTBAY SERAMIK','Yurtbay Seramik stands out with its stylish and unique concept series that essentially carry the traces of natural textures inspired from the nature.','images/themes/4.jpg','T - POX 3100','is a low viscosity, solvent-free, two components, self-leveling, multi-purpose epoxy based coating.','images/themes/5.jpg','Kalekim 3151 ELASTICOOL','Acrylic dispersion based, one component, liquid plastic coating and waterproofing material which is highly elastic, and saves energy by reflecting radial heat energy on the surface of roofs.','images/themes/6.jpg','Kale Boya - 5122 JOKER PLUS EXT','Acrylic emulsion based, silicone enhanced, water repellent, long lasting exterior wall paint.','Excellent services','Send us an email to get started on your project, and we\'ll give you a contact right away.','Facts & figures','Since the company\'s inception to the moment, its policy has been to provide the finest materials and maintain up with modern construction technology, incorporating them as materials, experience, and work cadres, and making them readily available to the average investor and projects, whether they belong to public or private sector.\r\nWith the fact that we provide high-quality construction supplies, our company stands out from the competition. We have branches and departments for our materials all across Iraq, from Zakho to Basra.',100,1000,1500,200,18,'images/themes/Experience-frame-01_2_uXUkaHH.png','One of the leading businesses in processing and supplying construction materials, particularly engineering processing content in the Kurdistan region and Iraq.\r\nPany company was founded in 2004 with Turkish ceramics, upon becoming specialized in it, then lately evolving into one of the most importers and sellers of Turkish ceramics in Iraq, with particularly the Yurtbay Ceramics brand. It now has 113 main branches and retail stores in all over Iraq and has continued to expand its range of services, specializing in structural insulators, including waterproofing, thermal, acoustic, and fire insulators, among other things.\r\nOne of the most significant areas of our work in the company has been the floor treatments department, specifically epoxy, for which we offer specialist management and experienced team, we are pleased to announce that floor remedies and treatments are our area of expertise.\r\nThe following Turkish brands officially have our firm as their exclusive representative:\r\n	Yurtbay Ceramic.\r\n	Isonem for floors, water, and heat treatments.\r\n	Tesay for ceramic expansion joint accessories, including treads, angles, and segments.\r\n	Kalekim for Exterior and Interior Pigments, Adhesives, and Waterproofing\r\n	Izocam compressed cork insulation.\r\n	Momentum is a specialist in thermal insulation  and construction chemicals.','','Farhad Shahin','CEO of PANY','images/themes/WhatsApp_Image_2021-08-19_at_3.29.54_PM.jpeg','Our company, with its distinguished staff, held numerous of seminars in most cities for hundreds of engineers and contractors in order to promote its products and inform participants about new building and construction technology. It played a significant and recognized role in the development and enhancement of building and project efficiency.','Expert & Profestional','we offer the highest caliber of service throughout Iraq, as an exclusive agent.','High quality service','We provides the greatest and high-quality materials.','Affordable prices','we provide quality product and services under the supervision of well experienced Engineers and Architects to your doorstep on very affordable prices.','images/themes/Why-choose-us-01.jpg','images/themes/Untitled-7-01.png','images/themes/Contact-Us-01.png','images/themes/footer_1024x366_overlay_02.jpg','images/themes/7.jpg','images/themes/ArtFloor.jpg','It is produced by extrusion from polystyrene raw materials. It can be produced as a plate in different size and compression strength.','The Artfloor laminate flooring, which is a complete flooring system, is produced in the AC3, AC4 and AC5 alternatives, as a material obtained by the coating of two surfaces using materials such as dec','Extruded Polystyrene (XPS)','Laminate Flooring','','(+964) 750 450 6664');
/*!40000 ALTER TABLE `website_theme` ENABLE KEYS */;
UNLOCK TABLES;
/*!40103 SET TIME_ZONE=@OLD_TIME_ZONE */;

/*!40101 SET SQL_MODE=@OLD_SQL_MODE */;
/*!40014 SET FOREIGN_KEY_CHECKS=@OLD_FOREIGN_KEY_CHECKS */;
/*!40014 SET UNIQUE_CHECKS=@OLD_UNIQUE_CHECKS */;
/*!40101 SET CHARACTER_SET_CLIENT=@OLD_CHARACTER_SET_CLIENT */;
/*!40101 SET CHARACTER_SET_RESULTS=@OLD_CHARACTER_SET_RESULTS */;
/*!40101 SET COLLATION_CONNECTION=@OLD_COLLATION_CONNECTION */;
/*!40111 SET SQL_NOTES=@OLD_SQL_NOTES */;

-- Dump completed on 2023-08-10  8:34:55
